{
  "celebrationTitle": "19 décembre",
  "liturgicalGrade": 9,
  "liturgicalColor": "violet",
  "readingsBiblicalReadingTitle": "Chute de Babylone",
  "readingsBiblicalReadingRef": "Is 47, 1.3b-15",
  "readingsBiblicalReadingContent": "<p>Descends, assieds-toi dans la poussière, vierge, fille de Babylone&nbsp;! Assieds-toi par terre, tu n’as plus de trône, fille des Chaldéens, car on ne t’appellera plus «&nbsp;la délicate, la raffinée&nbsp;».</p> <p>J’exercerai ma vengeance, personne ne m’en empêchera. —&nbsp;Notre rédempteur se nomme le SEIGNEUR de l’univers, le Saint d’Israël.</p> <p>Assieds-toi donc sans un mot, enfonce-toi dans les ténèbres, fille des Chaldéens, car on ne t’appellera plus «&nbsp;Souveraine des royaumes&nbsp;». J’étais irrité contre mon peuple&nbsp;: j’avais profané mon héritage et je les avais livrés entre tes mains. Tu ne leur as montré aucune compassion. Sur le vieillard, tu as durement appesanti ton joug. Tu disais&nbsp;: «&nbsp;Je serai pour toujours, perpétuellement souveraine.&nbsp;» Tu n’as pas pris à cœur ces choses-là, ni songé à cette fin.</p> <p>Maintenant, écoute donc, voluptueuse, toi qui trônais avec assurance et disais en ton cœur&nbsp;: «&nbsp;Moi, et rien que moi&nbsp;! Je ne serai jamais veuve ni ne connaîtrai la privation d’enfants.&nbsp;» Eh bien, ces deux malheurs fondront sur toi d’un seul coup, en un jour&nbsp;: privation d’enfants et veuvage&nbsp;; tous ces malheurs fondent sur toi, malgré le nombre de tes sorcelleries, malgré la puissance de ta magie.</p> <p>Tu tirais assurance de ta malice&nbsp;; tu disais&nbsp;: «&nbsp;Personne ne me voit&nbsp;!&nbsp;» C’est ta sagesse et ta science qui t’ont égarée. En ton cœur tu disais&nbsp;: «&nbsp;Moi, et rien que moi&nbsp;!&nbsp;» Un malheur va fondre sur toi, sans que tu puisses le conjurer&nbsp;; un désastre te frappera, sans que tu puisses y échapper&nbsp;; soudain fondra sur toi une tourmente que tu ne connais pas.</p> <p>Reste donc avec ta magie et tes nombreuses sorcelleries pour lesquelles tu t’es fatiguée dès ta jeunesse&nbsp;: peut-être pourras-tu en tirer profit, et peut-être te rendras-tu redoutable&nbsp;! Tu t’es épuisée à force de consultations. Qu’ils se lèvent donc et qu’ils te sauvent, ceux qui scrutent le ciel, qui observent les étoiles et, à chaque nouvelle lune, font connaître ce qui t’arrivera&nbsp;!</p> <p>Voici qu’ils sont comme de la paille&nbsp;: le feu les brûlera, ils ne pourront échapper à l’étreinte des flammes&nbsp;; ce ne seront pas des braises pour se chauffer, ni la flambée devant laquelle on s’assied&nbsp;! Voilà comment te serviront ceux pour qui tu t’es fatiguée, ceux qui trafiquèrent avec toi depuis ta jeunesse&nbsp;; chacun s’est fourvoyé de son côté, et pas un qui te sauve.</p>",
  "readingsBiblicalReadingResponsory": "<p>R/ Seigneur, tu choisis les pauvres comme héritiers du Royaume&nbsp;!</p> Tu écoute le désir des pauvres, tu les accueilles, tu les rassures.</p> Pour le pauvre qu’on opprime, le malheureux qui gémit, maintenant je me lève, dit le Seigneur.</p>",
  "readingsPatristicReadingTitle": "TRAITÉ DE S. IRÉNÉE CONTRE LES HÉRÉSIES",
  "readingsPatristicReadingSubtitle": "«&nbsp;Dieu parmi nous&nbsp;»",
  "readingsPatristicReadingContent": "<p>La gloire de l’homme c’est Dieu&nbsp;; mais le propre de l’homme, c’est de recevoir l’œuvre de Dieu, toute sa sagesse et sa force. Comme un médecin fait ses preuves auprès des malades, ainsi Dieu se manifeste aux hommes. Et voilà pourquoi Paul déclare&nbsp;:<i>Dieu a tout enfermé dans l’incrédulité, pour accorder à tous sa miséricorde</i>; et il disait cela de l’homme&nbsp;: l’homme avait désobéi à Dieu, et avait été rejeté de l’immortalité&nbsp;; il a ensuite obtenu par le Fils de Dieu la miséricorde qui lui permet de recevoir par le Fils l’adoption filiale.</p> <p>Car celui qui, sans orgueil ni prétention, garde la vérité quant aux choses créées, et quant au Créateur, Dieu, le maître de toutes les choses auxquelles il donne d’être, celui-là qui demeure dans son amour, dans la soumission et l’action de grâce, il recevra de Dieu une gloire plus grande et de devenir progressivement semblable à celui qui est mort pour nous.</p> <p>Car voici que le Verbe s’est fait<i>semblable à la chair de péché</i>&nbsp;: cela d’abord pour condamner le péché et, en tant que condamné, le rejeter hors de la chair, cela aussi pour inciter l’homme à lui devenir semblable en lui donnant mission d’être l’imitateur de Dieu, en le rangeant sous l’obédience du Père, pour qu’il voie Dieu, et en lui donnant de saisir le Père.</p> <p>Oui, c’est le Verbe de Dieu, qui a habité en l’homme, et qui s’est fait fils de l’homme, pour habituer l’homme à recevoir Dieu, et habituer Dieu à habiter en l’homme comme cela paraissait bon au Père.</p> <p>Voilà pourquoi le Seigneur lui-même nous a donné le signe de notre salut&nbsp;; c’est<i>Dieu parmi nous</i>né de la Vierge. En effet le Seigneur lui-même a sauvé les hommes, car les hommes ne pouvaient d’eux-mêmes se sauver. Cette infirmité de l’homme, Paul la proclame en ces termes&nbsp;:<i>Je sais que le bien n’habite pas en ma chair</i>. Il veut dire par là que le bien de notre salut ne vient pas de nous mais de Dieu. Il dit encore&nbsp;:<i>Pauvre de moi, qui me libérera de ce corps de mort&nbsp;?</i>et il nous présente alors le libérateur&nbsp;:<i>la grâce de Jésus Christ notre Seigneur</i>. Isaïe a dit de même&nbsp;:<i>Soyez fermes, mains molles et genoux tremblants. Courage&nbsp;! Cœurs faibles. Soyez fermes et ne craignez pas&nbsp;! Voici notre Dieu&nbsp;: il prononcera son jugement et rendra justice&nbsp;: il viendra lui-même nous sauver</i>. Car nous ne pouvons être sauvés par nous-mêmes, mais par le secours de Dieu.</p>",
  "readingsPatristicReadingResponsory": "<p>R/ Réjouissez-vous dans le Seigneur&nbsp;! Réjouissez-vous, car il est proche&nbsp;!</p> Ta complaisance, Seigneur, est pour la terre, tu fais revenir les captifs de Jacob.</p> N’est-ce pas toi qui reviens nous vivifier&nbsp;? Et ton peuple en toi se réjouit.</p> Justice marchera devant lui, et paix sur la trace de ses pas.</p>",
  "morningEvangelicAntiphon": "Comme un soleil, le Sauveur se lèvera. Comme la pluie sur le gazon, il descendra dans le sein de la Vierge, alléluia.",
  "morningReadingRef": "Is 2, 3",
  "morningReading": "Venez, montons à la montagne du Seigneur, au temple du Dieu de Jacob. Il nous enseignera ses chemins et nous suivrons ses sentiers. Car c’est de Sion que vient la Loi, de Jérusalem la parole du Seigneur.",
  "morningIntercession": "<p>Frères bien-aimés, prions le Christ qui vient sauver de la mort ceux qui se tournent vers lui&nbsp;:</p> <p>R/Viens, Seigneur Jésus&nbsp;! Viens, source de vie&nbsp;!</p> <p>Alors que nous proclamons ta venue, purifie notre cœur de tout esprit de vanité.</p> <p>Que ton Église, fondée par toi sur le roc de ta parole, te sanctifie parmi toutes les nations.</p> <p>Que ta loi, lumière de nos yeux, protège et soutienne ceux qui comptent sur toi.</p> <p>Tu as donné mission à ton Église d’annoncer la joie de ta venue, accorde-nous de t’accueillir avec ferveur.</p>",
  "morningResponsory": "<p>R/ Voici votre Dieu&nbsp;!<br> * Voici le Seigneur Dieu&nbsp;!<br> V/ Il vient avec puissance. *<br> V/ Toute chair verra sa gloire. *<br> Gloire au Père et au Fils et au Saint-Esprit.&nbsp;R/ <br></p>",
  "middleOfDayReading1Ref": "Cf. Is 10, 20-21",
  "middleOfDayReading1Content": "Il adviendra, en ce jour-là, que le reste d’Israël et les rescapés de la maison de Jacob s’appuieront vraiment sur le Seigneur, sur le Saint d’Israël. Un reste reviendra, le reste de Jacob, vers le Dieu-Fort.",
  "middleOfDayResponsory1": "<p>V/ Les nations craindront le nom du Seigneur,<br> et tous les rois de la terre, sa gloire.</p>",
  "middleOfDayReading2Ref": "Cf. Is 10, 24-27",
  "middleOfDayReading2Content": "Ainsi parle le Seigneur, Dieu de l’univers&nbsp;: Ô mon peuple qui habites en Sion, ne crains pas. Il adviendra, en ce jour-là, que le fardeau glissera de ton épaule et le joug, de ta nuque.",
  "middleOfDayResponsory2": "<p>V/ Le Seigneur apparaîtra dans sa gloire&nbsp;:<br> le peuple nouveau chantera son Dieu.</p>",
  "middleOfDayReading3Ref": "Is 13,22b - 14,1a",
  "middleOfDayReading3Content": "Son heure est proche, son jour ne tardera pas. Le Seigneur aura pitié de Jacob. Il choisira encore Israël.",
  "middleOfDayResponsory3": "<p>V/ Viens, Seigneur, ne tarde pas.<br> Remets à ton peuple ses péchés.</p>",
  "vespersEvangelicAntiphon": "Ô Rameau de Jessé, étendard dressé à la face des nations, les rois sont muets devant toi, tandis que les peuples t’appellent&nbsp;: Délivre-nous, ne tarde plus, viens, Seigneur, viens nous sauver&nbsp;!",
  "vespersReadingRef": "Ph 3, 20b-21",
  "vespersReading": "Nous attendons comme Sauveur le Seigneur Jésus Christ, lui qui transformera nos pauvres corps à l’image de son corps glorieux, avec la puissance qui le rend capable aussi de tout dominer.",
  "vespersIntercession": "<p> Frères bien-aimés, présentons nos demandes au Christ, le Juge des vivants et des morts&nbsp;:</p> <p>R/Viens, Seigneur Jésus&nbsp;! Viens, semence de vie&nbsp;!</p> <p>Que le monde te reçoive, germe de justice,<br> et que ta gloire habite notre terre.</p> <p>Dans ta bonté pour nous, tu as partagé notre faiblesse humaine&nbsp;;<br> accorde aux hommes le secours de ta puissance divine.</p> <p>Fais resplendir ta connaissance sur ceux que tu vois prisonniers des ténèbres de l’ignorance.</p> <p>Par ton humiliation, tu as pris sur toi notre injustice&nbsp;;<br> entré maintenant dans la gloire, donne-nous part à ta bénédiction.</p> <p>Tu te manifesteras en venant pour le jugement&nbsp;;<br> conduis nos frères défunts jusqu’à ton Royaume céleste.</p>",
  "vespersResponsory": "<p>R/ À toi, Dieu, nous rendons grâce&nbsp;:<br> * Ton nom est proche.<br> V/ De toi vient le relèvement.&nbsp;*<br> <p>Gloire au Père et au Fils et au Saint-Esprit.&nbsp;R/ </p><br></p>",
  "oration": "Par le signe merveilleux de la Vierge qui enfante tu as fait connaître au monde, Seigneur, la splendeur de ta gloire&nbsp;; aide-nous à célébrer le mystère de l’incarnation avec une foi sans défaut et dans l’obéissance du cœur."
}
