{
  "celebrationTitle": "22 décembre",
  "liturgicalGrade": 9,
  "liturgicalColor": "violet",
  "readingsBiblicalReadingTitle": "Tout homme saura que je suis ton libérateur",
  "readingsBiblicalReadingRef": "Is 49, 14-26; 50, 1",
  "readingsBiblicalReadingContent": "<p>Jérusalem disait&nbsp;: «&nbsp;Le SEIGNEUR m’a abandonnée, mon SEIGNEUR m’a oubliée.&nbsp;» Une femme peut-elle oublier son nourrisson, ne plus avoir de tendresse pour le fils de ses entrailles&nbsp;? Même si elle l’oubliait, moi, je ne t’oublierai pas.</p> <p>Car je t’ai gravée sur les paumes de mes mains, j’ai toujours tes remparts devant les yeux. Ils accourent, tes bâtisseurs&nbsp;; tes démolisseurs, tes dévastateurs, ils s’éloignent de toi.</p> <p>Lève les yeux alentour et regarde&nbsp;: tous, ils se rassemblent et viennent vers toi. Par ma vie —&nbsp;oracle du SEIGNEUR&nbsp;—, tous, ils seront comme une parure que tu revêtiras, autour de toi, comme la ceinture d’une jeune mariée. Car tes ruines, tes décombres, ton pays dévasté sont désormais trop étroits pour tes habitants, et ceux qui te dévoraient s’éloigneront. Les fils dont tu étais privée te diront de nouveau à l’oreille&nbsp;: «&nbsp;L’espace est trop étroit pour moi, fais-moi place, que je m’installe.&nbsp;» Et tu diras en ton cœur&nbsp;: «&nbsp;Qui me les a enfantés, ceux-là&nbsp;? Privée d’enfants, j’étais stérile, j’étais bannie, rejetée, et ceux-là, qui les a élevés&nbsp;? Quand moi, je restais seule, ceux-là, où donc étaient-ils&nbsp;?&nbsp;»</p> <p>Ainsi parle le Seigneur DIEU&nbsp;: Voici&nbsp;: de ma main levée, je ferai signe aux nations, je dresserai mon étendard vers les peuples. Ils ramèneront tes fils dans leurs bras, tes filles seront portées sur les épaules. Tu auras pour tuteurs des rois, et des princesses pour nourrices. Face contre terre, ils se prosterneront devant toi, ils lècheront la poussière de tes pieds. Tu sauras que Je suis le SEIGNEUR. Ceux qui espèrent en moi ne seront pas confondus.</p> <p>Peut-on reprendre au guerrier sa prise, le captif d’un tyran peut-il s’échapper&nbsp;? Ainsi parle le SEIGNEUR&nbsp;: Oui, même le captif du guerrier lui sera repris, la prise du tyran lui échappera. Tes adversaires, moi, je m’en ferai l’adversaire, tes fils, moi, je les sauverai.</p> <p>À ceux qui t’exploitent je ferai manger leur propre chair&nbsp;; ils s’enivreront de leur sang comme d’un vin nouveau, et tout être de chair saura que moi, le SEIGNEUR, je suis ton Sauveur, ton rédempteur, Force de Jacob.</p> <p>Ainsi parle le SEIGNEUR&nbsp;: Où est donc la lettre de répudiation de votre mère, par laquelle je l’ai renvoyée&nbsp;? Et quel est celui de mes créanciers auquel je vous ai vendus&nbsp;? Eh bien, c’est à cause de vos fautes que vous avez été vendus, à cause de vos révoltes que votre mère a été renvoyée.</p>",
  "readingsBiblicalReadingResponsory": "<p>R/ Toute chair saura que le Seigneur Dieu est notre Sauveur&nbsp;!</p> Je t’ai gravée sur les paumes de mes mains. Tes remparts sont toujours devant moi.</p> Jette les yeux aux alentours et regarde&nbsp;: ils se rassemblent et viennent vers toi.</p> Une mère oublierait-elle l’enfant qu’elle nourrit&nbsp;? Moi, le Seigneur, je ne t’oublierai jamais.</p>",
  "readingsPatristicReadingTitle": "COMMENTAIRE DE SAINT BÈDE LE VÉNÉRABLE SUR L’ÉVANGILE DE LUC",
  "readingsPatristicReadingSubtitle": "Le Magnificat",
  "readingsPatristicReadingContent": "<p>Marie dit&nbsp;:<i>Mon âme exalte le Seigneur, exulte mon esprit en Dieu mon Sauveur</i>.</p> <p>Elle dit&nbsp;: le Seigneur m’a honorée d’une faveur si grande, si inouïe, qu’on ne peut l’expliquer dans aucun langage, mais c’est à peine si, même au plus profond du cœur, l’amour peut le saisir. Aussi je mets toutes les forces de mon âme à rendre grâce dans la louange. Pour contempler l’infinie grandeur de cette faveur, je consacre avec reconnaissance tout ce que je vis, tout ce que je sens, tout ce que je découvre, car dans ce Jésus, «&nbsp;mon Sauveur&nbsp;», mon esprit est comblé de joie par sa divinité éternelle, ma chair fécondée par la conception temporelle. ~</p> <p><i>Le Puissant fit pour moi des merveilles&nbsp;; Saint est son Nom</i>.</p> <p>Ceci se réfère au début du Cantique&nbsp;:<i>Mon âme exalte le Seigneur</i>. Elle seule, cette âme, pour laquelle le Seigneur a daigné faire de grandes choses, peut l’exalter comme il convient et dire, en invitant à partager ses vœux et ses intentions&nbsp;:<i>Magnifiez avec moi le Seigneur, exaltons tous ensemble son nom</i>. En effet, qui connaît le Seigneur et néglige de le glorifier autant qu’il peut, de sanctifier son nom,<i>sera tenu pour le plus petit dans le Royaume des cieux. Saint est son nom</i>&nbsp;: car du sommet d’une puissance sans pareille, il dépasse toute créature, et de l’univers qu’il a fait il est infiniment différent. ~</p> <p><i>Il relève Israël son serviteur, il se souvient de son amour</i>.</p> <p>Il est beau d’appeler Israël le serviteur du Seigneur, Israël que le Seigneur a relevé pour le sauver dans l’obéissance et l’humilité. C’est ainsi que parle Osée&nbsp;:<i>Quand Israël était enfant, je l’aimai</i>. Celui qui refuse de s’humilier ne peut évidemment pas être sauvé et dire avec le prophète&nbsp;:<i>Voici que Dieu vient à mon aide, le Seigneur est mon appui</i>. Or,<i>celui qui se fera petit comme cet enfant, celui-là est le plus grand dans le royaume des Cieux</i>.</p> <p><i>Selon sa parole à nos pères —&nbsp;pour Abraham et sa descendance à jamais</i>.</p> <p>Il ne s’agit pas ici de la race charnelle d’Abraham, mais de sa race spirituelle. Autrement dit, il ne s’agit pas de ses descendants selon la chair, mais de ceux qui marchent sur les traces de sa foi, qu’ils soient circoncis ou non. Lui-même d’ailleurs était incirconcis au moment où il crut, et cela lui fut compté comme justice. ~ L’avènement du Sauveur est donc promis<i>à Abraham et à sa descendance à jamais</i>, c’est-à-dire aux fils de la promesse dont saint Paul déclare&nbsp;:<i>Si vous appartenez au Christ, vous êtes de la descendance d’Abraham&nbsp;: vous êtes héritiers selon la promesse</i>.</p> <p>Enfin il est heureux que la naissance du Seigneur et celle de Jean soient annoncées prophétiquement par leurs mères&nbsp;: comme le mal a commencé par des femmes, le bien devait aussi commencer par des femmes. La vie détruite par la défaillance d’une seule femme serait ainsi rendue au monde par ces deux femmes qui chantent ensemble.</p>",
  "readingsPatristicReadingResponsory": "<p>R/ Mon âme exalte le Seigneur&nbsp;: éternel est son amour&nbsp;!</p> Chante et réjouis-toi, fille de Sion, voici que ton Dieu vient demeurer au milieu de toi.</p> Dieu pour toi exulte de joie, il te renouvelle par son amour.</p> Le Seigneur, comme au jour de fête, dansera pour toi avec des cris de joie.</p>",
  "morningEvangelicAntiphon": "Dès qu’Élisabeth entendit le salut de la Vierge, l’enfant qu’elle portait tressaillit d’allégresse.",
  "morningReadingRef": "Is 45, 8",
  "morningReading": "Que les cieux distillent la rosée, que les nuages répandent la justice, que la terre s’entrouvre et que le salut s’épanouisse, que la justice fasse éclater en même temps tous ses bourgeons.",
  "morningIntercession": "<p>Avec une joie renouvelée, prions notre Rédempteur qui nous justifie par la grâce de sa venue&nbsp;:</p> <p>R/Viens, Seigneur Jésus&nbsp;! Viens, justice de Dieu&nbsp;!</p> <p>Toi dont les prophètes avaient annoncé la naissance,<br> fortifie ce que tu fais renaître en nous.</p> <p>Toi qui es venu guérir les cœurs contrits,<br> libère ton peuple de ses tristesses.</p> <p>Toi qui es venu réconcilier le monde avec Dieu,<br> quand tu viendras pour le jugement, ne nous condamne pas.</p> <p>Nous proclamons aujourd’hui ton salut&nbsp;;<br> donne-nous d’en connaître la joie.</p>",
  "morningResponsory": "<p>R/ Voici votre Dieu&nbsp;!<br> * Voici le Seigneur Dieu&nbsp;!<br> V/ Il vient avec puissance. *<br> V/ Toute chair verra sa gloire. *<br> Gloire au Père et au Fils et au Saint-Esprit.&nbsp;R/ <br></p>",
  "middleOfDayReading1Ref": "Mi 5, 3-4a",
  "middleOfDayReading1Content": "Celui qui doit gouverner Israël se dressera et sera leur berger par la puissance du Seigneur, par la majesté du nom de son Dieu. Ils vivront en sécurité, car désormais sa puissance s’étendra jusqu’aux extrémités de la terre, et lui-même, il sera la paix&nbsp;!",
  "middleOfDayResponsory1": "<p>V/ Les nations craindront le nom du Seigneur,&nbsp;<br> et tous les rois de la terre, sa gloire.</p>",
  "middleOfDayReading2Ref": "Ag 2, 6b.9",
  "middleOfDayReading2Content": "Encore un peu de temps, et je vais ébranler le ciel et la terre, la mer et les continents. La splendeur future de ce Temple surpassera la première, et dans ce lieu, je vous ferai don de la paix. Parole du Seigneur de l’univers.",
  "middleOfDayResponsory2": "<p>V/ Le Seigneur apparaîtra dans sa gloire&nbsp;:<br> le peuple nouveau chantera son Dieu.</p>",
  "middleOfDayReading3Ref": "Ml 3, 20",
  "middleOfDayReading3Content": "Pour vous qui craignez mon nom, le soleil de justice se lèvera, portant la guérison dans ses rayons, et vous sortirez en bondissant comme de jeunes bêtes à la pâture, dit le Seigneur, le Tout-Puissant.",
  "middleOfDayResponsory3": "<p>V/ Viens, Seigneur, ne tarde pas.<br> Remets à ton peuple ses péchés.</p>",
  "vespersEvangelicAntiphon": "Ô Roi de l’univers, ô Désiré des nations, pierre angulaire qui joint ensemble l’un et l’autre mur, force de l’homme pétri de limon, viens, Seigneur, viens nous sauver&nbsp;!",
  "vespersReadingRef": "Jc 5, 7-8.9b",
  "vespersReading": "Frères, en attendant la venue du Seigneur, ayez de la patience. Voyez le cultivateur&nbsp;: il attend les produits précieux de la terre avec patience, jusqu’à ce qu’il ait fait la première et la dernière récoltes. Ayez de la patience, vous aussi, et soyez fermes, car la venue du Seigneur est proche. Voyez&nbsp;: le Juge est à notre porte.",
  "vespersIntercession": "<p> Dans l’allégresse, prions le Seigneur qui s’est humilié pour nous&nbsp;:</p> <p>R/Viens, Seigneur Jésus, fruit de la terre et don du ciel&nbsp;!</p> <p>Ô Emmanuel, venu renouveler le monde,<br> purifie nos âmes et nos corps.</p> <p>Dans le mystère de ton incarnation, tu nous appelles tes frères&nbsp;;<br> garde-nous d’écouter d’autres voix.</p> <p>Accorde-nous d’accueillir si pleinement ton salut<br> que ton jugement soit notre délivrance.</p> <p>Ton pardon généreux est de chaque instant&nbsp;:<br> laisse-nous espérer la gloire sans fin.</p> <p>Nous te confions nos frères qui sont morts&nbsp;;<br> qu’ils vivent de toi pour toujours.</p>",
  "vespersResponsory": "<p>R/ À toi, Dieu, nous rendons grâce&nbsp;:<br> * Ton nom est proche.<br> V/ De toi vient le relèvement. *<br> Gloire au Père et au Fils et au Saint-Esprit.&nbsp;R/ <br></p>",
  "oration": "Tu n’as pas supporté, Seigneur, que l’homme soit abandonné à la mort, mais tu as voulu le racheter en lui envoyant ton Fils unique&nbsp;; accorde, nous t’en prions, à ceux qui s’inclineront devant l’enfant de Bethléem, de communier à la vie d’un tel Rédempteur. Lui qui règne."
}
