{
  "celebrationTitle": "Le Saint Sacrement du Corps et du Sang du Christ",
  "liturgicalGrade": 3,
  "liturgicalColor": "white",
  "invitatoryAntiphon": "Pain qui donnes la vie, Christ et Seigneur, louange à toi.",
  "morningPsalm1": "PSALM_62",
  "morningPsalm2": "AT_41",
  "morningPsalm3": "PSALM_149",
  "firstVespersHymn": [
    "la-nuit-qu-il-fut-livre"
  ],
  "firstVespersPsalm1Antiphon": "Le Seigneur est tendresse et pitié&nbsp;: il a donné des vivres à ses fidèles. De ses merveilles, il a laissé un mémorial.",
  "firstVespersPsalm2Antiphon": "Le Seigneur fait régner la paix dans son Église, et d’un pain de froment la rassasie.",
  "firstVespersPsalm3Antiphon": "Ce n’est pas Moïse, c’est mon Père qui vous donne le vrai pain venu du ciel. Alléluia.",
  "firstVespersEvangelicAntiphon": "Seigneur, que ton Esprit est bon&nbsp;! Tu montres ta tendresse pour tes fils en leur donnant le pain du ciel&nbsp;; tu combles de biens les affamés et tu renvoies les riches les mains vides.",
  "firstVespersReadingRef": "1 Co 10, 16-17",
  "firstVespersReading": "La coupe d’action de grâce que nous bénissons, n’est-elle pas communion au sang du Christ&nbsp;? Le pain que nous rompons, n’est-il pas communion au corps du Christ&nbsp;? Puisqu’il y a un seul pain, la multitude que nous sommes est un seul corps, car nous avons tous part à un seul pain.",
  "firstVespersIntercession": "<p>Prions dans la joie le Seigneur Jésus Christ. Pain de notre vie&nbsp;:</p> <p>R/Béni sois-tu, Seigneur, pour ton corps et ton sang&nbsp;!</p> <p>O Christ, tu nous as dit de rendre grâce en mémoire de toi,<br> —&nbsp;garde-nous fidèles à célébrer ce mystère.</p> <p>Prêtre unique du Dieu Très-Haut,<br> —&nbsp;donne aux serviteurs de l’Eucharistie d’imiter dans leur vie ce qu’ils célèbrent.</p> <p>Tu rassembles en un seul corps ceux qui participent au même pain&nbsp;:<br> —&nbsp;préserve l’unité des croyants.</p> <p>Tu es le pain envoyé par le Père pour notre guérison&nbsp;:<br> —&nbsp;rends la santé aux corps et aux âmes.</p> <p>Tu nous as confié l’Eucharistie pour annoncer ta mort et ta résurrection&nbsp;:<br> —&nbsp;donne la vie éternelle à ceux qui attendent ton retour.</p>",
  "firstVespersResponsory": "<p>R/ Jésus, tu es le pain de Dieu,<br> * Tu nous donnes la vie.<br> V/ Tu es la manne des temps nouveaux. *<br> Gloire au Père et au Fils et au Saint-Esprit.&nbsp;R/ <br></p>",
  "firstVespersPsalm1": "PSALM_110",
  "firstVespersPsalm2": "PSALM_147",
  "firstVespersPsalm3": "NT_10",
  "readingsHymn": [
    "mendiant-du-jour"
  ],
  "readingsPsalm1Antiphon": "Grâce et bonheur tous les jours de ma vie à la table du Seigneur, alléluia.",
  "readingsPsalm2Antiphon": "Que l’homme assoiffé s’approche, et reçoive gratuitement l’eau de la vie.",
  "readingsPsalm3Antiphon": "Dieu les nourrit de la fleur du froment, il les rassasie du miel du rocher.",
  "readingsVerse": "<p>V/ La Sagesse a bâti sa maison, alléluia,<br> elle a dressé sa table et mélangé son vin, alléluia.<br></p>",
  "readingsBiblicalReadingTitle": "Voir Dieu, faire alliance avec lui",
  "readingsBiblicalReadingRef": "Ex 24, 1-11",
  "readingsBiblicalReadingContent": "<p>Le SEIGNEUR avait dit à Moïse&nbsp;: «&nbsp;Monte vers le SEIGNEUR et prends avec toi Aaron, ses deux fils Nadab et Abihou, et soixante-dix des anciens d’Israël. Vous vous prosternerez à distance. Moïse, seul, s’approchera du SEIGNEUR. Les autres ne s’approcheront pas et le peuple ne montera pas avec lui.&nbsp;»</p> <p>Moïse vint rapporter au peuple toutes les paroles du SEIGNEUR et toutes ses ordonnances. Tout le peuple répondit d’une seule voix&nbsp;: «&nbsp;Toutes ces paroles que le SEIGNEUR a dites, nous les mettrons en pratique.&nbsp;»</p> <p>Moïse écrivit toutes les paroles du SEIGNEUR. Il se leva de bon matin et il bâtit un autel au pied de la montagne, et il dressa douze pierres pour les douze tribus d’Israël. Puis il chargea quelques jeunes garçons parmi les fils d’Israël d’offrir des holocaustes, et d’immoler au SEIGNEUR des taureaux en sacrifice de paix. Moïse prit la moitié du sang et le mit dans des coupes&nbsp;; puis il aspergea l’autel avec le reste du sang. Il prit le livre de l’Alliance et en fit la lecture au peuple. Celui-ci répondit&nbsp;: «&nbsp;Tout ce que le SEIGNEUR a dit, nous le mettrons en pratique, nous y obéirons.&nbsp;» Moïse prit le sang, en aspergea le peuple, et dit&nbsp;: «&nbsp;Voici le sang de l’Alliance que, sur la base de toutes ces paroles, le SEIGNEUR a conclue avec vous.&nbsp;»</p> <p>Et Moïse gravit la montagne avec Aaron, Nadab et Abihou, et soixante-dix des anciens d’Israël. Ils virent le Dieu d’Israël&nbsp;: il avait sous les pieds comme un pavement de saphir, limpide comme le fond du ciel. Sur ces privilégiés parmi les fils d’Israël, il ne porta pas la main. Ils contemplèrent Dieu, puis ils mangèrent et ils burent.</p>",
  "readingsBiblicalReadingResponsory": "<p>R/ Vois notre faim, Sauveur du monde partage-nous ta parole et ton pain.</p> Je suis le Pain de la vie, qui vient à moi n’aura jamais faim, qui croit en moi n’aura jamais soif.</p> Voici la parole de mon Père&nbsp;: celui qui croit au Fils a la vie éternelle.</p> Qui mange ma chair et boit mon sang a la vie éternelle, et moi, je le ressusciterai au dernier jour.</p>",
  "readingsPatristicReadingTitle": "LECTURE DE SAINT THOMAS D’AQUIN POUR L’OFFICE DU CORPS DU CHRIST",
  "readingsPatristicReadingSubtitle": "Le mystère de l’Eucharistie",
  "readingsPatristicReadingContent": "<p>Le Fils unique de Dieu, voulant nous faire participer à sa divinité, a pris notre nature afin de diviniser les hommes, lui qui s’est fait homme.</p> <p>En outre, ce qu’il a pris de nous, il nous l’a entièrement donné pour notre salut. En effet, sur l’autel de la croix il a offert son corps en sacrifice à Dieu le Père afin de nous réconcilier avec lui&nbsp;; et il a répandu son sang pour qu’il soit en même temps notre rançon et notre baptême&nbsp;: rachetés d’un lamentable esclavage, nous serions purifiés de tous nos péchés.</p> <p>Et pour que nous gardions toujours la mémoire d’un si grand bienfait, il a laissé aux fidèles son corps à manger et son sang à boire, sous les dehors du pain et du vin.</p> <p>Banquet précieux et stupéfiant, qui apporte le salut et qui est rempli de douceur&nbsp;! Peut-il y avoir rien de plus précieux que ce banquet où l’on ne nous propose plus, comme dans l’ancienne Loi, de manger la chair des veaux et des boucs, mais le Christ qui est vraiment Dieu&nbsp;? Y a-t-il rien de plus admirable que ce sacrement&nbsp;? ~</p> <p>Aucun sacrement ne produit des effets plus salutaires que celui-ci&nbsp;: il efface les péchés, accroît les vertus et comble l’âme surabondamment de tous les dons spirituels&nbsp;!</p> <p>Il est offert dans l’Église pour les vivants et pour les morts afin de profiter à tous, étant institué pour le salut de tous.</p> <p>Enfin, personne n’est capable d’exprimer les délices de ce sacrement, puisqu’on y goûte la douceur spirituelle à sa source et on y célèbre la mémoire de cet amour insurpassable, que le Christ a montré dans sa passion.</p> <p>Il voulait que l’immensité de cet amour se grave plus profondément dans le cœur des fidèles. C’est pourquoi à la dernière Cène, après avoir célébré la Pâque avec ses disciples, lorsqu’il allait passer de ce monde à son Père, il institua ce sacrement comme le mémorial perpétuel de sa passion, l’accomplissement des anciennes préfigurations, le plus grand de tous ses miracles&nbsp;; et à ceux que son absence remplirait de tristesse, il laissa ce sacrement comme réconfort incomparable.</p>",
  "readingsPatristicReadingResponsory": "<p>R/ Vois notre faim, Sauveur du monde partage-nous ta parole et ton pain.</p>",
  "readingsPsalm1": "PSALM_22",
  "readingsPsalm2": "PSALM_41",
  "readingsPsalm3": "PSALM_80",
  "morningHymn": [
    "quand-vint-le-jour"
  ],
  "morningPsalm1Antiphon": "Tu as nourri ton peuple du pain des anges&nbsp;; tu leur as envoyé le pain du ciel, alléluia.",
  "morningPsalm2Antiphon": "Prêtres du Seigneur, bénissez le Seigneur, offrez-lui l’encens et le pain, alléluia.",
  "morningPsalm3Antiphon": "Au vainqueur, je donnerai la manne cachée, je donnerai un nom nouveau. Alléluia.",
  "morningEvangelicAntiphon": "Je suis le pain vivant qui descend du ciel. Qui mange de ce pain vivra pour toujours. Alléluia.",
  "morningReadingRef": "Ml 1, 11",
  "morningReading": "Du Levant au Couchant, grand est mon nom parmi les nations. En tout lieu un sacrifice d’encens est présenté à mon nom, ainsi qu’une offrande pure, car grand est mon nom parmi les nations, dit le Seigneur, le tout-puissant.",
  "morningIntercession": "<p>Réjouissons-nous dans le Seigneur Jésus, notre Pain de vie&nbsp;:</p> <p>R/Heureux les invités à ton repas, Seigneur&nbsp;!</p> <p><p>Prêtre de l’alliance nouvelle, tu as offert le sacrifice parfait sur l’autel de la croix&nbsp;:<br> —&nbsp;fais-nous la grâce de nous offrir avec toi.</p> <p>Roi de justice et de paix, tu te livres en donnant le pain et le vin&nbsp;:<br> —&nbsp;apprends-nous à te recevoir dans la foi.</p> <p>Toi, la manne venue du ciel, tu nourris l’Église par ton corps et ton sang&nbsp;:<br> —&nbsp;fortifie-la dans sa marche vers le Père.</p> <p>Compagnon caché de nos vies, tu te tiens à la porte et tu frappes&nbsp;:<br> —&nbsp;entre et viens t’asseoir à notre table.</p> <p>Unique adorateur du Père, tu envoies l’Église par le monde présenter l’offrande de ton corps&nbsp;:<br> —&nbsp;rassemble en toi ceux que tu nourris du même pain.</p>",
  "morningResponsory": "<p>R/ Dieu les a nourris de la fleur du froment,<br> * Alléluia, alléluia&nbsp;!<br> V/ Du vin de sa vigne, il les abreuve. *<br> Gloire au Père et au Fils et au Saint-Esprit.&nbsp;R/</p>",
  "middleOfDayTierceAntiphon": "J’ai désiré d’un grand désir manger cette Pâque avec vous, avant de souffrir. Alléluia.",
  "middleOfDaySexteAntiphon": "Pendant le repas, Jésus prit le pain, rendit grâce, le rompit et le donna à ses disciples, alléluia.",
  "middleOfDayNoneAntiphon": "Ils ont reconnu le Seigneur, alléluia, à la fraction du pain, alléluia, alléluia.",
  "middleOfDayReading1Ref": "Sg 16, 20",
  "middleOfDayReading1Content": "Tu as distribué, Seigneur, à ton peuple une nourriture d’anges, tu lui as procuré du ciel, sans effort de sa part, un pain tout préparé, ayant la capacité de toute saveur et adapté à tous les goûts.",
  "middleOfDayResponsory1": "<p>V/ J’avancerai jusqu’à l’autel de Dieu, alléluia,<br> vers Dieu qui est toute ma joie, alléluia.</p>",
  "middleOfDayReading2Ref": "Pr 9, 1-2",
  "middleOfDayReading2Content": "La Sagesse a bâti sa maison, elle a sculpté sept colonnes, elle a tué ses bêtes, apprêté son vin et dressé sa table.",
  "middleOfDayResponsory2": "<p>V/ Tu envoyais du ciel un pain tout préparé, alléluia,<br> un pain qui comblait tous les goûts, alléluia.</p>",
  "middleOfDayReading3Ref": "Ac 2, 42.47a",
  "middleOfDayReading3Content": "Les frères étaient fidèles à écouter l’enseignement des Apôtres et à vivre en communion fraternelle, à rompre le pain et à participer aux prières. Ils louaient Dieu et trouvaient un bon accueil auprès de tout le peuple.",
  "middleOfDayResponsory3": "<p>V/ Reste avec nous, Seigneur, alléluia,<br> le soir approche, alléluia.</p>",
  "middleOfDayPsalm1": "PSALM_117-I",
  "middleOfDayPsalm2": "PSALM_117-II",
  "middleOfDayPsalm3": "PSALM_117-III",
  "vespersHymn": [
    "tous-les-chemins"
  ],
  "vespersPsalm1Antiphon": "Prêtre à jamais selon l’ordre du roi Melkisédek, le Christ a offert le pain et le vin.",
  "vespersPsalm2Antiphon": "J’élèverai la coupe du salut, j’offrirai le sacrifice de louange.",
  "vespersPsalm3Antiphon": "Seigneur, tu es le Chemin, tu es la Vérité, tu es la Vie du monde.",
  "vespersEvangelicAntiphon": "Banquet très saint où le Christ est reçu en nourriture&nbsp;: le mémorial de sa passion est célébré, notre âme est remplie de sa grâce, et la gloire à venir nous est déjà donnée, alléluia.",
  "vespersReadingRef": "1 Co 11, 23-25",
  "vespersReading": "Je vous ai transmis, moi, Paul, ce que j’ai reçu de la tradition qui vient du Seigneur&nbsp;: la nuit même où il était livré, le Seigneur Jésus prit du pain, puis, ayant rendu grâce, il le rompit, et dit&nbsp;: «&nbsp;Ceci est mon corps, donné pour vous. Faites cela en mémoire de moi&nbsp;». Après le repas, il fit de même avec la coupe, en disant&nbsp;: «&nbsp;Cette coupe est la nouvelle Alliance établie par mon sang. Chaque fois que vous en boirez, faites cela en mémoire de moi.&nbsp;»",
  "vespersIntercession": "<p>Prions dans la joie le Seigneur Jésus Christ, Pain de notre vie&nbsp;:</p> <p>R/Béni sois-tu, Seigneur, pour ton corps et ton sang&nbsp;!</p> <p>Ô Christ, tu nous as dit de rendre grâce en mémoire de toi&nbsp;:<br> —&nbsp;garde-nous fidèles à célébrer ce mystère.</p> <p>Prêtre unique du Dieu Très-Haut,<br> —&nbsp;donne aux serviteurs de l’eucharistie d’imiter dans leur vie ce qu’ils célèbrent.</p> <p>Tu rassembles en un seul corps ceux qui participent au même pain&nbsp;:<br> —&nbsp;préserve l’unité des croyants.</p> <p>Tu es le pain envoyé par le Père pour notre guérison&nbsp;:<br> —&nbsp;rends la santé aux corps et aux âmes.</p> <p>Tu nous as confié l’eucharistie pour annoncer ta mort et ta résurrection&nbsp;:<br> —&nbsp;donne la vie éternelle à ceux qui attendent ton retour.</p>",
  "vespersResponsory": "<p>R/ Vois notre faim, Sauveur du monde,<br> * Partage-nous ta parole et ton pain.<br> V/ Je suis le pain de la vie&nbsp;:<br> qui vient à moi n’aura jamais faim,<br> qui croit en moi n’aura jamais soif. *<br> V/ Qui mange ma chair et boit mon sang a la vie éternelle,<br> et moi, je le ressusciterai au dernier jour.&nbsp;R/ <br></p>",
  "vespersPsalm1": "PSALM_109",
  "vespersPsalm2": "PSALM_115",
  "vespersPsalm3": "NT_12",
  "oration": "Seigneur Jésus Christ, dans cet admirable sacrement, tu nous as laissé le mémorial de ta passion&nbsp;; donne-nous de vénérer d’un si grand amour le mystère de ton corps et de ton sang, que nous puissions recueillir sans cesse le fruit de ta rédemption. Toi qui règnes."
}