{
  "readings": {
    "biblicalReading": {
      "title": "Nous prêchons un Messie crucifié",
      "ref": "1Co 1,18 – 2,5",
      "content": "Le langage de la croix est folie pour ceux qui vont à leur perte, mais pour ceux  qui vont vers leur salut, pour nous, il est puissance de Dieu. L’Écriture dit en  effet : <i>Je mènerai à sa perte la sagesse des sages, et l’intelligence des intelligents,  je la rejetterai.</i> Où est-il, le sage ? Où est-il, le scribe ? Où est-il, le raisonneur  d’ici-bas ? La sagesse du monde, Dieu ne l’a-t-il pas rendue folle ? Puisque, en  effet, par une disposition de la sagesse de Dieu, le monde, avec toute sa sagesse,  n’a pas su reconnaître Dieu, il a plu à Dieu de sauver les croyants par cette folie  qu’est la proclamation de l’Évangile. Alors que les Juifs réclament des signes miraculeux,  et que les Grecs recherchent une sagesse, nous, nous proclamons un Messie crucifié,  scandale pour les Juifs, folie pour les nations païennes. Mais pour ceux que Dieu  appelle, qu’ils soient Juifs ou Grecs, ce Messie, ce Christ, est puissance de Dieu  et sagesse de Dieu. Car ce qui est folie de Dieu est plus sage que les hommes, et  ce qui est faiblesse de Dieu est plus fort que les hommes.</p> <p>Frères, vous qui avez été appelés par Dieu, regardez bien : parmi vous, il n’y  a pas beaucoup de sages aux yeux des hommes, ni de gens puissants ou de haute naissance.  Au contraire, ce qu’il y a de fou dans le monde, voilà ce que Dieu a choisi, pour  couvrir de confusion les sages ; ce qu’il y a de faible dans le monde, voilà ce que  Dieu a choisi, pour couvrir de confusion ce qui est fort ; ce qui est d’origine  modeste, méprisé dans le monde, ce qui n’est pas, voilà ce que Dieu a choisi, pour  réduire à rien ce qui est ; ainsi aucun être de chair ne pourra s’enorgueillir devant  Dieu. C’est grâce à Dieu, en effet, que vous êtes dans le Christ Jésus, lui qui est  devenu pour nous sagesse venant de Dieu, justice, sanctification, rédemption. Ainsi,  comme il est écrit : <i>Celui qui veut être fier, qu’il mette sa fierté dans le Seigneur.</i></p>  <p>Frères, quand je suis venu chez vous, je ne suis pas venu vous annoncer le mystère  de Dieu avec le prestige du langage ou de la sagesse. Parmi vous, je n’ai rien voulu  connaître d’autre que Jésus Christ, ce Messie crucifié. Et c’est dans la faiblesse,  craintif et tout tremblant, que je me suis présenté à vous. Mon langage, ma proclamation  de l’Évangile, n’avaient rien d’un langage de sagesse qui veut convaincre ; mais  c’est l’Esprit et sa puissance qui se manifestaient, pour que votre foi repose, non  pas sur la sagesse des hommes, mais sur la puissance de Dieu.</p>",
      "responsory": "R/ Merveille de ta grâce !<br> tu confies à des hommes les secrets du Père</p> <p>Messagers de la Bonne Nouvelle,<br> ils annoncent la paix aux limites du monde.</p> <p>Heureux le peuple où il en est ainsi,<br> heureux le peuple dont le Seigneur est le Dieu !</p>"
    }
  }
}