{
  "readings": {
    "biblicalReading": {
      "title": "Nous prêchons un Messie crucifié",
      "ref": "1Co 1,18 – 2,5",
      "content": "Le langage de la croix est folie pour ceux qui vont à leur perte, mais pour ceux  qui vont vers leur salut, pour nous, il est puissance de Dieu. L’Écriture dit en  effet : <i>Je mènerai à sa perte la sagesse des sages, et l’intelligence des intelligents,  je la rejetterai.</i> Où est-il, le sage ? Où est-il, le scribe ? Où est-il, le raisonneur  d’ici-bas ? La sagesse du monde, Dieu ne l’a-t-il pas rendue folle ? Puisque, en  effet, par une disposition de la sagesse de Dieu, le monde, avec toute sa sagesse,  n’a pas su reconnaître Dieu, il a plu à Dieu de sauver les croyants par cette folie  qu’est la proclamation de l’Évangile. Alors que les Juifs réclament des signes miraculeux,  et que les Grecs recherchent une sagesse, nous, nous proclamons un Messie crucifié,  scandale pour les Juifs, folie pour les nations païennes. Mais pour ceux que Dieu  appelle, qu’ils soient Juifs ou Grecs, ce Messie, ce Christ, est puissance de Dieu  et sagesse de Dieu. Car ce qui est folie de Dieu est plus sage que les hommes, et  ce qui est faiblesse de Dieu est plus fort que les hommes.</p> <p>Frères, vous qui avez été appelés par Dieu, regardez bien : parmi vous, il n’y  a pas beaucoup de sages aux yeux des hommes, ni de gens puissants ou de haute naissance.  Au contraire, ce qu’il y a de fou dans le monde, voilà ce que Dieu a choisi, pour  couvrir de confusion les sages ; ce qu’il y a de faible dans le monde, voilà ce que  Dieu a choisi, pour couvrir de confusion ce qui est fort ; ce qui est d’origine  modeste, méprisé dans le monde, ce qui n’est pas, voilà ce que Dieu a choisi, pour  réduire à rien ce qui est ; ainsi aucun être de chair ne pourra s’enorgueillir devant  Dieu. C’est grâce à Dieu, en effet, que vous êtes dans le Christ Jésus, lui qui est  devenu pour nous sagesse venant de Dieu, justice, sanctification, rédemption. Ainsi,  comme il est écrit : <i>Celui qui veut être fier, qu’il mette sa fierté dans le Seigneur.</i></p>  <p>Frères, quand je suis venu chez vous, je ne suis pas venu vous annoncer le mystère  de Dieu avec le prestige du langage ou de la sagesse. Parmi vous, je n’ai rien voulu  connaître d’autre que Jésus Christ, ce Messie crucifié. Et c’est dans la faiblesse,  craintif et tout tremblant, que je me suis présenté à vous. Mon langage, ma proclamation  de l’Évangile, n’avaient rien d’un langage de sagesse qui veut convaincre ; mais  c’est l’Esprit et sa puissance qui se manifestaient, pour que votre foi repose, non  pas sur la sagesse des hommes, mais sur la puissance de Dieu.</p>",
      "responsory": "R/ Merveille de ta grâce !<br> tu confies à des hommes les secrets du Père</p> <p>Messagers de la Bonne Nouvelle,<br> ils annoncent la paix aux limites du monde.</p> <p>Heureux le peuple où il en est ainsi,<br> heureux le peuple dont le Seigneur est le Dieu !</p>  <br> <p class=\"antienne rouge\">ou</p>  <h2 id=\"titre_lecture\">Lecture : L’exemple des Apôtres</h2> <br><p class=\"ref\">(1Co 4, 1-16)</p>  <p>Que l’on nous regarde donc comme des auxiliaires du Christ et des intendants des  mystères de Dieu. Or, tout ce que l’on demande aux intendants, c’est d’être trouvés  dignes de confiance. Pour ma part, je me soucie fort peu d’être soumis à votre jugement,  ou à celui d’une autorité humaine ; d’ailleurs, je ne me juge même pas moi-même.  Ma conscience ne me reproche rien, mais ce n’est pas pour cela que je suis juste : celui qui me soumet au jugement, c’est le Seigneur. Ainsi, ne portez pas de jugement  prématuré, mais attendez la venue du Seigneur, car il mettra en lumière ce qui est  caché dans les ténèbres, et il rendra manifestes les intentions des cœurs. Alors,  la louange qui revient à chacun lui sera donnée par Dieu.</p> <p>Frères, j’ai pris pour vous ces comparaisons qui s’appliquent à Apollos et à moi-même  ; ainsi, vous pourrez apprendre de nous à ne pas aller au-delà de ce qui est écrit,  afin qu’aucun de vous n’aille se gonfler d’orgueil en prenant le parti de l’un contre  l’autre. Qui donc t’a mis à part ? As-tu quelque chose sans l’avoir reçu ? Et si  tu l’as reçu, pourquoi te vanter comme si tu ne l’avais pas reçu ? Vous voilà déjà  comblés, vous voilà déjà riches, vous voilà devenus rois sans nous ! Ah ! si seulement  vous étiez devenus rois, pour que nous aussi, nous le soyons avec vous ! Mais nous,  les Apôtres, il me semble que Dieu nous a exposés en dernier comme en vue d’une mise  à mort, car nous sommes donnés en spectacle au monde, aux anges et aux hommes. Nous,  nous sommes fous à cause du Christ, et vous, vous êtes raisonnables dans le Christ  ; nous sommes faibles, et vous êtes forts ; vous êtes à l’honneur, et nous, dans  le mépris. Maintenant encore, nous avons faim, nous avons soif, nous sommes dans  le dénuement, maltraités, nous n’avons pas de domicile, nous travaillons péniblement  de nos mains. On nous insulte, nous bénissons. On nous persécute, nous le supportons.  On nous calomnie, nous réconfortons. Jusqu’à présent, nous sommes pour ainsi dire  l’ordure du monde, le rebut de l’humanité.</p> <p>Je ne vous écris pas cela pour vous faire honte, mais pour vous reprendre comme  mes enfants bien-aimés. Car, dans le Christ, vous pourriez avoir dix mille guides,  vous n’avez pas plusieurs pères : par l’annonce de l’Évangile, c’est moi qui vous  ai donné la vie dans le Christ Jésus. Aussi, je vous en prie : imitez-moi.</p>   <p>Ton appel les a lancés <span class=\"espace verset\">Stance</span><br> sur les chemins et les grand-routes<br> Nourris de ta Parole<br> et riches de ton seul amour,<br> ils vont donner ta joie<br> à ceux qui les écoutent et te reçoivent</p>  <p>R/ </span>Merveille de ta grâce !<br> tu confies à des hommes les secrets du Père</p> <p>Messagers de la Bonne Nouvelle,<br> ils annoncent la paix aux limites du monde.</p> <p>Heureux le peuple où il en est ainsi,<br> heureux le peuple dont le Seigneur est le Dieu !</p>"
    }
  }
}