{
  "firstVespers": {
    "evangelicAntiphon": {
      "common": "Réjouis-toi, Jérusalem ! Vous qui l’aimez, rassemblez-vous ! Exultez de sa joie, alléluia !"
    }
  },
  "invitatory": {
    "antiphon": [
      "Dans la maison de Dieu, adorons le Christ, époux de l'Église, alléluia !"
    ]
  },
  "morning": {
    "evangelicAntiphon": {
      "common": "Aujourd’hui le Seigneur veut demeurer chez toi ; avec lui le salut est entré dans cette maison, alléluia !"
    }
  },
  "readings": {
    "biblicalReading": {
      "title": "",
      "ref": "Ap 21, 9-27",
      "content": "",
      "responsory": ""
    },
    "verse": "<p>V/ Vers ton temple saint, je me prosterne,<br> je crains et j’adore, alléluia !</p>"
  },
  "middleOfDay": {
    "tierce": {
      "antiphon": "Vous êtes le temple de Dieu, la maison qu’il construit, alléluia !",
      "responsory": "V/ Seigneur, j’aime la maison que tu habites,<br> le lieu où demeure ta gloire, alléluia !"
    },
    "sexte": {
      "antiphon": "La sainteté emplit ta maison, ô Seigneur, pour la suite des temps, alléluia !",
      "responsory": "V/ Appelez le bonheur sur Jérusalem :<br> paix à ceux qui t’aiment, alléluia !"
    },
    "none": {
      "antiphon": "Voici la demeure de Dieu, voici l’Église du Seigneur : elle est bâtie sur le roc, alléluia !",
      "responsory": "V/ Venez dans sa maison lui rendre grâce,<br> dans sa demeure chanter ses louanges, alléluia !"
    }
  },
  "vespers": {
    "evangelicAntiphon": {
      "common": "Voici le séjour que Dieu s’est choisi pour y faire sa demeure ; voici le temple que Dieu a consacré pour que son nom y soit invoqué, alléluia !"
    }
  }
}