{
  "readings": {
    "biblicalReading": {
      "title": "Le mystère de Dieu",
      "ref": "1Co 2, 1-16",
      "content": "Frères, quand je suis venu chez vous, je ne suis pas venu vous annoncer le mystère de Dieu avec le prestige du langage ou de la sagesse. Parmi vous, je n’ai rien voulu connaître d’autre que Jésus Christ, ce Messie crucifié. Et c’est dans la faiblesse, craintif et tout tremblant, que je me suis présenté à vous. Mon langage, ma proclamation de l’Évangile, n’avaient rien d’un langage de sagesse qui veut convaincre ; mais c’est l’Esprit et sa puissance qui se manifestaient, pour que votre foi repose, non pas sur la sagesse des hommes, mais sur la puissance de Dieu.</p> <p>Pourtant, c’est bien de sagesse que nous parlons devant ceux qui sont adultes dans la foi, mais ce n’est pas la sagesse de ce monde, la sagesse de ceux qui dirigent ce monde et qui vont à leur destruction. Au contraire, ce dont nous parlons, c’est de la sagesse du mystère de Dieu, sagesse tenue cachée, établie par lui dès avant les siècles, pour nous donner la gloire. Aucun de ceux qui dirigent ce monde ne l’a connue, car, s’ils l’avaient connue, ils n’auraient jamais crucifié le Seigneur de gloire. Mais ce que nous proclamons, c’est, comme dit l’Écriture : <i>ce que l’œil n’a pas vu, ce que l’oreille n’a pas entendu, ce qui n’est pas venu à l’esprit de l’homme, ce que Dieu a préparé pour ceux dont il est aimé.</i></p> <p>Et c’est à nous que Dieu, par l’Esprit, en a fait la révélation. Car l’Esprit scrute le fond de toutes choses, même les profondeurs de Dieu. Qui donc, parmi les hommes, sait ce qu’il y a dans l’homme, sinon l’esprit de l’homme qui est en lui ? De même, personne ne connaît ce qu’il y a en Dieu, sinon l’Esprit de Dieu. Or nous, ce n’est pas l’esprit du monde que nous avons reçu, mais l’Esprit qui vient de Dieu, et ainsi nous avons conscience des dons que Dieu nous a accordés. Nous disons cela avec un langage que nous n’apprenons pas de la sagesse humaine, mais que nous apprenons de l’Esprit ; nous comparons entre elles les réalités spirituelles. L’homme, par ses seules capacités, n’accueille pas ce qui vient de l’Esprit de Dieu ; pour lui ce n’est que folie, et il ne peut pas comprendre, car c’est par l’Esprit qu’on examine toute chose. Celui qui est animé par l’Esprit soumet tout à examen, mais lui, personne ne peut l’y soumettre. Car il est écrit : <i>Qui a connu la pensée du Seigneur et qui pourra l’instruire ?</i> Eh bien nous, nous avons la pensée du Christ !</p>",
      "responsory": "R/ Joie de l’homme sauvé,<br>  monte jusqu’à nos lèvres !</p> <p>Nul ne connaît le Fils,<br>  nul n’en sait le mystère,<br>  mais les pauvres seront comblés.</p> <p>Nul ne connaît son cœur,<br>  nul n’en sait la misère,<br>  mais l’Esprit vient pour l’habiter.</p> <p>Nul ne saurait unir<br>  les enfants de la terre,<br>  mais l’amour veut tout rassembler.</p>"
    }
  }
}