{
  "readings": {
    "biblicalReading": {
      "title": "Bonheur du juste",
      "ref": "Sg 7, 7-16.22-30",
      "content": "Aussi j’ai prié, et le discernement m’a été donné. J’ai supplié, et l’esprit de la Sagesse est venu en moi. Je l’ai préférée aux trônes et aux sceptres ; à côté d’elle, j’ai tenu pour rien la richesse ; je ne l’ai pas comparée à la pierre la plus précieuse ; tout l’or du monde auprès d’elle n’est qu’un peu de sable, et, en face d’elle, l’argent sera regardé comme de la boue. Plus que la santé et la beauté, je l’ai aimée ; je l’ai choisie de préférence à la lumière, parce que sa clarté ne s’éteint pas. Tous les biens me sont venus avec elle et, par ses mains, une richesse incalculable. Je me suis réjoui de tous ces biens, les sachant gouvernés par la Sagesse ; j’ignorais pourtant qu’elle en était aussi la mère.</p> <p>Ce que j’ai appris sans calcul, je le partage sans réserve, je ne veux rien dissimuler de ses richesses : la Sagesse est pour les hommes un trésor inépuisable, ceux qui l’acquièrent gagnent l’amitié de Dieu, car les bienfaits de l’éducation les recommandent auprès de lui.</p> <p>Que Dieu m’accorde de parler comme je comprends, et de concevoir une pensée à la mesure de ses dons, puisque lui-même guide la Sagesse et dirige les sages ; car nous sommes dans sa main : nous-mêmes, nos paroles, toute notre intelligence et notre savoir-faire.</p> <p>Il y a dans la Sagesse un esprit intelligent et saint, unique et multiple, subtil et rapide ; perçant, net, clair et intact ; ami du bien, vif, irrésistible, bienfaisant, ami des hommes ; ferme, sûr et paisible, tout-puissant et observant tout, pénétrant tous les esprits, même les plus intelligents, les plus purs, les plus subtils. La Sagesse, en effet, se meut d’un mouvement qui surpasse tous les autres ; elle traverse et pénètre toute chose à cause de sa pureté.</p> <p>Car elle est la respiration de la puissance de Dieu, l’émanation toute pure de la gloire du Souverain de l’univers ; aussi rien de souillé ne peut l’atteindre. Elle est le rayonnement de la lumière éternelle, le miroir sans tache de l’activité de Dieu, l’image de sa bonté.</p> <p>Comme elle est unique, elle peut tout ; et sans sortir d’elle-même, elle renouvelle l’univers. D’âge en âge, elle se transmet à des âmes saintes, pour en faire des prophètes et des amis de Dieu. Car Dieu n’aime que celui qui vit avec la Sagesse. Elle est plus belle que le soleil, elle surpasse toutes les constellations ; si on la compare à la lumière du jour, on la trouve bien supérieure, car le jour s’efface devant la nuit, mais contre la Sagesse le mal ne peut rien.</p>",
      "responsory": "R/ Qu’il nous soit fait, Seigneur,<br> selon ta Parole.</p> <p>L’heure vient, où les morts entendront<br> la voix du Fils de Dieu,<br> ceux qui l’entendent vivent !</p> <p>Celui qui garde ma Parole,<br> mon Père l’aimera,<br> et nous viendrons en lui !</p> <p>Demeurez dans ma Parole :<br> vous connaîtrez la Vérité,<br> et la Vérité vous fera libres !</p>"
    }
  }
}