{
  "readings": {
    "biblicalReading": {
      "title": "Doctrine des apôtres sur les ministères",
      "ref": "Tt 1, 7-11; 2, 1-8",
      "content": "<p>Il faut en effet que le responsable de communauté soit sans reproche, puisqu’il est l’intendant de Dieu&nbsp;; il ne doit être ni arrogant, ni coléreux, ni buveur, ni brutal, ni avide de profits malhonnêtes&nbsp;; mais il doit être accueillant, ami du bien, raisonnable, juste, saint, maître de lui. Il doit être attaché à la parole digne de foi, celle qui est conforme à la doctrine, pour être capable d’exhorter en donnant un enseignement solide, et aussi de réfuter les opposants.</p> <p>Car il y a beaucoup de réfractaires, des gens au discours inconsistant, des marchands d’illusion, surtout parmi ceux qui viennent du judaïsme. Il faut fermer la bouche à ces gens qui, pour faire des profits malhonnêtes, bouleversent des maisons entières, en enseignant ce qu’il ne faut pas.</p> <p>Quant à toi, dis ce qui est conforme à l’enseignement de la saine doctrine. Que les hommes âgés soient sobres, dignes de respect, pondérés, et solides dans la foi, la charité et la persévérance. De même, que les femmes âgées mènent une vie sainte, ne soient pas médisantes ni esclaves de la boisson, et qu’elles soient de bon conseil, pour apprendre aux jeunes femmes à aimer leur mari et leurs enfants, à être raisonnables et pures, bonnes maîtresses de maison, aimables, soumises à leur mari, afin que la parole de Dieu ne soit pas exposée au blasphème.</p> <p>Les jeunes aussi, exhorte-les à être raisonnables en toutes choses. Toi-même, sois un modèle par ta façon de bien agir, par un enseignement sans défaut et digne de respect, par la solidité inattaquable de ta parole, pour la plus grande confusion de l’adversaire, qui ne trouvera aucune critique à faire sur nous.</p>",
      "responsory": "<p>R/ C’est au prix de son sang<br> que le Christ Jésus s’est acquis l’Église.</p><p>Soyez donc attentifs au troupeau<br>dont l’Esprit vous a confié la charge.</p><p >Vous serez les intendants fidèles<br>des mystères de sa grâce.</p><p>Livrés en spectacle au monde,<br>vous serez les modèles du troupeau.</p>"
    },
    "patristicReading": {
      "title": "Homélie de Saint Fulgence sur le serviteur fidèle",
      "responsory": "<p>R/ Heureux le serviteur fidèle,<br>il entre dans la joie de son maître.</p><p>Je rends grâce au Seigneur Jésus&nbsp;:<br>il m’a jugé assez fidèle<br>pour m’appeler à son service.</p><p>En moi la grâce du Seigneur a surabondé,<br>avec la foi et la charité<br>qui est dans le Christ Jésus.</p>"
    }
  },
  "oration": [
    "Seigneur, tu as voulu que saint N. soit animé d’une charité vraiment divine et d’une foi qui triomphe du monde&nbsp;; puisque tu l’as mis au nombre de tes saints Pasteurs, accorde-nous, par son intercession, de persévérer dans la foi et la charité, afin de participer un jour à sa gloire."
  ]
}