{
  "firstVespers": {},
  "morning": {
    "evangelicAntiphon": {
      "common": "À l’amour que vous aurez les uns pour les autres, on reconnaîtra que vous êtes mes disciples."
    }
  },
  "readings": {
    "biblicalReading2": {
      "title": "Amour fraternel",
      "ref": "1Co 12, 31 – 13, 13",
      "content": "Recherchez donc avec ardeur les dons les plus grands. Et maintenant, je vais vous indiquer le chemin par excellence. J’aurais beau parler toutes les langues des hommes et des anges, si je n’ai pas la charité, s’il me manque l’amour, je ne suis qu’un cuivre qui résonne, une cymbale retentissante. J’aurais beau être prophète, avoir toute la science des mystères et toute la connaissance de Dieu, j’aurais beau avoir toute la foi jusqu’à transporter les montagnes, s’il me manque l’amour, je ne suis rien. J’aurais beau distribuer toute ma fortune aux affamés, j’aurais beau me faire brûler vif, s’il me manque l’amour, cela ne me sert à rien. L’amour prend patience ; l’amour rend service ; l’amour ne jalouse pas ; il ne se vante pas, ne se gonfle pas d’orgueil ; il ne fait rien d’inconvenant ; il ne cherche pas son intérêt ; il ne s’emporte pas ; il n’entretient pas de rancune ; il ne se réjouit pas de ce qui est injuste, mais il trouve sa joie dans ce qui est vrai ; il supporte tout, il fait confiance en tout, il espère tout, il endure tout. L’amour ne passera jamais.</p> <p>Les prophéties seront dépassées, le don des langues cessera, la connaissance actuelle sera dépassée. En effet, notre connaissance est partielle, nos prophéties sont partielles. Quand viendra l’achèvement, ce qui est partiel sera dépassé. Quand j’étais petit enfant, je parlais comme un enfant, je pensais comme un enfant, je raisonnais comme un enfant. Maintenant que je suis un homme, j’ai dépassé ce qui était propre à l’enfant. Nous voyons actuellement de manière confuse, comme dans un miroir ; ce jour-là, nous verrons face à face. Actuellement, ma connaissance est partielle ; ce jour-là, je connaîtrai parfaitement, comme j’ai été connu. Ce qui demeure aujourd’hui, c’est la foi, l’espérance et la charité ; mais la plus grande des trois, c’est la charité.</p>   <p>",
      "responsory": "R/ Vivons dans la charité,<br>  au service les uns des autres !</p> <p>Toute la loi s’accomplit<br>  en cette parole unique :<br>  tu aimeras ton prochain comme toi-même.</p> <p>Je vous donne un commandement nouveau,<br>  aimez-vous les uns les autres,<br>  comme je vous ai aimés.</p>"
    },
    "patristicReading": {
      "title": "Homélie de Saint Jean Chrysostome sur la lettre aux Romains",
      "subtitle": "« Celui qui aime Dieu, qu’il aime son frère »",
      "content": "Dieu a livré son Fils, et toi, tu ne donnes pas même un morceau de pain à celui qui a été livré et mis à mort pour toi ! Le Père, à cause de toi, n’a pas refusé celui qui était son vrai Fils, et toi, alors qu’il meurt de faim, tu passes sans le voir, lorsque tu vas dépenser les richesses qui sont à lui, et les dépenser pour toi. Est-il quelque chose de pire que cette injustice ? Il a été livré pour toi, il a été mis à mort pour toi, pour toi il a mené une vie d’affamé. Donne-lui de ces biens qui lui appartiennent, afin que cela te profite ; et pourtant, tu ne lui donnes rien. Ne sont-ils pas plus insensibles que les pierres, ceux qui persévèrent dans cette dureté diabolique parce que tant d’affaires les appelles ? Car le Christ ne s’est pas contenté de subir la croix et la mort, mais il a voulu devenir pauvre, étranger, errant et nu, être jeté en prison, souffrir l’épuisement, afin de te provoquer par là. Si tu ne m’accordes rien parce que j’ai souffert pour toi, dit-il, aie pitié de ma pauvreté. Et si tu ne veux pas avoir de pitié pour la pauvreté, laisse-toi fléchir par la maladie ou par la captivité ; si rien de tout cela ne suscite ta bonté, réponds favorablement à la modestie de ma demande. Car je ne demande rien de bien coûteux : du pain, un abri, des paroles réconfortantes. Laisse-toi au moins émouvoir selon la nature en voyant que je suis nu, et souviens-toi de ma nudité sur la croix, subie pour toi. Si la première ne te touche pas, laisse-toi toucher par la seconde, que j’ai soufferte à cause de la nudité des pauvres. Alors, j’ai été chargé de liens à cause de toi, mais maintenant c’est encore à cause de toi, afin que tu te laisses émouvoir par liens d’autrefois ou par ceux d’aujourd’hui, et consentes à t’apitoyer. J’ai jeûné à cause de toi ; encore maintenant j’ai faim à cause de toi. J’ai eu soif quand j’étais cloué à la croix ; j’ai encore soif par l’intermédiaire des pauvres afin de t’attirer à moi, par ceux-ci ou par ceux-là, et de te rendre miséricordieux en vue de ton salut. C’est pourquoi je te demande, puisque tu es mon débiteur pour une multitude de bienfaits, de me payer de retour. Je ne le réclame pas comme un débiteur ; je veux te couronner comme un bienfaiteur et te donner le Royaume en échange de si peu de chose. Je ne dis pas : « Supprime ma pauvreté » ni : « Donne-moi la richesse », bien que je mendie à cause de toi. Je demande seulement du pain, un vêtement, un modeste apaisement pour ma faim.",
      "responsory": "R/ Partager son pain avec l’affamé,<br> voilà le jeûne qui plaît à Dieu.</p> <p>Ouvre ton cœur au pauvre : c’est ton frère.<br> Et si tu cries, le Seigneur répondra ;<br> à tes appels, il dira : Me voici !</p> <p>Ouvre ton cœur au pauvre : c’est ton frère.<br> Et quand le Fils de l’homme viendra, il te dira :<br> J’avais faim et m’as donné à manger.</p>"
    }
  },
  "vespers": {
    "evangelicAntiphon": {
      "common": "Venez les bénis de mon Père : ce que vous avez fait à l’un de ces petits, c’est à moi que vous l’avez fait."
    }
  },
  "oration": [
    "Tu as voulu, Seigneur, que ton peuple observe tous tes commandements en t’aimant et en aimant son prochain ; accorde-nous de toujours agir avec charité, à l’exemple de saint N., pour être comptés parmis les bénis de ton Royaume."
  ]
}