{
  "readings": {
    "biblicalReading": {
      "title": "Sanctifiez le Christ dans vos cœurs",
      "ref": "1P 3, 7-17",
      "content": "<p>Vous les maris, sachez comprendre, dans la vie commune, que la femme est un être plus délicat&nbsp;; accordez-lui l’honneur qui lui revient, puisqu’elle hérite, au même titre que vous, de la grâce de la vie. Ainsi, rien ne fera obstacle à vos prières.</p> <p>Vous tous, enfin, vivez en parfait accord, dans la sympathie, l’amour fraternel, la compassion et l’esprit d’humilité. Ne rendez pas le mal pour le mal, ni l’insulte pour l’insulte&nbsp;; au contraire, invoquez sur les autres la bénédiction, car c’est à cela que vous avez été appelés, afin de recevoir en héritage cette bénédiction.</p> <p>En effet, comme il est écrit&nbsp;: <i>Celui qui veut aimer la vie et connaître des jours heureux, qu’il garde sa langue du mal et ses lèvres des paroles perfides&nbsp;; qu’il se détourne du mal et qu’il fasse le bien, qu’il recherche la paix, et qu’il la poursuive. Car le Seigneur regarde les justes, il écoute, attentif à leur demande. Mais le Seigneur affronte les méchants</i>.</p><p>Qui donc vous fera du mal, si vous cherchez le bien avec ardeur&nbsp;? Mais s’il vous arrivait de souffrir pour la justice, heureux seriez-vous&nbsp;! Comme dit l’Écriture&nbsp;: <i>N’ayez aucune crainte de ces gens-là, ne vous laissez pas troubler. Honorez dans vos cœurs la sainteté du Seigneur,</i> le Christ. Soyez prêts à tout moment à présenter une défense devant quiconque vous demande de rendre raison de l’espérance qui est en vous&nbsp;; mais faites-le avec douceur et respect. Ayez une conscience droite, afin que vos adversaires soient pris de honte sur le point même où ils disent du mal de vous pour la bonne conduite que vous avez dans le Christ. Car mieux vaudrait souffrir en faisant le bien, si c’était la volonté de Dieu, plutôt qu’en faisant le mal.</p>"
    }
  }
}