{
  "readings": {
    "biblicalReading": {
      "title": "Dieu est amour",
      "ref": "1Jn 4, 7-21",
      "content": "Bien-aimés, aimons-nous les uns les autres, puisque l’amour vient de Dieu. Celui qui aime est né de Dieu et connaît Dieu. Celui qui n’aime pas n’a pas connu Dieu, car Dieu est amour. Voici comment l’amour de Dieu s’est manifesté parmi nous : Dieu a envoyé son Fils unique dans le monde pour que nous vivions par lui. Voici en quoi consiste l’amour : ce n’est pas nous qui avons aimé Dieu, mais c’est lui qui nous a aimés, et il a envoyé son Fils en sacrifice de pardon pour nos péchés.\n\nBien-aimés, puisque Dieu nous a tellement aimés, nous devons, nous aussi, nous aimer les uns les autres. Dieu, personne ne l’a jamais vu. Mais si nous nous aimons les uns les autres, Dieu demeure en nous, et, en nous, son amour atteint la perfection. Voici comment nous reconnaissons que nous demeurons en lui et lui en nous : il nous a donné part à son Esprit. Quant à nous, nous avons vu et nous attestons que le Père a envoyé son Fils comme Sauveur du monde. Celui qui proclame que Jésus est le Fils de Dieu, Dieu demeure en lui, et lui en Dieu. Et nous, nous avons reconnu l’amour que Dieu a pour nous, et nous y avons cru.\n\nDieu est amour : qui demeure dans l’amour demeure en Dieu, et Dieu demeure en lui. Voici comment l’amour atteint, chez nous, sa perfection : avoir de l’assurance au jour du jugement ; comme Jésus, en effet, nous ne manquons pas d’assurance en ce monde. Il n’y a pas de crainte dans l’amour, l’amour parfait bannit la crainte ; car la crainte implique un châtiment, et celui qui reste dans la crainte n’a pas atteint la perfection de l’amour. Quant à nous, nous aimons parce que Dieu lui-même nous a aimés le premier. Si quelqu’un dit : « J’aime Dieu », alors qu’il a de la haine contre son frère, c’est un menteur. En effet, celui qui n’aime pas son frère, qu’il voit, est incapable d’aimer Dieu, qu’il ne voit pas. Et voici le commandement que nous tenons de lui : celui qui aime Dieu, qu’il aime aussi son frère."
    }
  }
}