{
  "celebration": {
    "color": "white"
  },
  "firstVespers": {
    "hymn": [
      "pleine-de-grace-rejouis-toi"
    ],
    "psalmody": [
      {
        "psalm": "PSALM_112",
        "antiphon": [
          "Heureuse es-tu, Vierge Marie, toi qui as enfanté le Fils du Père éternel !"
        ]
      },
      {
        "psalm": "PSALM_147",
        "antiphon": [
          "Tu as mis au monde le créateur du monde, toi qui es Vierge pour toujours."
        ]
      },
      {
        "psalm": "NT_4",
        "antiphon": [
          "Tu es bénie du Seigneur, ô Marie : par toi nous recevons la vie."
        ]
      }
    ],
    "reading": {
      "biblicalReference": "Ga 4, 4-5",
      "content": "Lorsque les temps furent accomplis, Dieu a envoyé son Fils ; il est né d’une femme, il a été sujet de la Loi juive pour racheter ceux qui étaient sujets de la Loi et pour faire de nous des fils."
    },
    "responsory": "R/ Réjouis-toi, comblée de grâce :<br> * Le Seigneur est avec toi.<br> V/ Tu es bénie entre toutes les femmes. * Le Seigneur.<br> Gloire au Père. R/ Réjouis-toi.<br>",
    "evangelicAntiphon": {
      "common": "Dieu a fait pour toi des merveilles : tous les âges te diront bienheureuse."
    },
    "intercession": {
      "content": "<p> Dieu notre Père, il nous est bon de te louer,<br> toi qui as voulu que toutes les générations de croyants honorent la Mère de ton Fils :</p>  <p>R/Que la Vierge bénie intercède pour nous.</p>  <p>Dieu qui fais des merveilles,<br> tu as introduit la Vierge Marie dans la gloire de ton Fils,<br> — tourne vers le ciel le regard des croyants.</p> <p>À chacun de nous tu as donné Marie pour mère,<br> — par son intercession, guéris les malades, console les affligés, pardonne aux pécheurs, accorde à tous le salut et la paix.</p> <p>Par ta grâce, Marie a été comblée de grâce ;<br> — que ta grâce nous obtienne aussi la joie en abondance.</p> <p>À la prière de Marie, viens en aide à ceux qui meurent :<br> — qu’ils vivent, avec le Christ, dans ton paradis.</p>"
    }
  },
  "morning": {
    "hymn": [
      "marie-tu-etais-la"
    ],
    "psalmody": [
      {
        "psalm": "PSALM_62",
        "antiphon": [
          "Sainte Vierge Marie, par toi le salut est entré dans le monde ! Bienheureuse Mère de Dieu, intercède pour nous auprès de ton Fils."
        ]
      },
      {
        "psalm": "AT_41",
        "antiphon": [
          "Tu es la gloire de Jérusalem, tu es la joie de ton peuple, tu es l’honneur de toute l’Église !"
        ]
      },
      {
        "psalm": "PSALM_149",
        "antiphon": [
          "Réjouis-toi, Vierge Marie : Dieu t’a choisie pour être la mère du Sauveur."
        ]
      }
    ],
    "reading": {
      "biblicalReference": "cf. Is 61, 10",
      "content": "Je tressaille de joie dans le Seigneur, mon âme exulte en mon Dieu. Car il m’a  enveloppée du manteau de l’innocence, il m’a fait revêtir les vêtements du salut,  comme une mariée met ses bijoux."
    },
    "responsory": "R/ Mon âme exalte le Seigneur :<br> éternel est son amour !<br> V/ Chante et réjouis-toi, fille de Sion,R/ <br> Gloire au Père. R/ <br>",
    "evangelicAntiphon": {
      "common": "À cause d’Ève, l’ange ferma la porte du Paradis ; grâce à Marie, s’est ouverte pour nous la porte de la vie."
    },
    "intercession": {
      "content": "<p>Célébrons Jésus, notre Sauveur, qui a voulu naître de la Vierge Marie :</p>  <p>R/Jésus, fils de Marie, exauce-nous !</p>  <p>Soleil de Justice,<br> la Vierge te précède comme l’aurore avant le jour :<br> – donne-nous de marcher dans ta lumière.</p>  <p>Verbe éternel, tu as choisi pour Mère la Vierge très pure :<br> – délivre-nous des liens du péché.</p>  <p>Notre Sauveur,<br> tu as voulu que Marie te suive au Calvaire :<br> – accorde-nous d’espérer la joie de Pâques.</p>  <p>Fils unique de Dieu, à l’heure où tu t’es offert sur la croix,<br> tu nous as donné Marie pour mère :<br> – écoute sa prière quand elle intercède pour nous.</p>"
    },
    "intercession2": "<p>Prions notre Sauveur qui a voulu naître de la Vierge Marie, et redisons avec elle :</p>  <p>R/Notre âme exalte le Seigneur.  <p>Fils du Dieu vivant,<br> par ta passion tu as préservé ta Mère de toute souillure :<br> – garde-nous du péché.</p>  <p>Rédempteur des hommes,<br> tu t’es incarné dans le sein de la Vierge Marie :<br> – fais de nous le temple de l’Esprit Saint.</p>  <p>Maître des intelligences,<br> tes paroles et tes gestes pénétraient le cœur de ta Mère :<br> – apprends-nous à garder en nos cœurs ta parole.</p>  <p>Sauveur du monde,<br> tu as voulu que Marie soit au pied de la croix :<br> – accorde-nous la force au milieu des épreuves.</p>  <p> Jésus ressuscité qui règnes à la droite du Père,<br> tu as glorifié Marie dans son âme et dans son corps,<br> – oriente nos désirs vers le ciel.</p>"
  },
  "readings": {
    "hymn": [
      "o-toi-dont-la-beaute"
    ],
    "biblicalReading": {
      "title": "L’Emmanuel, roi de Paix",
      "ref": "Is 7, 10-14; 11, 1-9",
      "content": "Le SEIGNEUR parla encore ainsi au roi Acaz : « Demande pour toi un signe de la part du SEIGNEUR ton Dieu, au fond du séjour des morts ou sur les sommets, là-haut. »  Acaz répondit : « Non, je n’en demanderai pas, je ne mettrai pas le SEIGNEUR à l’épreuve. »</p> <p>Isaïe dit alors : « Écoutez, maison de David ! Il ne vous suffit donc pas de fatiguer les hommes : il faut encore que vous fatiguiez mon Dieu ! C’est pourquoi le SEIGNEUR lui-même vous donnera un signe : Voici que la vierge est enceinte, elle enfantera un fils, qu’elle appellera Emmanuel (c’est-à-dire : Dieu-avec-nous).</p> <p>Un rameau sortira de la souche de Jessé, père de David, un rejeton jaillira de ses racines. Sur lui reposera l’esprit du SEIGNEUR : esprit de sagesse et de discernement, esprit de conseil et de force, esprit de connaissance et de crainte du SEIGNEUR — qui lui inspirera la crainte du SEIGNEUR.</p> <p>Il ne jugera pas sur l’apparence ; il ne se prononcera pas sur des rumeurs. Il jugera les petits avec justice ; avec droiture, il se prononcera en faveur des humbles du pays. Du bâton de sa parole, il frappera le pays ; du souffle de ses lèvres, il fera mourir le méchant. La justice est la ceinture de ses hanches ; la fidélité est la ceinture de ses reins.</p> <p>Le loup habitera avec l’agneau, le léopard se couchera près du chevreau, le veau et le lionceau seront nourris ensemble, un petit garçon les conduira. La vache et l’ourse auront même pâture, leurs petits auront même gîte. Le lion, comme le bœuf, mangera du fourrage. Le nourrisson s’amusera sur le nid du cobra ; sur le trou de la vipère, l’enfant étendra la main. Il n’y aura plus de mal ni de corruption sur toute ma montagne sainte ; car la connaissance du SEIGNEUR remplira le pays comme les eaux recouvrent le fond de la mer.</p>  <p>",
      "responsory": "R/ La vierge enfantera un fils,<br>qu’elle appellera Emmanuel.</p> <p>Ne crains pas, Marie,<br>tu as trouvé grâce auprès de Dieu.<br>Voici, tu concevras et enfanteras un fils.</p> <p>Cet enfant sera grand,<br>on l’appellera : Fils du Très-Haut,<br>le Seigneur lui donnera le trône de David son Père.</p>"
    },
    "biblicalReading2": {
      "title": "De l’esclavage à la liberté",
      "ref": "Ga 3, 22 — 4, 7",
      "content": "L’Écriture a tout enfermé sous la domination du péché, afin que ce soit par la foi en Jésus Christ que la promesse s’accomplisse pour les croyants.</p> <p>Avant que vienne la foi en Jésus Christ, nous étions des prisonniers, enfermés sous la domination de la Loi, jusqu’au temps où cette foi devait être révélée. Ainsi, la Loi, comme un guide, nous a menés jusqu’au Christ pour que nous obtenions de la foi la justification. Et maintenant que la foi est venue, nous ne sommes plus soumis à ce guide. Car tous, dans le Christ Jésus, vous êtes fils de Dieu par la foi. En effet, vous tous que le baptême a unis au Christ, vous avez revêtu le Christ ; il n’y a plus ni juif ni grec, il n’y a plus ni esclave ni homme libre, il n’y a plus l’homme et la femme, car tous, vous ne faites plus qu’un dans le Christ Jésus. Et si vous appartenez au Christ, vous êtes de la descendance d’Abraham : vous êtes héritiers selon la promesse.</p> <p>Je m’explique. Tant que l’héritier est un petit enfant, il ne diffère en rien d’un esclave, alors qu’il est le maître de toute la maison ; mais il est soumis aux gérants et aux intendants jusqu’à la date fixée par le père. De même nous aussi, quand nous étions des petits enfants, nous étions en situation d’esclaves, soumis aux forces qui régissent le monde. Mais lorsqu’est venue la plénitude des temps, Dieu a envoyé son Fils, né d’une femme et soumis à la loi de Moïse, afin de racheter ceux qui étaient soumis à la Loi et pour que nous soyons adoptés comme fils. Et voici la preuve que vous êtes des fils : Dieu a envoyé l’Esprit de son Fils dans nos cœurs, et cet Esprit crie « <i>Abba</i> ! », c’est-à-dire : Père ! Ainsi tu n’es plus esclave, mais fils, et puisque tu es fils, tu es aussi héritier : c’est l’œuvre de Dieu.</p>  <p>",
      "responsory": "R/ Debout, resplendis, Mère des vivants,<br> exulte et chant, alléluia !</p> <p>Ton heure es passée,<br>oublie ta tristesse et regarde, radieuse :<br>un homme est venu au monde.</p> <p>Des nations viendront vers toi,<br>et tu diras en ton cœur :<br>qui m’a enfanté tous ceux-la ?</p> <p>Encore un peu, si peu de temps,<br>et tu monteras du désert,<br>éclatante comme le soleil.</p>"
    },
    "patristicReading": {
      "title": "Homélie de Saint Sophrone de Jérusalem pour l’Annonciation",
      "subtitle": "« Bénie entre toutes les femmes »",
      "content": "<i>Réjouis-toi, comblée de grâce, le Seigneur est avec toi</i>. Et que peut-il y avoir de supérieur à cette joie, ô Vierge Mère ? Que peut-il y avoir au-dessus de cette grâce, que tu es la seule à avoir reçue en partage, de la part de Dieu ? Que peut-on concevoir de plus joyeux et de plus lumineux ? Tout demeure loin derrière tes merveilles, tout se trouve au-dessous de ta grâce. Les privilèges les plus certains n’ont que le second rang et ne possèdent qu’un état bien moindre. <i>Le Seigneur est avec toi</i>. Qui oserait rivaliser avec toi sur ce point ? Dieu naît de toi. Qui donc ne te céderait la place aussitôt pour te laisser avec joie la primauté et l’excellence ? Aussi, lorsque je contemple ta supériorité sur toutes les créatures, je proclame hautement tes louanges : <i>Réjouis-toi, comblée de grâce, le Seigneur est avec toi</i>. La joie qui émane de toi n’est pas seulement accordée aux hommes mais aussi à toutes les puissances d’en haut. Vraiment <i>tu es bénie entre toutes les femmes</i>, parce que tu as transformé la malédiction d’lîve en bénédiction ; parce que Adam, qui auparavant était maudit, a obtenu d’être béni à cause de toi. Vraiment <i>tu es bénie entre toutes les femmes</i>, parce que grâce à toi, la bénédiction du Père s’est levée sur le hommes et les a délivrés de l’antique malédiction. Vraiment <i>tu es bénie entre toutes les femmes</i>, parce que, grâce à toi, tes ancêtres sont sauvés, car c’est toi qui vas engendrer le Sauveur qui leur procurera le salut. Vraiment, <i>tu es bénie entre toutes les femmes</i>, parce que sans avoir reçu de semence, tu as porté ce fruit qui fait don à la terre entière de la bénédiction, et la rachète de malédiction d’où naissent les épines. Vraiment, <i>tu es bénie entre toutes les femmes</i>, parce que, étant femme par nature, tu deviens effectivement Mère de Dieu. Car si celui que tu dois enfanter est en vérité Dieu incarné, tu es appelée Mère de Dieu à très juste titre, puisque c’est Dieu que tu enfantes en toute vérité. ~ Dieu lui-même habite charnellement dans ton sein, il en sort comme l’Époux pour apporter à tous les hommes la joie et la lumière divines. C’est en toi, ô Vierge, que Dieu, comme dans un ciel très pur et lumineux, a établi sa demeure : de toi, il s’élance comme un époux quittant la chambre nuptiale ; imitant la course d’un géant, il va parcourir la carrière de sa vie, qui apportera le salut à tous les vivants et qui, s’étendant d’une extrémité du ciel à l’autre, remplira toutes choses de son ardeur divine et de sa lumière vivifiante.",
      "responsory": "R/ Bénie sois-tu, Vierge Marie !<br> En toi vit le Seigneur, alléluia !</p> <p>L’Esprit te couvre de son ombre,<br> tu accueilles en toi la rosée du ciel.</p> <p>Le Verbe se fait chair ;<br> l’homme devient fils de Dieu.</p> <p>Déjà les temps sont accomplis :<br> au loin, blanchissent les moissons.</p>"
    },
    "patristicReading2": {
      "title": "Sermon d’Aeldred de Rievaulx pour la nativité de la Vierge Marie",
      "subtitle": "Marie est notre Mère",
      "content": "Recourons à l’Épouse du Seigneur, approchons-nous de la Mère de Jésus, confions-nous à sa servante très fidèle. C’est tout cela qu’est la bienheureuse Vierge Marie. Mais comment nous présenter à elle ? Quels présents lui offrir ? Si au moins nous étions capables de lui rendre l’hommage qui lui est dû en stricte justice ! Nous devons l’honorer, nous mettre à son service ; nous devons l’aimer et lui offrir nos louanges. Nous sommes tenus de lui rendre honneur, puisqu’elle est la Mère de notre Dieu et Seigneur. Ne pas entourer d’égards la Mère du Christ, c’est à coup sûr manquer aussi de respect à son fils. Et l’Écriture le dit : <i>Honore ton père et ta mère</i>. Que dire encore, mes frères ? Marie n’est-elle pas notre Mère, à nous aussi ? Oui certainement, mes frères, elle est vraiment notre Mère. C’est par elle que nous sommes nés, non pas à ce monde, mais à Dieu. Vous le savez bien, et la foi nous l’enseigne : nous avons tous passé par un état de mort, de vieillissement, de ténèbres, de malheur. Nous étions morts, puisque nous avions perdu le Seigneur ; nous étions vieillis, puisque tombés dans la corruption ; nous étions dans les ténèbres, puisque fermés à la lumière de la sagesse. Et en somme, notre perte était consommée. Mais la bienheureuse Vierge Marie nous a donné la vie, et une vie bien meilleure que celle que nous avait transmise Eve, car c’est de Marie qu’est né le Christ. Notre décrépitude est devenue jeunesse nouvelle, notre corruption a fait place à l’incorruptibilité, et au lieu des ténèbres a brillé la clarté. Marie est notre Mère. Elle nous a donné l’immortalité, la lumière. L’Apôtre, parlant de notre Seigneur, écrit : <i>Dieu l’a fait, en notre faveur, sagesse, jusuce, sanctiûcation et rédemption</i>. Et la Vierge, puisqu’elle est Mère du Christ, se trouve donc être la Mère de notre sagesse, de notre justice, de notre sanctification, de notre rédemption. A ce point qu’elle est plus notre Mère que celle qui nous a mis au monde selon la chair. C’est d’elle que nous tenons notre naissance meilleure, puisque de Marie sont issues notre sainteté, notre sagesse, notre justice, notre sanctification, notre rédemption. L’Écriture nous dit : <i>Louez le Seigneur en ses saints</i>. Si le Seigneur mérite notre louange pour les saints auxquels il a donné de faire du bien et d’opérer des miracles, combien plus faut-il le louer pour celle par qui il a voulu se faire homme ; car c’est là un prodige admirable plus que toutes les autres merveilles.",
      "responsory": "R/ Mon âme exalte le Seigneur :<br> éternel est son amour.</p> <p>Chante et réjouis-toi, fille de Sion,<br> voici que Dieu vient demeurer au milieu de toi.</p> <p>Dieu pour toi exulte de joie,<br> il te renouvelle par son amour.</p> <p>Le Seigneur, comme aux jours de fête,<br> dansera pour toi avec des cris de joie.</p>"
    },
    "patristicReading3": {
      "title": "Acte du II° Concile du Vatican : L’Église",
      "subtitle": "L’amour maternel de Marie",
      "content": "Par le dessein de la Providence, la bienheureuse Vierge Marie était prédestinée de toute éternité à être la Mère de Dieu en liaison avec l’incarnation du Verbe divin. Elle a été sur cette terre la sainte Mère du Rédempteur, sa généreuse coopératrice à un titre unique, et l’humble servante du Seigneur. En concevant le Christ, en le mettant au monde, en le nourrissant, en le présentant dans le temple à son Père, en partageant les souffrances de son Fils qui mourait sur la croix, elle a coopéré à l’œuvre du Sauveur d’une façon absolument incomparable, par son obéissance, sa foi, son espérance, son ardente charité, pour la restauration de la vie surnaturelle dans les âmes. Voilà pourquoi elle est notre mère dans l’ordre de la grâce. Cette maternité de Marie dans la dispensation de la grâce dure toujours. Et cela, depuis le consentement qu’à l’Annonciation elle a donné dans la foi, consentement qu’elle a maintenu avec constance au pied de la croix, jusqu’à ce que le nombre des élus ait atteint son éternel achèvement. En effet, au ciel, après son Assomption, elle n’a pas abandonné cette fonction pour l’accomplissement de notre salut ; par de multiples intercessions, elle continue à nous obtenir les dons qui assurent notre salut éternel. Son amour maternel la rend attentive aux frères de son Fils qui n’ont pas achevé leur pèlerinage, et qui vivent au milieu des dangers et des angoisses, jusqu’à ce qu’ils aient le bonheur de parvenir à la patrie. C’est pourquoi la bienheureuse Vierge est invoquée dans l’Église sous les titres d’Avocate, d’Auxiliatrice, de Secourable, de Médiatrice. Mais il faut entendre cela de telle sorte que rien ne soit enlevé ni ajouté à la dignité et àl’efficacité du Christ, unique Médiateur. En effet, aucune créature ne peut jamais être égalée au Verbe incarné, au Rédempteur. Mais, de même que le sacerdoce du Christ est participé de manières diverses soit par les ministres, soit par le peuple fidèle ; de même que l’unique bonté de Dieu se répand réellement sur les créatures de diverses façons : ainsi l’unique médiation du Rédempteur n’exclut pas, mais suscite une coopération variée, participée différemment par les créatures, à partir d’une source unique. Cette fonction subordonnée de Marie, l’Église la professe sans hésitation. Elle ne cesse d’en faire l’expérience et elle la présente avec faveur à l’amour des fidèles, afin que s’appuient sur ce secours maternel pour s’unir plus profondément à notre Médiateur et Sauveur.",
      "responsory": "R/ Tu es la gloire de notre peuple, Vierge Marie !</p> <p>Ton nom sera, de par Dieu, pour toujours ;<br> « Celle qui a trouvé grâce devant lui ».</p> <p>Lève-toi, tiens-toi sur la hauteur,<br> debout près de la croix !</p> <p>Vois tes enfants, du levant au couchant rassemblés,<br> car ton Fils attire tout à lui !</p>"
    },
    "verse": "<p>V/ Heureux ceux qui écoutent la parole de Dieu.<br> Heureux ceux qui la mettent en pratique.</p>"
  },
  "middleOfDay": {
    "tierce": {
      "antiphon": "Unanimes, les Apôtres persévéraient dans la prière, avec Marie, la Mère de Jésus.",
      "reading": {
        "biblicalReference": "So 3, 14.15b",
        "content": "Pousse des cris de joie, fille de Sion ! Éclate en ovations, Israël ! Réjouis-toi, tressaille d’allégresse, fille de Jérusalem ! le roi d’Israel, le Seigneur, est en toi."
      },
      "responsory": "V/ Vierge Mère de Dieu, glorieuse Reine du monde,<br> intercède pour nous auprès du Seigeur.<br>"
    },
    "sexte": {
      "antiphon": "La Mère de Jésus dit aux serviteurs : Tout ce qu’il vous dira, faites-le.",
      "reading": {
        "biblicalReference": "Za 9, 9a",
        "content": "Exulte de toutes tes forces, fille de Sion ! Pousse des cris de joie, fille de Jérusalem ! Voici ton roi qui vient vers toi : il est juste et victorieux."
      },
      "responsory": "V/ Heureuse la Vierge Marie :<br> elle a mis au monde le roi du ciel.<br>"
    },
    "none": {
      "antiphon": "Jésus dit à sa Mère : Femme, voici ton fils. Il dit ensuite au disciple : Voici ta Mère.",
      "reading": {
        "biblicalReference": "Jdt 14,7",
        "content": "Bénie sois-tu dans toutes les tentes de Jacob et dans toutes les nations ; en entendant ton nom, elles glorifieront le Dieu d’Israël."
      },
      "responsory": "V/ Marie retenait tous ces événements,<br> elle les méditait dans son cœur.<br>"
    }
  },
  "vespers": {
    "hymn": [
      "humble-servante-du-seigneur"
    ],
    "psalmody": [
      {
        "psalm": "PSALM_121",
        "antiphon": [
          "Réjouis-toi, Marie, comblée de grâce, le Seigneur est avec toi."
        ]
      },
      {
        "psalm": "PSALM_126",
        "antiphon": [
          "Je suis la servante du Seigneur : qu’il me soit fait selon ta parole."
        ]
      },
      {
        "psalm": "NT_4",
        "antiphon": [
          "Vierge bénie entre toutes les femmes ! Jésus, ton enfant, est béni !"
        ]
      }
    ],
    "reading": {
      "biblicalReference": "Ga 4, 4-5",
      "content": "Lorsque les temps furent accomplis, Dieu a envoyé son Fils ; il est né d’une femme, il a été sujet de la Loi juive pour racheter ceux qui étaient sujets de la Loi et pour faire de nous des fils."
    },
    "responsory": "R/ Réjouis-toi, comblée de grâce :<br> * Le Seigneur est avec toi.<br> V/ Tu es bénie entre toutes les femmes. * Le Seigneur.<br> Gloire au Père. R/ Réjouis-toi.<br>",
    "evangelicAntiphon": {
      "common": "Heureuse es-tu, Vierge Marie, toi qui a cru ! En toi s’est accomplie la Parole de Dieu."
    },
    "intercession": {
      "content": "<p>Bénissons notre Dieu : il a voulu que toutes les générations proclament bienheureuse  la Mère de son Fils.</b>  <p>R/Béni sois-tu Seigneur !</p>  <p>Pour ton humble servante, attentive à ta parole,<br> modèle du cœur qui écoute,</p>  <p>Pour celle qui a mis ton Fils au monde,<br> la mère de l’Homme nouveau,</p>  <p>Pour celle qui a veillé sur la croissance de Jésus,<br> présence maternelle dans l’Église,</p>  <p>Pour celle qui s’est tenue debout au pied de la croix,<br> force des accablés,</p>  <p>Pour celle que tu as remplie de joie au matin de Pâques,<br> espérance des vivants,</p>  <p>Pour celle que tu as fait monter au ciel, près de ton Fils,<br> secours des mourants,</p>"
    }
  },
  "oration": [
    "Accorde à tes serviteurs, Dieu très bon, de posséder la santé de l’âme et du corps, et par la glorieuse intercession de la sainte Vierge Marie, d’être libérés des tristesses de ce monde, et de goûter les joies de l’éternité.",
    "Seigneur Jésus, toi qui as choisi pour père la bienheureuse Vierge Marie, permets qu'assurés de sa protection nous puissions l'honorer d'un cœur joyeux."
  ]
}