{
  "invitatoryAntiphon": "Le Roi qui va venir, venez, adorons-le.",
  "invitatoryAntiphon2": "Allons au-devant de celui qui vient.",
  "invitatoryAntiphon3": "Réjouissez-vous dans le Seigneur, réjouissez-vous, car il est proche.",
  "morningPsalm1Antiphon": "Le Seigneur sortira de sa demeure, il viendra, il sauvera son peuple.",
  "morningPsalm3Antiphon": "Ton chemin sera connu sur la terre&nbsp;; ton salut, parmi toutes les nations.",
  "morningPsalm2Antiphon": "Nous avons une ville forte, alléluia&nbsp;! Le Seigneur est pour nous, alléluia&nbsp;!",
  "vespersPsalm1Antiphon": "Le Seigneur sortira de sa demeure. Il viendra, il sauvera son peuple.",
  "vespersPsalm2Antiphon": "Les nations marcheront à ta lumière, et les rois verront ta gloire&nbsp;!",
  "vespersPsalm3Antiphon": "Voici le Seigneur, le Souverain des rois de la terre&nbsp;! Heureux qui se tient prêt à l’accueillir&nbsp;!",
  "readingsPsalm1Antiphon": "Tu te lèveras, attendri, pour Sion&nbsp;: il est temps de la prendre en pitié.",
  "readingsPsalm2Antiphon": "Tu te lèveras, attendri, pour Sion&nbsp;: il est temps de la prendre en pitié.",
  "readingsPsalm3Antiphon": "Tu te lèveras, attendri, pour Sion&nbsp;: il est temps de la prendre en pitié.",
  "readingsVerse": "<p>V/ Préparez les chemins du Seigneur,<br> aplanissez la route.</p>",
  "middleOfDayPsalm1Antiphon": "L’Ange dit à Marie&nbsp;: je te salue, comblée de grâce&nbsp;! Le Seigneur est avec toi&nbsp;!",
  "morningPsalm1": "PSALM_100",
  "morningPsalm2": "AT_39",
  "morningPsalm3": "PSALM_143a",
  "readingsPsalm1": "PSALM_101_1",
  "readingsPsalm2": "PSALM_101_2",
  "readingsPsalm3": "PSALM_101_3",
  "middleOfDayPsalm1": "PSALM_118_18",
  "middleOfDayPsalm2": "PSALM_87_1",
  "middleOfDayPsalm3": "PSALM_87_2",
  "vespersPsalm1": "PSALM_136",
  "vespersPsalm2": "PSALM_137",
  "vespersPsalm3": "NT_9"
}