{
  "invitatoryAntiphon": "Le Roi qui va venir, venez, adorons-le.",
  "invitatoryAntiphon2": "Allons au-devant de celui qui vient.",
  "invitatoryAntiphon3": "Réjouissez-vous dans le Seigneur, réjouissez-vous, car il est proche.",
  "readingsPsalm1Antiphon": "Quand nous sommes infidèles, le Seigneur reste fidèle&nbsp;; pourrait-il se renier lui-même&nbsp;?",
  "readingsPsalm3Antiphon": "Quand nous sommes infidèles, le Seigneur reste fidèle&nbsp;; pourrait-il se renier lui-même&nbsp;?",
  "readingsPsalm2Antiphon": "Quand nous sommes infidèles, le Seigneur reste fidèle&nbsp;; pourrait-il se renier lui-même&nbsp;?",
  "readingsVerse": "<p>V/ Dieu révèle à Jacob sa parole,<br> ses volontés et ses lois à Israël.</p>",
  "middleOfDayPsalm1Antiphon": "Les Prophètes l’ont dit&nbsp;: le Sauveur naîtra de la Vierge Marie.",
  "morningPsalm1": "PSALM_91",
  "morningPsalm2": "AT_38",
  "morningPsalm3": "PSALM_8",
  "readingsPsalm1": "PSALM_77_4",
  "readingsPsalm2": "PSALM_77_5",
  "readingsPsalm3": "PSALM_77_6",
  "middleOfDayPsalm1": "PSALM_118_22",
  "middleOfDayPsalm2": "PSALM_44_1",
  "middleOfDayPsalm3": "PSALM_44_2"
}
