{
  "firstVespersPsalm1": "PSALM_140",
  "firstVespersPsalm2": "PSALM_141",
  "firstVespersPsalm3": "NT_5",
  "firstVespersPsalm2Antiphon": "Le Seigneur viendra, accompagné de tous les justes&nbsp;: on verra, ce jour-là, une grande lumière.",
  "firstVespersEvangelicAntiphon": "Voici le Seigneur&nbsp;: il arrive de loin&nbsp;; l’éclat de son nom couvre la terre.",
  "firstVespersPsalm3Antiphon": "Il viendra, le Seigneur notre Dieu, et toute chair verra sa puissance.",
  "firstVespersPsalm1Antiphon": "Annoncez à tous les peuples&nbsp;: Voici notre Dieu&nbsp;; il vient nous sauver&nbsp;!",
  "firstVespersReadingRef": "1 Th 5, 23-24",
  "firstVespersReading": "Que le Dieu de la paix lui-même vous sanctifie tout entiers, et qu’il garde parfaits et sans reproche votre esprit, votre âme et votre corps, pour la venue de notre Seigneur Jésus Christ. Il est fidèle, le Dieu qui vous appelle&nbsp;: tout cela, il l’accomplira.",
  "firstVespersIntercession": "<p>Levons les yeux vers celui qui vient et, joyeux d’attendre son jour, demandons-lui d’accomplir sa promesse&nbsp;:</p> <p>R/ Viens, Seigneur, ne tarde plus&nbsp;!</p> <p>Toi qui étais avant tous les temps, toi qui seras au-delà des siècles,<br> —&nbsp;emplis de ta présence chaque instant de nos vies.</p> <p>À toi le monde et tous ses habitants&nbsp;:<br> —&nbsp;sauve les hommes que tes mains ont façonnés.</p> <p>Tu as voulu connaître notre existence vouée à la souffrance et que brise la mort,<br> —&nbsp;libère l’humanité de tout ce qui la tient captive.</p> <p>Tu es venu pour que nous ayons la vie en plénitude,<br> —&nbsp;donne-nous de nous hâter à ta rencontre.</p> <p>Tu veux faire des hommes l’unique peuple de Dieu,<br> —&nbsp;rassemble tous ceux qui attendent de voir ton visage.</p> ",
  "firstVespersResponsory": "<p>R/ Que l’univers chante et crie de joie&nbsp;:<br>  *  Car le Seigneur vient.<br> V/ Je vis un ciel nouveau, une nouvelle terre&nbsp;:<br> plus de pleurs, plus de cris, plus de peines.  * <br> V/ Dieu aura sa demeure parmi nous&nbsp;;<br> nous serons son peuple et lui, Dieu, sera avec nous.  * <br> V/ Nous ne chercherons plus l’éclat du soleil&nbsp;:<br> la gloire de Dieu nous illuminera.  * <br> Gloire au Père et au Fils et au Saint-Esprit.&nbsp;R/ <br></p>",
  "invitatoryAntiphon": "Le Roi qui va venir, venez, adorons-le.",
  "invitatoryAntiphon2": "Allons au-devant de celui qui vient.",
  "invitatoryAntiphon3": "Réjouissez-vous dans le Seigneur, réjouissez-vous, car il est proche.",
  "morningPsalm2Antiphon": "Les montagnes chanteront leur joie, les arbres des forêts applaudiront à la face du Seigneur, car il vient&nbsp;!",
  "morningPsalm3Antiphon": "Le grand prophète vient vers toi, Jérusalem&nbsp;! C’est lui qui te relèvera, alléluia.",
  "morningPsalm1Antiphon": "Ce jour-là, le vin nouveau coulera sur les montagnes, le lait ruissellera sur les collines, alléluia.",
  "morningEvangelicAntiphon": "Ne crains pas, Marie, l’Esprit viendra sur toi&nbsp;: tu vas enfanter le Fils de Dieu. Alléluia&nbsp;!",
  "morningReadingRef": "Rm 13, 11-12",
  "morningReading": "C’est le moment, l’heure est venue de sortir de votre sommeil. Car le salut est plus près de nous maintenant qu’à l’époque où nous sommes devenus croyants. La nuit est bientôt finie, le jour est tout proche. Rejetons les activités des ténèbres, revêtons-nous pour le combat de la lumière.",
  "morningIntercession": "<p>Tu nous as visités, Dieu notre Père, par la venue dans la chair de ton Fils bien-aimé&nbsp;: garde-nous vigilants jusqu’à sa venue dans la gloire.</p> <p>R/ En toi, Seigneur, notre espérance&nbsp;!</p> <p>Tu nous as tracé en ton Fils un chemin de lumière.<br> Que toute la terre se lève et marche vers toi à la clarté de son visage&nbsp;!</p> <p>Tandis que la nuit s’achève et que le jour approche, viens secouer nos somnolences.</p> <p>Accorde-nous de te servir dans la justice et la sainteté tout au long de nos jours.</p> <p>Et quand paraîtra le Fils de l’homme, qu’il nous trouve debout, prêts à l’accueillir.</p> ",
  "morningResponsory": "<p>R/ Point de ténèbres devant toi,<br>  * Lumière du monde, alléluia&nbsp;!<br> V/ Scrute-moi, Seigneur, connais mon cœur, * <br> V/ Conduis-moi sur le chemin d’éternité, * <br> Gloire au Père et au Fils et au Saint-Esprit.&nbsp;R/ <br></p>",
  "vespersPsalm3Antiphon": "Je viens sans tarder rendre à chacun selon ses œuvres&nbsp;!",
  "vespersPsalm2Antiphon": "Il vient, le Messie, notre Roi, celui que Jean Baptiste annonçait&nbsp;: Voici l’Agneau de Dieu&nbsp;!",
  "vespersPsalm1Antiphon": "Alléluia&nbsp;! Réjouis-toi, Sion&nbsp;! Pousse des cris de joie, Jérusalem&nbsp;!",
  "vespersEvangelicAntiphon": "Ne crains pas, Marie, tu as trouvé grâce auprès de Dieu&nbsp;! Tu vas concevoir et enfanter le Fils du Très-Haut&nbsp;! Alléluia&nbsp;!",
  "vespersReadingRef": "Ph 4, 4-5",
  "vespersReading": "Soyez toujours dans la joie du Seigneur&nbsp;; laissez-moi vous le redire&nbsp;: soyez dans la joie. Que votre sérénité soit connue de tous les hommes. Le Seigneur est proche.",
  "vespersIntercession": "<p>Fils du Très-Haut, annoncé par l’ange à la Vierge Marie,<br>—&nbsp;règne à jamais sur ton peuple.</p> <p>R/ Viens et demeure avec nous&nbsp;!</p> <p>Pour toi, Saint de Dieu, Jean le Précurseur a tressailli d’allégresse dès avant sa naissance,&nbsp;<br> —&nbsp;révèle à tous les hommes la joie du salut.</p> <p>Jésus, dont le nom sauveur a été révélé à Joseph,&nbsp;<br> —&nbsp;libère ton peuple de ses péchés.</p> <p>Lumière du monde, qu’attendaient Syméon et tous les justes,<br> —&nbsp;soutiens l’espérance de ton Église.</p> <p>Soleil levant, dont Zacharie a entrevu le jour,<br> —&nbsp;illumine ceux qui habitent les ténèbres et l’ombre de la mort.</p>",
  "vespersResponsory": "<p>R/ Réjouissons-nous dans le Seigneur&nbsp;!<br> Réjouissons-nous, car il est proche&nbsp;!<br> V/ Tu as aimé, Seigneur, cette terre,<br> tu as fait revenir ses déportés.&nbsp;R/ <br> V/ Justice marchera devant toi,<br> et tes pas traceront le chemin.&nbsp;R/ <br></p>",
  "readingsPsalm3Antiphon": "(seulement à la fin du psaume&nbsp;:) J’ai entendu ton cri, je viens te délivrer, dit le Seigneur.",
  "readingsPsalm2Antiphon": "Votre Sauveur vient, dit le Seigneur, je serai son Père, il sera mon Fils.",
  "readingsPsalm1Antiphon": "Le jour du Christ est proche&nbsp;: purifions-nous, portons un fruit de justice à la gloire du Père.",
  "readingsVerse": "<p>V/ Levez la tête et regardez&nbsp;:<br> notre Sauveur est proche.</p>",
  "readingsBiblicalReadingTitle": "Réquisitoire du prophète contre son peuple",
  "readingsBiblicalReadingRef": "Is 1, 1-18",
  "readingsBiblicalReadingContent": "<p><i>Vision d’Isaïe, fils d’Amots, —&nbsp;ce qu’il a vu au sujet de Juda et de Jérusalem, au temps d’Ozias, de Yotam, d’Acaz et d’Ézékias, rois de Juda.</i> Cieux, écoutez&nbsp;; terre, prête l’oreille, car le SEIGNEUR a parlé. J’ai fait grandir des enfants, je les ai élevés, mais ils se sont révoltés contre moi. Le bœuf connaît son propriétaire, et l’âne, la crèche de son maître. Israël ne le connaît pas, mon peuple ne comprend pas. Malheur à vous, nation pécheresse, peuple chargé de fautes, engeance de malfaiteurs, fils pervertis&nbsp;! Ils abandonnent le SEIGNEUR, ils méprisent le Saint d’Israël, ils lui tournent le dos. Où donc faut-il vous frapper encore, vous qui multipliez les reniements&nbsp;? Toute la tête est malade, tout le cœur est atteint&nbsp;; de la plante des pieds à la tête, plus rien n’est intact&nbsp;: partout blessures, contusions, plaies ouvertes, qui ne sont ni pansées, ni bandées, ni soignées avec de l’huile. Votre pays n’est que désolation, vos villes sont consumées par le feu&nbsp;; votre terre, des étrangers la dévorent sous vos yeux, c’est une désolation, comme un désastre venu des étrangers. Ce qui reste de la fille de Sion est comme une hutte dans une vigne, comme un abri dans un potager, comme une ville assiégée. Si le SEIGNEUR de l’univers ne nous avait laissé un petit reste, nous serions comme Sodome, nous ressemblerions à Gomorrhe. Écoutez la parole du SEIGNEUR, vous qui êtes pareils aux chefs de Sodome&nbsp;! Prêtez l’oreille à l’enseignement de notre Dieu, vous, peuple de Gomorrhe&nbsp;! Que m’importe le nombre de vos sacrifices&nbsp;? —&nbsp;dit le Seigneur. Les holocaustes de béliers, la graisse des veaux, j’en suis rassasié. Le sang des taureaux, des agneaux et des boucs, je n’y prends pas plaisir. Quand vous venez vous présenter devant ma face, qui vous demande de fouler mes parvis&nbsp;? Cessez d’apporter de vaines offrandes&nbsp;; j’ai horreur de votre encens. Les nouvelles lunes, les sabbats, les assemblées, je n’en peux plus de ces crimes et de ces fêtes. Vos nouvelles lunes et vos solennités, moi, je les déteste&nbsp;: elles me sont un fardeau, je suis fatigué de le porter. Quand vous étendez les mains, je détourne les yeux. Vous avez beau multiplier les prières, je n’écoute pas&nbsp;: vos mains sont pleines de sang. Lavez-vous, purifiez-vous, ôtez de ma vue vos actions mauvaises, cessez de faire le mal. Apprenez à faire le bien&nbsp;: recherchez le droit, mettez au pas l’oppresseur, rendez justice à l’orphelin, défendez la cause de la veuve. Venez, et discutons —&nbsp;dit le SEIGNEUR. Si vos péchés sont comme l’écarlate, ils deviendront aussi blancs que neige. S’ils sont rouges comme le vermillon, ils deviendront comme de la laine.</p>",
  "readingsBiblicalReadingResponsory": "<p>R/ Le sang de Jésus nous purifie<br> de tout péché.</p> <p>Quand vos péchés seraient comme l’écarlate,<br> comme neige ils blanchiront.</p> <p>Apprenez à faire le bien,<br> recherchez le droit.</p>",
  "readingsPatristicReadingTitle": "CATÉCHÈSE PRÉBAPTISMALE DE SAINT CYRILLE DE JÉRUSALEM",
  "readingsPatristicReadingSubtitle": "Les deux avènements du Christ",
  "readingsPatristicReadingContent": "<p>Nous annonçons l’avènement du Christ&nbsp;: non pas un avènement seulement, mais aussi un second, qui est beaucoup plus beau que le premier. Celui-ci, en effet, comportait une signification de souffrance, et celui-là porte le diadème de la royauté divine. Le plus souvent, en effet, tout ce qui concerne notre Seigneur Jésus Christ est double. Double naissance&nbsp;: l’une, de Dieu avant les siècles, l’autre, de la Vierge à la plénitude des siècles. Double descente&nbsp;: l’une, imperceptible comme celle de la pluie sur la toison, la seconde, éclatante, celle qui est à venir. Dans le premier avènement, il est enveloppé de langes dans la crèche&nbsp;; dans le second, il est revêtu de lumière comme d’un manteau. Dans le premier, il a subi la croix, ayant méprisé la honte&nbsp;; dans le second, il viendra escorté par l’armée des anges, en triomphateur. Nous ne nous arrêtons pas au premier avènement&nbsp;: nous attendons aussi le second. Comme nous avons dit, lors du premier&nbsp;: <i>Béni soit celui qui vient au nom du Seigneur</i>, nous le répéterons encore pour le second&nbsp;; en accourant avec les anges à la rencontre du Seigneur, nous lui dirons en l’adorant&nbsp;: <i>Béni soit celui qui vient au nom du Seigneur</i>. Le Sauveur ne viendra pas pour être jugé de nouveau, mais pour juger ceux qui l’ont traduit en jugement. Lui qui a gardé le silence lors du premier jugement, il rappellera leur crime aux misérables qui ont osé le mettre en croix, en disant&nbsp;: <i>Voilà ce que tu as fait, et j’ai gardé le silence</i>. Alors il est venu selon le dessein de miséricorde et il enseignait les hommes par persuasion. Mais, lors du second avènement, ils seront contraints de reconnaître sa royauté. Le prophète Malachie a parlé des deux avènements. <i>Soudain viendra dans son Temple le Seigneur que vous cherchez</i>. Voilà pour le premier. Et aussitôt il ajoute pour le second&nbsp;: ~ <i>Le messager de l’Alliance que vous désirez, voici qu’il vient, le Seigneur tout-puissant. Qui pourra soutenir sa vue&nbsp;? Car il est pareil au feu du fondeur, pareil à la lessive des blanchisseurs. Il s’installera pour fondre et purifier</i>. ~ Saint Paul veut parler aussi de ces deux avènements lorsqu’il écrit à Tite&nbsp;: <i>La grâce de Dieu s’est manifestée pour le salut de tous les hommes. C’est elle qui nous apprend à rejeter le péché et les passions d’ici-bas, pour vivre dans le monde présent en hommes raisonnables, justes et religieux, et pour attendre le bonheur que nous espérons avoir quand se manifestera la gloire de Jésus Christ, notre grand Dieu et notre Sauveur</i>. Tu vois comment il a parlé du premier avènement, dont il rend grâce&nbsp;; et du second, que nous attendons. ~ Donc, notre Seigneur Jésus Christ viendra du ciel. Il viendra vers la fin de ce monde, avec gloire, au dernier jour. Car la fin du monde arrivera et ce monde créé sera renouvelé.</p>",
  "readingsPatristicReadingResponsory": "<p>En regardant au loin,<br> je vois venir la puissance de Dieu<br> et la nuée couvrant toute la terre.</p> <p>R/ Allons au devant de lui,<br> car il vient régner sur son peuple.</p> <p>Prêtez l’oreille, habitants de l’univers,<br> riches et pauvres, ensemble&nbsp;!</p> <p>Pasteur d’Israël, écoute&nbsp;;<br> toi qui trônes sur les chérubins, resplendis&nbsp;!</p> <p>Portes, levez vos frontons,<br> élevez-vous, portes éternelles,<br> qu’il entre, le roi de gloire&nbsp;!</p> <p>En regardant au loin,<br> je vois venir la puissance de Dieu<br> et la nuée couvrant toute la terre.</p>",
  "readingsOration": "Donne à tes fidèles, Dieu tout-puissant, d’aller avec courage sur les chemins de la justice à la rencontre du Seigneur, pour qu’ils soient appelés, lors du jugement, à entrer en possession du Royaume des cieux.",
  "middleOfDayPsalm1Antiphon": "Béni soit au nom du Seigneur, celui qui vient&nbsp;!",
  "middleOfDaySexteReadingRef": "1 Th 3, 12-13",
  "middleOfDaySexteReadingContent": "<p>Que le Seigneur vous donne, entre vous et à l’égard de tous les hommes, un amour de plus en plus intense et débordant, comme celui que nous avons pour vous. Et qu’ainsi il vous établisse fermement dans une sainteté sans reproche devant Dieu notre Père, pour le jour où notre Seigneur Jésus viendra avec tous les saints.</p>",
  "middleOfDayNoneReadingRef": "Cf. 2 Th 1, 6.7.10",
  "middleOfDayNoneReadingContent": "<p>Il est juste que Dieu vous donne, à vous les opprimés, le repos avec nous, lors de la révélation du Seigneur Jésus qui viendra du ciel, avec les anges de sa puissance, pour être glorifié en la personne de ses saints et pour être admiré en tous ceux qui auront cru.</p>",
  "middleOfDayTierceReadingRef": "Rm 13, 13-14a",
  "middleOfDayTierceReadingContent": "<p>Conduisons-nous honnêtement, comme on le fait en plein jour, sans ripailles ni beuveries, sans orgies ni débauches, sans dispute ni jalousie. Mais revêtez le Seigneur Jésus Christ.</p>",
  "middleOfDaySexteResponsory": "<p>V/ Le Seigneur apparaîtra dans sa gloire&nbsp;:<br>—  le peuple nouveau chantera son Dieu.</p>",
  "middleOfDayTierceResponsory": "<p>V/ Les nations craindront le nom du Seigneur,<br>—  et tous les rois de la terre, sa gloire.</p>",
  "middleOfDayNoneResponsory": "<p>V/ Viens, Seigneur, ne tarde pas.<br>—  Remets à ton peuple ses péchés.</p>",
  "morningPsalm1": "PSALM_62",
  "morningPsalm2": "AT_41",
  "morningPsalm3": "PSALM_149",
  "readingsPsalm1": "PSALM_1",
  "readingsPsalm2": "PSALM_2",
  "readingsPsalm3": "PSALM_3",
  "middleOfDayPsalm1": "PSALM_117_1",
  "middleOfDayPsalm2": "PSALM_117_2",
  "middleOfDayPsalm3": "PSALM_117_3",
  "vespersPsalm1": "PSALM_109",
  "vespersPsalm2": "PSALM_113A",
  "vespersPsalm3": "NT_12"
}
