{
  "invitatoryAntiphon": "Le Christ est né pour nous, alléluia ! Venez, adorons-le.",
  "morningPsalm2Antiphon": "Regardez ce que Dieu a fait pour vous&nbsp;: fêtez-le, rendez-lui grâce.",
  "morningPsalm1Antiphon": "Criez de joie pour le Seigneur&nbsp;: la terre est remplie de son amour.",
  "morningPsalm3Antiphon": "La joie de notre cœur vient de toi.",
  "vespersPsalm3Antiphon": "R/ Gloire à l’Agneau immolé&nbsp;!",
  "vespersPsalm1Antiphon": "Seigneur, donne au Roi la victoire.",
  "vespersPsalm2Antiphon": "Tu le revêts de splendeur et de gloire.",
  "vespersOration": "<p>Dieu que nul œil ne peut voir, tu as dissipé les ténèbres du monde en lui envoyant ta lumière&nbsp;; tourne vers nous ton visage de paix, et nos louanges proclameront l’incroyable largesse que tu nous fais dans la naissance de ton Fils unique. Lui qui règne.</p>",
  "readingsPsalm1Antiphon": "Le mal et la souffrance, tu les prends dans ta main.",
  "readingsPsalm3Antiphon": "Un Sauveur nous est né, Christ et Seigneur.",
  "readingsPsalm2Antiphon": "Dresse-toi, Seigneur&nbsp;! Dieu, étends la main.",
  "middleOfDayPsalm1Antiphon": "Je prends appui sur ton amour&nbsp;: que mon cœur se réjouisse en ton salut.",
  "morningPsalm1": "PSALM_23",
  "morningPsalm2": "AT_5",
  "morningPsalm3": "PSALM_32",
  "readingsPsalm1": "PSALM_9B_1",
  "readingsPsalm2": "PSALM_9B_2",
  "readingsPsalm3": "PSALM_11",
  "middleOfDayPsalm1": "PSALM_118_1",
  "middleOfDayPsalm2": "PSALM_12",
  "middleOfDayPsalm3": "PSALM_13",
  "vespersPsalm1": "PSALM_19",
  "vespersPsalm2": "PSALM_20",
  "vespersPsalm3": "NT_9"
}