{
  "invitatoryAntiphon": "Le Christ est né pour nous, alléluia ! Venez, adorons-le.",
  "vespersOration": "Dieu éternel et tout-puissant, quand le Christ fut baptisé dans le Jourdain, et que l’Esprit Saint reposa sur lui, tu l’as désigné comme ton Fils bien-aimé&nbsp;; accorde à tes fils adoptifs, nés de l’eau et de l’Esprit, de se garder toujours dans ta sainte volonté.",
  "morningPsalm1": "PSALM_92",
  "morningPsalm2": "AT_41",
  "morningPsalm3": "PSALM_148",
  "readingsPsalm1": "PSALM_144_1",
  "readingsPsalm2": "PSALM_144_2",
  "readingsPsalm3": "PSALM_144_3",
  "middleOfDayPsalm1": "PSALM_117_1",
  "middleOfDayPsalm2": "PSALM_117_2",
  "middleOfDayPsalm3": "PSALM_117_3",
  "vespersPsalm1": "PSALM_109",
  "vespersPsalm2": "PSALM_110",
  "vespersPsalm3": "NT_12"
}