{
  "invitatoryAntiphon": "Le Christ est né pour nous, alléluia ! Venez, adorons-le.",
  "vespersOration": "<p>Seigneur notre Dieu, soleil qui brille pour toutes les nations, accorde aux peuples de la terre de vivre en paix, et fais lever en nos cœurs l’admirable lumière qui a guidé les mages vers ton Fils. Lui qui règne.</p>",
  "morningPsalm1": "PSALM_85",
  "morningPsalm2": "AT_22",
  "morningPsalm3": "PSALM_97",
  "readingsPsalm1": "PSALM_88_1",
  "readingsPsalm2": "PSALM_88_2",
  "readingsPsalm3": "PSALM_88_3",
  "middleOfDayPsalm1": "PSALM_118_14",
  "middleOfDayPsalm2": "PSALM_69",
  "middleOfDayPsalm3": "PSALM_74",
  "vespersPsalm1": "PSALM_125",
  "vespersPsalm2": "PSALM_126",
  "vespersPsalm3": "NT_6"
}