{
  "invitatoryAntiphon": "Le Christ est né pour nous, alléluia ! Venez, adorons-le.",
  "morningPsalm3Antiphon": "Dieu bénit son peuple et lui donne la paix.",
  "morningPsalm2Antiphon": "Nous acclamons, Seigneur, la splendeur de ta gloire éternelle.",
  "morningPsalm2Antiphon2": "Tout vient de toi, ô Seigneur, et nous t’offrons ce que nous donne ta main.",
  "morningPsalm1Antiphon": "Jésus est venu dans le monde pour être témoin de la vérité.",
  "vespersPsalm2Antiphon": "Celui qui fait la vérité vient à la lumière.",
  "vespersPsalm3Antiphon": "Béni sois-tu, notre Père, qui nous as bénis dans le Christ&nbsp;!",
  "vespersPsalm1Antiphon": "Dieu nous destinait à devenir ses fils en Jésus, son Fils bien-aimé.",
  "vespersOration": "Puisqu’en ce jour, Seigneur, les saints Innocents ont annoncé ta gloire, non point par la parole, mais par leur seule mort&nbsp;; fais que notre vie tout entière témoigne de la foi que notre bouche proclame.",
  "readingsPsalm2Antiphon": "Les héritiers du Royaume à venir, ce sont les pauvres.",
  "readingsPsalm3Antiphon": "Les héritiers du Royaume à venir, ce sont les pauvres.",
  "readingsPsalm1Antiphon": "Ant. (à la fin du psaume seulement) Plus de peur, prenons courage&nbsp;: notre Dieu vient nous sauver.",
  "middleOfDayPsalm1Antiphon": "Voici l’Enfant&nbsp;: Signe dressé pour les nations, justice de Dieu parmi les hommes.",
  "morningPsalm1": "PSALM_5",
  "morningPsalm2": "AT_4",
  "morningPsalm3": "PSALM_28",
  "readingsPsalm1": "PSALM_9A_1",
  "readingsPsalm2": "PSALM_9A_2",
  "readingsPsalm3": "PSALM_6",
  "middleOfDayPsalm1": "PSALM_18B",
  "middleOfDayPsalm2": "PSALM_7_1",
  "middleOfDayPsalm3": "PSALM_7_2",
  "vespersPsalm1": "PSALM_10",
  "vespersPsalm2": "PSALM_14",
  "vespersPsalm3": "NT_4"
}