{
  "invitatoryAntiphon": "Le Christ est né pour nous, alléluia ! Venez, adorons-le.",
  "morningPsalm1Antiphon": "Toi, Seigneur, tu es proche&nbsp;!",
  "morningPsalm3Antiphon": "Alléluia&nbsp;!",
  "morningPsalm2Antiphon": "Qui est comme toi, magnifique en sainteté&nbsp;?",
  "vespersPsalm1Antiphon": "Lève-toi, Jérusalem, car la gloire du Seigneur s’est levée sur toi.",
  "vespersPsalm2Antiphon": "Il ne dort pas, ton gardien, le Seigneur.",
  "vespersPsalm3Antiphon": "R/ Grandes sont tes œuvres, Seigneur&nbsp;!",
  "vespersOration": "Apprends-nous, Seigneur, l’amour de nos ennemis, à l’exemple de saint Étienne, le premier de tes martyrs, lui qui sut implorer le pardon pour ses propres bourreaux.",
  "readingsPsalm1Antiphon": "Le Verbe s’est fait chair&nbsp;: Dieu se rappelle à jamais son alliance.",
  "readingsPsalm2Antiphon": "Le Verbe s’est fait chair&nbsp;: Dieu se rappelle à jamais son alliance.",
  "readingsPsalm3Antiphon": "Le Verbe s’est fait chair&nbsp;: Dieu se rappelle à jamais son alliance.",
  "middleOfDayPsalm1Antiphon": "Qui regarde vers lui resplendira.",
  "morningPsalm1": "PSALM_118_19",
  "morningPsalm2": "AT_1",
  "morningPsalm3": "PSALM_116",
  "readingsPsalm1": "PSALM_104_1",
  "readingsPsalm2": "PSALM_104_2",
  "readingsPsalm3": "PSALM_104_3",
  "middleOfDayPsalm1": "PSALM_118_5",
  "middleOfDayPsalm2": "PSALM_33_1",
  "middleOfDayPsalm3": "PSALM_33_2",
  "vespersPsalm1": "PSALM_140",
  "vespersPsalm2": "PSALM_141",
  "vespersPsalm3": "NT_5"
}