{
  "invitatoryAntiphon": "Le Christ est né pour nous, alléluia ! Venez, adorons-le.",
  "morningPsalm1Antiphon": "Aujourd’hui est arrivé votre salut&nbsp;: le Fils de l’homme est venu sauver ce qui était perdu.",
  "morningPsalm2Antiphon": "La majesté du Seigneur couvre les cieux, sa gloire emplit la terre.",
  "morningEvangelicAntiphon": "Jérusalem, tes oppresseurs approcheront de toi, ils se prosterneront à tes pieds.",
  "morningPsalm3Antiphon": "R/  du psaume.",
  "morningReadingRef": "Is 45, 22-23",
  "morningReading": "Tournez-vous vers moi pour être sauvés, habitants de la terre entière. Car c’est moi qui suis Dieu, il n’y en a pas d’autre. Je le jure par moi-même —&nbsp;de ma bouche sortira le salut, cette parole ne reviendra pas en arrière&nbsp;—&nbsp;: devant moi toute créature tombera à genoux, par moi jurera toute langue.",
  "morningIntercession": "<p>Invoquons le Verbe créateur, qui est né d’une femme pour créer l’homme nouveau&nbsp;:</p> <p>R/ Jésus, notre lumière et notre salut&nbsp;!</p> <p>Toi, homme parmi les hommes,<br> —&nbsp;sois pour nous le visage du Père.</p> <p>Tu es descendu comme la rosée sur la terre&nbsp;:<br> —&nbsp;imprègne-nous des eaux vives de la grâce.</p> <p>Tu nous donnes la joie de célébrer ta naissance&nbsp;:<br> —&nbsp;fais grandir en nous la vie d’enfants de Dieu.</p> <p>Tu as confié à ton Église ta parole et ton corps&nbsp;:<br> —&nbsp;qu’ils soient notre pain tous les jours.</p> ",
  "morningResponsory": "<p>R/ Les rois se prosterneront devant lui.<br>  * Tous les pays le serviront.<br> V/ En ces jours-là fleurira la justice. * <br> V/ Il délivrera le pauvre qui appelle. * <br> Gloire au Père et au Fils et au Saint-Esprit.&nbsp;R/ <br></p>",
  "vespersPsalm1Antiphon": "Lève-toi, Jérusalem, car la gloire du Seigneur s’est levée sur toi.",
  "vespersPsalm3Antiphon": "R/ Grandes sont tes œuvres, Seigneur&nbsp;!",
  "vespersEvangelicAntiphon": "Les mages, avertis par un ange, reganèrent leur pays par un autre chemin.",
  "vespersPsalm2Antiphon": "Il ne dort pas, ton gardien, le Seigneur.",
  "vespersReadingRef": "Rm 8, 3-4",
  "vespersReading": "Quand Dieu a envoyé son propre Fils dans notre condition humaine de pécheurs pour vaincre le péché, il a fait ce que la loi de Moïse ne pouvait pas faire à cause de la faiblesse humaine&nbsp;: il a détruit le péché dans l’homme charnel. Il voulait ainsi que les exigences de la Loi se réalisent en nous qui ne vivons pas sous l’emprise de la chair, mais de l’Esprit.",
  "vespersIntercession": "<p>R/ Ô notre Père, entends notre prière&nbsp;!</p> <p>Toi qui fais resplendir ton Église de la lumière du Christ,<br> —&nbsp;donne-lui de porter témoignage aux extrémités du monde.</p> <p>Toi qui as conduit vers ton Fils les sages des nations.<br> —&nbsp;révèle ton visage à ceux qui cherchent la vérité.</p> <p>Toi qui appelles tous les peuples à ton admirable lumière,<br> —&nbsp;donne à tout homme de rencontrer un témoin du Christ.</p> <p>Toi qui manifestes au monde le temps de ta grâce,<br> —&nbsp;envoie des messagers annoncer la délivrance.</p> <p>Toi qui nous réjouis par la naissance du Christ,<br> —&nbsp;accorde à nos frères défunts la joie parfaite.</p> ",
  "vespersResponsory": "<p>R/ Dieu est amour, Dieu est lumière&nbsp;!<br> V/ Tu es, Seigneur, notre Père, notre Rédempteur.&nbsp;R/ <br> V/ Tu as envoyé ton Fils<br> pour que le monde soit sauvé.&nbsp;R/ <br></p>",
  "vespersOration": "Dieu tout-puissant, par la maternité virginale de la bienheureuse Marie, tu as offert au genre humain les trésors du salut éternel&nbsp;; accorde-nous de sentir qu’intervient en notre faveur celle qui nous permit d’accueillir l’auteur de la vie, Jésus Christ, ton Fils, notre Seigneur. Lui qui règne.",
  "readingsPsalm1Antiphon": "Heureux ceux qui ont faim et soif de la justice&nbsp;: ils seront rassasiés.",
  "readingsPsalm2Antiphon": "Heureux ceux qui ont faim et soif de la justice&nbsp;: ils seront rassasiés.",
  "readingsPsalm3Antiphon": "Heureux ceux qui ont faim et soif de la justice&nbsp;: ils seront rassasiés.",
  "readingsVerse": "<p>V/ Le Verbe était la vie,<br> lumière pour les hommes.</p>",
  "readingsBiblicalReadingTitle": "Promesses de paix et de bonheur",
  "readingsBiblicalReadingRef": "Is 65, 13-25",
  "readingsBiblicalReadingContent": "<p>Ainsi parle le Seigneur DIEU&nbsp;: Voici&nbsp;: mes serviteurs mangeront&nbsp;; vous, vous aurez faim, mes serviteurs boiront&nbsp;; vous, vous aurez soif. Voici&nbsp;: mes serviteurs seront pleins d’allégresse&nbsp;; vous, vous serez pleins de honte. mes serviteurs crieront de joie, le cœur en fête&nbsp;; vous, vous pousserez des cris dans la douleur de votre cœur, vous hurlerez, l’esprit brisé&nbsp;! Pour mes élus, votre nom servira de malédiction&nbsp;: «&nbsp;Qu’il te fasse mourir comme un tel, le Seigneur DIEU&nbsp;!&nbsp;» —&nbsp;Mais à ses serviteurs Dieu donnera un autre nom. Quiconque voudra se bénir lui-même dans le pays se bénira par le Dieu fidèle, et quiconque, dans le pays, fera un serment le fera par le Dieu fidèle. Car la détresse passée sera oubliée, elle aura disparu à mes yeux. Oui, voici&nbsp;: je vais créer un ciel nouveau et une terre nouvelle, on ne se souviendra plus du passé, il ne reviendra plus à l’esprit. Soyez plutôt dans la joie, exultez sans fin pour ce que je crée. Car je vais recréer Jérusalem, pour qu’elle soit exultation, et que son peuple devienne joie. J’exulterai en Jérusalem, je trouverai ma joie dans mon peuple. On n’y entendra plus de pleurs ni de cris. Là, plus de nourrisson emporté en quelques jours, ni d’homme qui ne parvienne au bout de sa vieillesse&nbsp;; le plus jeune mourra centenaire, ne pas atteindre cent ans sera malédiction. On bâtira des maisons, on y habitera&nbsp;; on plantera des vignes, on mangera leurs fruits. On ne bâtira pas pour qu’un autre habite, on ne plantera pas pour qu’un autre mange&nbsp;; car les jours de mon peuple seront comme les jours d’un arbre, et mes élus jouiront des ouvrages de leurs mains. Ils ne se fatigueront pas pour rien, ils n’enfanteront plus pour l’épouvante, car ils sont la descendance des bénis du SEIGNEUR, eux et leur postérité. Alors, avant qu’ils n’appellent, moi, je répondrai&nbsp;; ils parleront encore que moi, je les aurai entendus. Le loup et l’agneau auront même pâture, le lion, comme le bœuf, mangera du fourrage&nbsp;; le serpent, lui, se nourrira de poussière. Il n’y aura plus de mal ni de corruption sur toute ma montagne sainte, —&nbsp;dit le SEIGNEUR.</p>",
  "readingsBiblicalReadingResponsory": "<p>R/ Voici la demeure de Dieu avec les hommes&nbsp;!</p> <p>Le Verbe s’est fait chair,<br> il a habité parmi nous<br> et nous avons vu sa gloire&nbsp;!</p> <p>Dieu va créer des cieux nouveaux<br> et une terre nouvelle&nbsp;:<br> on ne se souviendra plus du passé.</p> <p>Dieu-avec-nous<br> se réjouira de Jérusalem,<br> il sera joyeux de son peuple.</p>",
  "readingsPatristicReadingTitle": "SERMON DE SAINT MAXIME DE TURIN POUR L’ÉPIPHANIE",
  "readingsPatristicReadingSubtitle": "Les mystères du baptême du Seigneur",
  "readingsPatristicReadingContent": "<p>L’Évangile rapporte que le Seigneur s’est rendu au Jourdain afin d’être baptisé et qu’il a voulu être consacré dans ce fleuve aux mystères célestes. ~ Il est dans l’ordre, en effet, qu’après le jour de la naissance du Sauveur — bien des années plus tard, mais à la même époque —&nbsp;vienne cette fête, que l’on doit, à mon avis, appeler aussi la fête de sa nativité. Né alors pour les hommes, il renaît aujourd’hui dans les sacrements. Alors, il a été mis au monde par la Vierge, aujourd’hui il a été engendré par le mystère. ~ Là, lorsqu’il naît à notre humanité, sa mère Marie le réchauffe dans son sein&nbsp;; ici, lorsqu’il est engendré selon le mystère, Dieu le Père l’accueille par sa parole. Il dit en effet&nbsp;: <i>Celui-ci est mon Fils en qui j’ai tout mon amour. Écoutez-le</i>. Sa Mère, en l’enfantant, le caresse tendrement sur son sein, le Père le soutient par un affectueux témoignage&nbsp;; sa Mère le présente à l’adoration des Mages, le Père le manifeste aux nations pour qu’elles le vénèrent. ~ Le Seigneur Jésus est venu au baptême, et il a voulu que son corps très saint soit lavé par l’eau. Quelqu’un dira peut-être&nbsp;: «&nbsp;Lui qui est Saint, pourquoi a-t-il voulu être baptisé&nbsp;?&nbsp;» Écoutez donc. Le Christ est baptisé non pas pour être sanctifié par l’eau, mais pour sanctifier lui-même l’eau et pour purifier par sa pureté ces flots qu’il touche. La consécration du Christ est en effet la consécration fondamentale de l’élément. Lorsque le Sauveur est lavé, c’est alors que l’eau est d’avance purifiée tout entière en vue de notre baptême&nbsp;; la source est purifiée pour que, dorénavant, la grâce du baptême soit administrée aux peuples à venir. Le Christ a donc reçu le baptême par avance, pour que les peuples chrétiens prennent sa suite avec confiance. Je comprends le mystère&nbsp;: car c’est ainsi que la colonne de feu s’est avancée la première à travers la mer Rouge, pour que les fils d’Israël marchent sur ses traces avec intrépidité. Elle a traversé les eaux en premier pour préparer la voie à ceux qui viendraient après elle. Ce fut là, dit l’Apôtre, un mystère préfigurant le baptême. Oui, ce fut comme un baptême, lorsque la nuée recouvrait les hommes, et que l’eau les portait. Mais c’est le Christ Seigneur qui a réalisé tout cela. C’est lui, jadis, qui précéda les fils d’Israël, à travers la mer, dans la colonne de feu. De même, c’est lui maintenant qui, par son baptême, précède les peuples chrétiens en son propre corps. Il est, dirai-je, cette colonne qui alors présenta sa lumière aux regards de ceux qui le suivaient et qui, maintenant, offre la lumière aux cœurs des croyants. Alors, il offrit un chemin solide à travers les eaux&nbsp;; maintenant, il fortifie dans le baptême les pas de la foi.</p>",
  "readingsPatristicReadingResponsory": "<p>R/ L’amour de Dieu est répandu dans nos cœurs<br> par le Saint-Esprit.</p> <p>Les nations sauront que je suis le Seigneur<br> quand éclatera ma sainteté à votre sujet.</p> <p>Je vous purifierai de tous vos péchés&nbsp;;<br> les nations le sauront&nbsp;: Je suis le Seigneur.</p> <p>Je vous donnerai un cœur nouveau,<br> je mettrai en vous un esprit nouveau.</p> <p>Je mettrai en vous mon Esprit,<br> et vous marcherez selon mes lois.</p>",
  "readingsOration": "Dieu tout-puissant, tu as signifié par une étoile qu’un Sauveur était né pour le monde&nbsp;; maintiens ta lumière en nos cœurs pour que nous entrions plus avant dans ce mystère.",
  "middleOfDayPsalm1Antiphon": "Le Dieu de mon amour vient à moi.",
  "middleOfDayNoneReadingRef": "Za 8,7-8",
  "middleOfDayNoneReadingContent": "<p>Voici que je sauve mon peuple, en le ramenant du pays de l’orient et du pays de l’occident. Je les ferai venir pour qu’ils demeurent au milieu de Jérusalem. Ils seront mon peuple et je serai leur Dieu, dans la fidélité et dans la justice.</p>",
  "middleOfDayTierceReadingRef": "Cf. Jr 31, 7-8",
  "middleOfDayTierceReadingContent": "<p>Poussez des cris de joie pour Jacob&nbsp;! Faites résonner vos louanges et criez tous&nbsp;: Seigneur, sauve ton peuple, le reste d’Israël&nbsp;! Voici que je le fais revenir du pays du Nord, et que je les rassemble des extrémités du monde.</p>",
  "middleOfDaySexteReadingRef": "Jr 31, 11-12",
  "middleOfDaySexteReadingContent": "<p>Le Seigneur a racheté Jacob, il l’a délivré de la main d’un plus fort. Ils viendront, hurlant de joie au mont Sion, ils afflueront vers les biens du Seigneur.</p>",
  "middleOfDayTierceResponsory": "<p>V/ Il est apparu sur la terre,<br>—  il a vécu parmi les hommes.</p>",
  "middleOfDayNoneResponsory": "<p>V/ Peuples, bénissez notre Dieu.<br>—  Faites retentir sa louange.</p>",
  "middleOfDaySexteResponsory": "<p>V/ Les nations verront ta justice,<br>—  tous les rois verront ta gloire.</p>",
  "morningPsalm1": "PSALM_50",
  "morningPsalm2": "AT_43",
  "morningPsalm3": "PSALM_147",
  "readingsPsalm1": "PSALM_37_1",
  "readingsPsalm2": "PSALM_37_2",
  "readingsPsalm3": "PSALM_37_3",
  "middleOfDayPsalm1": "PSALM_118_10",
  "middleOfDayPsalm2": "PSALM_58",
  "middleOfDayPsalm3": "PSALM_59",
  "vespersPsalm1": "PSALM_114",
  "vespersPsalm2": "PSALM_120",
  "vespersPsalm3": "NT_11"
}