{
  "invitatoryAntiphon": "Le Seigneur est vraiment ressuscité, alléluia !",
  "invitatoryAntiphon2": "Nous te louons, splendeur du Père, Jésus, Fils de Dieu.",
  "morningPsalm3Antiphon": "Le Seigneur est mon sauveur, mon libérateur, alléluia.",
  "morningPsalm2Antiphon": "Qu’on sache par la terre entière que tu es Dieu, Seigneur des siècles, alléluia.",
  "morningEvangelicAntiphon": "Les œuvres que je fais au nom de mon Père, voilà ce qui me rend témoignage. Alléluia.",
  "morningPsalm1Antiphon": "Celui qui fait le vouloir de mon Père entrera dans le Royaume. Alléluia.",
  "morningIntercession": "<p>Supplions le Père d’écouter Jésus toujours vivant qui intercède pour les hommes&nbsp;:</p> <p>R/ Dans ton amour, souviens-toi de nous&nbsp;!</p> <p>Dieu, maître de la vie,<br> restaure en nous l’image de ton Fils&nbsp;: <br> –&nbsp;que nous devenions en lui des créatures nouvelles.</p> <p>Détruis les germes de mensonge et de perversité&nbsp;: <br> –&nbsp;que nous vivions dans la vérité du Christ.</p> <p>Donne-nous d’abattre les murs qui séparent<br> –&nbsp;et de bâtir la ville où tous ensemble ne font qu’un.</p> <p>Change notre cœur de pierre en cœur de chair&nbsp;:<br> –&nbsp;que nous renaissions d’en haut.</p> ",
  "vespersPsalm2Antiphon": "Du milieu des angoisses, tu m’as fait vivre, alléluia.",
  "vespersPsalm3Antiphon": "Tu nous as rachetés par ton sang, Seigneur, tu fis de nous un peuple de rois.",
  "vespersEvangelicAntiphon": "Je connais mes brebis, elles viennent à ma suite, et je leur donne la vie éternelle. Alléluia.",
  "vespersPsalm1Antiphon": "Jérusalem au sommet de ma joie&nbsp;! Alléluia.",
  "vespersIntercession": "<p>Demandons au Christ d’achever par l’Esprit Saint ce qu’il a commencé dans son Église&nbsp;:</p> <p>R/ Exauce-nous, Seigneur ressuscité&nbsp;!</p> <p>Jésus, souviens-toi de l’Église, née de ton côté ouvert&nbsp;: <br> –&nbsp;qu’elle y puise l’eau et le sang dont elle vit.</p> <p>Rappelle-toi l’humble amour de Pierre, à qui tu as confié la charge du troupeau&nbsp;: <br> –&nbsp;garde à son successeur le même amour dans la même foi.</p> <p>Rappelle-toi les bords du lac et la pêche miraculeuse&nbsp;: <br> –&nbsp;rends fructueux le labeur des missionnaires.</p> <p>Rappelle-toi le repas que tu préparais pour tes amis&nbsp;: <br> –&nbsp;donne-nous le goût du pain partagé.</p> <p>Souviens-toi que tu as brisé les portes de la mort&nbsp;:<br> –&nbsp;rassemble dans ton Royaume tous nos frères défunts.</p> ",
  "readingsPsalm2Antiphon": "Seigneur, tu règnes à jamais, et tes années n’ont pas de fin, alléluia.",
  "readingsPsalm3Antiphon": "Seigneur, tu règnes à jamais, et tes années n’ont pas de fin, alléluia.",
  "readingsPsalm1Antiphon": "Seigneur, tu règnes à jamais, et tes années n’ont pas de fin, alléluia.",
  "readingsBiblicalReadingTitle": "La victoire de l’Agneau",
  "readingsBiblicalReadingRef": "Ap 14, 1-13",
  "readingsBiblicalReadingContent": "<p>Alors j’ai vu&nbsp;: et voici que l’Agneau se tenait debout sur la montagne de Sion, et avec lui les cent quarante-quatre mille qui portent, inscrits sur leur front, le nom de l’Agneau et celui de son Père. Et j’ai entendu une voix venant du ciel comme la voix des grandes eaux ou celle d’un fort coup de tonnerre&nbsp;; mais cette voix que j’entendais était aussi comme celle des joueurs de cithare qui chantent et s’accompagnent sur leur cithare. Ils chantent un cantique nouveau devant le Trône, et devant les quatre Vivants et les Anciens. Personne ne pouvait apprendre ce cantique sinon les cent quarante-quatre mille, ceux qui ont été rachetés et retirés de la terre. Ceux-là ne se sont pas souillés avec des femmes&nbsp;; ils sont vierges, en effet. Ceux-là suivent l’Agneau partout où il va&nbsp;; ils ont été pris d’entre les hommes, achetés comme prémices pour Dieu et pour l’Agneau. <i>Dans leur bouche, on n’a pas trouvé</i> de mensonge&nbsp;; ils sont sans tache. Puis j’ai vu un autre ange volant en plein ciel&nbsp;; il avait un évangile éternel à proclamer, bonne nouvelle pour ceux qui résident sur la terre, pour toute nation, tribu, langue et peuple. Il disait d’une voix forte&nbsp;: «&nbsp;Craignez Dieu et rendez-lui gloire, car elle est venue, l’heure où il doit juger&nbsp;; prosternez-vous devant celui qui a fait le ciel, la terre, la mer, et les sources des eaux.&nbsp;» Un autre ange, le deuxième, vint à sa suite. Il disait&nbsp;: «&nbsp;Elle est tombée, elle est tombée, Babylone la Grande, elle qui abreuvait toutes les nations du vin de la fureur de sa prostitution.&nbsp;» Un autre ange, le troisième, vint à leur suite. Il disait d’une voix forte&nbsp;: «&nbsp;Si quelqu’un se prosterne devant la Bête et son image, s’il en reçoit la marque sur le front ou sur la main, lui aussi boira du vin de la fureur de Dieu, versé sans mélange dans la coupe de sa colère&nbsp;; il sera torturé par le feu et le soufre devant les anges saints et devant l’Agneau. Et la fumée de ces tortures monte pour les siècles des siècles. Ils n’ont de repos ni le jour ni la nuit, ceux qui se prosternent devant la Bête et son image, et quiconque reçoit la marque de son nom.&nbsp;» C’est ici qu’on reconnaît la persévérance des saints, ceux-là qui gardent les commandements de Dieu et la foi de Jésus. Alors j’ai entendu une voix qui venait du ciel. Elle disait&nbsp;: «&nbsp;Écris&nbsp;: Heureux, dès à présent, les morts qui meurent dans le Seigneur. Oui, dit l’Esprit, qu’ils se reposent de leurs peines, car leurs actes les suivent&nbsp;!&nbsp;»</p>",
  "readingsBiblicalReadingResponsory": "<p>R/ Chantez le cantique de l’Agneau&nbsp;:<br> Gloire au Christ, Maître-de-tout, alléluia&nbsp;!</p> <p>Enfants de Dieu, nous le sommes,<br> discernés par avance dans le Fils unique.</p> <p>Jésus nous conduit vers son Père<br> au prix du sang qu’il a versé.</p> <p>Nos yeux sont fixés sur la cité de fête<br> où nous verrons le visage de Dieu.</p> <p>Bien au-delà de toute souffrance,<br> une joie éternelle nous attend.</p>",
  "readingsPatristicReadingTitle": "HOMÉLIE DE SAINT PIERRE CHRYSOLOGUE SUR LE SACRIFICE SPIRITUEL",
  "readingsPatristicReadingSubtitle": "«&nbsp;Tu as fait de nous un royaume et des prêtres pour notre Dieu&nbsp;»",
  "readingsPatristicReadingContent": "<p><i>Je vous adjure par la miséricorde de Dieu</i>. Saint Paul nous demande, ou plutôt c’est Dieu qui nous demande par l’intermédiaire de Paul&nbsp;: Dieu veut être aimé plus qu’il ne veut être craint. Dieu demande parce qu’il ne veut pas tellement être Seigneur qu’être Père. Dieu demande avec miséricorde pour ne pas exiger avec rigueur. ~ Écoutez ce que demande le Seigneur&nbsp;: Reconnaissez en moi votre corps, vos membres, vos viscères, vos os, votre sang. Et si ce qui appartient à Dieu vous inspire de la crainte, est-ce que vous n’aimez pas ce qui est à vous&nbsp;? Si vous fuyez le Seigneur, pourquoi ne recourez-vous pas à celui qui vous a engendrés&nbsp;? Mais peut-être que l’énormité de ma passion, dont vous êtes les auteurs, vous couvre de honte&nbsp;? Ne craignez pas. Cette croix a été mortelle non pour moi mais pour la mort. Ces clous ne me pénètrent pas de douleur, mais d’un amour encore plus profond envers vous. Ces blessures ne provoquent pas mes gémissements, mais elles vous font entrer davantage dans mon cœur. L’écartèlement de mon corps vous ouvre mes bras, il n’augmente pas mon supplice. Mon sang n’est pas perdu pour moi, mais il est versé pour votre rançon. Venez donc, retournez à moi et reconnaissez votre Père en voyant qu’il vous rend le bien pour le mal, l’amour pour les outrages, et pour de si grandes blessures une si grande charité. Mais écoutons maintenant l’adjuration de l’Apôtre&nbsp;: <i>Je vous adjure d’offrir vos corps</i>. L’Apôtre, par cette demande, a fait accéder tous les hommes au sommet du sacerdoce&nbsp;: <i>offrir vos corps, comme un sacrifice vivant</i>. Quelle fonction sans précédent, que celle du sacerdoce chrétien&nbsp;! L’homme y est à lui-même et la victime et le prêtre&nbsp;; l’homme n’a pas à chercher au dehors ce qu’il doit immoler à Dieu&nbsp;; l’homme apporte avec lui et en lui ce qu’il doit offrir pour lui-même à Dieu en sacrifice&nbsp;; la victime demeure la même, tandis que le prêtre reste aussi le même&nbsp;; la victime qu’on frappe reste vivante, et le prêtre ne meurt pas puisqu’il doit officier. Étonnant sacrifice où le corps est offert sans qu’il y ait de corps, où le sang est offert sans que le sang soit versé. <i>Je vous adjure, par la miséricorde de Dieu, d’offrir vos corps en sacrifice vivant</i>. Mes frères, ce sacrifice du Christ dépend du modèle qu’il nous en a donné, lorsqu’il a immolé son corps pour que sa vie donne la vie au monde&nbsp;; et vraiment il a fait de son corps un sacrifice vivant, puisqu’il vit en étant immolé. Avec une telle victime, la mort est donnée en rançon, le sacrifice demeure, le sacrifice est vivant, la mort reçoit son châtiment. C’est pourquoi les martyrs naissent en mourant, commencent leur vie lorsqu’ils la finissent, vivent par leur mise à mort, et brillent dans le ciel alors que sur la terre on croyait à leur extinction. <i>Je vous adjure, mes frères, par la miséricorde de Dieu, d’offrir vos corps en sacrifice vivant et saint</i>. C’est ce que le Prophète a chanté&nbsp;: <i>Tu ne voulais ni offrande ni sacrifice, mais tu m’as façonné un corps.</i> Sois le sacrifice et le prêtre de Dieu. Ne néglige pas le don que t’a concédé la souveraineté divine. Revêts la robe de la sainteté&nbsp;; boucle sur toi le ceinturon de la chasteté&nbsp;; que le Christ vienne voiler ta tête&nbsp;; que la croix imprimée sur ton front te protège toujours&nbsp;; mets sur ton cœur le mystère de la science divine&nbsp;; fais brûler sans cesse l’encens de ta prière&nbsp;; empoigne le glaive de l’Esprit&nbsp;; fais de ton cœur un autel. Et ainsi présente ton corps à Dieu, offre-le sans crainte en sacrifice. Dieu désire la foi, et non la mort&nbsp;; il a soif de prières et non de sang&nbsp;; il se laisse réconcilier par le bon vouloir, non par le meurtre.</p>",
  "readingsPatristicReadingResponsory": "<p>R/ Dans ton sang, Seigneur,<br> tu nous as rachetés pour Dieu&nbsp;!</p> <p>Les anciens se prosternèrent devant l’Agneau&nbsp;;<br> ils chantaient un cantique nouveau.</p> <p>Comme un agneau sans défaut et sans tache,<br> Jésus s’est offert lui-même à Dieu.</p>",
  "readingsOration": "Accorde-nous, Seigneur, d’entrer dans la joie de notre salut alors que nous fêtons la résurrection de ton Fils.",
  "middleOfDayPsalm1Antiphon": "Alléluia, alléluia, alléluia&nbsp;!",
  "middleOfDayTierceReadingRef": "Ac 4, 11-12",
  "middleOfDayTierceReadingContent": "<p>Jésus est la pierre qu’ont rejetée les bâtisseurs, et il est devenu la pierre d’angle. En dehors de lui, il n’y a pas de salut. Et son nom, donné aux hommes, est le seul qui puisse nous sauver.</p>",
  "middleOfDayNoneReadingRef": "Col 3, 1-2",
  "middleOfDayNoneReadingContent": "<p>Vous êtes ressuscités avec le Christ. Recherchez donc les réalités d’en haut&nbsp;: c’est là qu’est le Christ, assis à la droite de Dieu. Tendez vers les réalités d’en haut, et non pas vers celles de la terre.</p>",
  "middleOfDaySexteReadingRef": "Cf. 1 P 3, 21-22a",
  "middleOfDaySexteReadingContent": "<p>Maintenant le baptême vous sauve. Etre baptisé, ce n’est pas être purifié de souillures extérieures, mais s’engager envers Dieu avec une conscience droite, et participer ainsi à la résurrection de Jésus Christ qui est à la droite de Dieu.</p>",
  "morningPsalm1": "PSALM_100",
  "morningPsalm2": "AT_39",
  "morningPsalm3": "PSALM_143a",
  "readingsPsalm1": "PSALM_101_1",
  "readingsPsalm2": "PSALM_101_2",
  "readingsPsalm3": "PSALM_101_3",
  "middleOfDayPsalm1": "PSALM_118_18",
  "middleOfDayPsalm2": "PSALM_87_1",
  "middleOfDayPsalm3": "PSALM_87_2",
  "vespersPsalm1": "PSALM_136",
  "vespersPsalm2": "PSALM_137",
  "vespersPsalm3": "NT_9"
}