{
  "invitatoryAntiphon": "Le Seigneur est vraiment ressuscité, alléluia !",
  "invitatoryAntiphon2": "Nous te louons, splendeur du Père, Jésus, Fils de Dieu.",
  "morningPsalm1Antiphon": "Par tes actions, Seigneur, tu nous as comblés de joie, alléluia.",
  "morningPsalm2Antiphon": "C’est moi qui fais mourir et vivre, c’est moi qui frappe et qui guéris, alléluia.",
  "morningEvangelicAntiphon": "Mon Père vous donnera tout ce que vous demanderez en invoquant mon nom. Alléluia.",
  "morningPsalm3Antiphon": "Tu couronnes ton Christ de puissance et d’honneur, alléluia.",
  "morningReadingRef": "Rm 14, 7-9",
  "morningReading": "Aucun d’entre nous ne vit pour soi-même, et aucun ne meurt pour soi-même&nbsp;: si nous vivons, nous vivons pour le Seigneur&nbsp;; si nous mourons, nous mourons pour le Seigneur. Dans notre vie comme dans notre mort, nous appartenons au Seigneur. Car, si le Christ a connu la mort, puis la vie, c’est pour devenir le Seigneur et des morts et des vivants.",
  "morningIntercession": "<p>Seigneur Jésus, élevé à la droite du Père,<br> regarde avec amour tous ceux qui portent le nom de chrétiens, et rassemble-les dans l’unité de ton Esprit.</p> <p>R/ Exauce-nous, Seigneur de gloire.</p> <p>Accorde à ceux qui sont renés de l’eau et de l’Esprit<br> de suivre le chemin de ta croix glorieuse.</p> <p>Donne ta force à ceux qui souffrent persécution pour ton nom&nbsp;: qu’ils sachent répondre à qui demande raison de leur espérance.</p> <p>Garde-nous unis à toi comme les sarments à la vigne.</p> <p>Puisque ta royauté d’amour s’étend à tout l’univers, que la joie du ciel gagne aussi notre terre.</p> ",
  "vespersPsalm1Antiphon": "Celui qui fait la vérité vient à la lumière, alléluia.",
  "vespersPsalm3Antiphon": "Le Messie devait souffrir la passion pour entrer dans sa gloire, alléluia.",
  "vespersEvangelicAntiphon": "Mon Père vous donnera un autre défenseur&nbsp;: celui-là sera toujours avec vous. Alléluia.",
  "vespersPsalm2Antiphon": "Délivré du séjour des morts, le Seigneur est ressuscité, alléluia.",
  "vespersIntercession": "<p>Prions Jésus notre Sauveur qui a vaincu la mort par sa Croix&nbsp;:</p> <p>R/ Souviens-toi de ton Église.</p> <p>Jésus, pierre rejetée par les bâtisseurs et devenue la pierre d’angle,<br> –&nbsp;fais de nous les pierres vivantes de ton Église.</p> <p>Jésus, témoin fidèle et vrai, premier-né d’entre les morts,<br> –&nbsp;donne à ton Église de témoigner hardiment au milieu du monde.</p> <p>Jésus, Époux de l’Église née de ton côté transpercé,<br> –&nbsp;accorde aux religieux d’entrer dans ce mystère d’alliance.</p> <p>Jésus, Premier et Dernier, qui étais mort et qui es vivant,<br> –&nbsp;fais grandir ta vie dans les baptisés.</p> <p>Jésus, flambeau de la Cité de Dieu, <br> –&nbsp;répands ta clarté sur les défunts.</p> ",
  "readingsPsalm1Antiphon": "Toutes les promesses de Dieu s’accomplissent en Jésus Christ, alléluia.",
  "readingsPsalm2Antiphon": "Toutes les promesses de Dieu s’accomplissent en Jésus Christ, alléluia.",
  "readingsPsalm3Antiphon": "Toutes les promesses de Dieu s’accomplissent en Jésus Christ, alléluia.",
  "readingsBiblicalReadingTitle": "Aimer, à l’exemple du Fils de Dieu",
  "readingsBiblicalReadingRef": "1Jn 3, 11-17",
  "readingsBiblicalReadingContent": "<p>Tel est le message que vous avez entendu depuis le commencement&nbsp;: aimons-nous les uns les autres. Ne soyons pas comme Caïn&nbsp;: il appartenait au Mauvais et il égorgea son frère. Et pourquoi l’a-t-il égorgé&nbsp;? Parce que ses œuvres étaient mauvaises&nbsp;: au contraire, celles de son frère étaient justes. Ne soyez pas étonnés, frères, si le monde a de la haine contre vous. Nous, nous savons que nous sommes passés de la mort à la vie, parce que nous aimons nos frères. Celui qui n’aime pas demeure dans la mort. Quiconque a de la haine contre son frère est un meurtrier, et vous savez que pas un meurtrier n’a la vie éternelle demeurant en lui. Voici comment nous avons reconnu l’amour&nbsp;: lui, Jésus, a donné sa vie pour nous. Nous aussi, nous devons donner notre vie pour nos frères. Celui qui a de quoi vivre en ce monde, s’il voit son frère dans le besoin sans faire preuve de compassion, comment l’amour de Dieu pourrait-il demeurer en lui&nbsp;?</p>",
  "readingsBiblicalReadingResponsory": "<p>Il n’est pas de plus grand amour<br> que de mourir pour celui qu’on aime.</p> <p>R/ Qui perd sa vie la trouvera, alléluia.</p> <p>Christ a donné sa vie pour nous&nbsp;;<br> donnons-la, nous aussi, pour nos frères.</p> <p>Nous sommes passés de la mort à la vie,<br> puisque nous aimons nos frères.</p>",
  "readingsPatristicReadingTitle": "COMMENTAIRE DE SAINT AUGUSTIN SUR L’ÉVANGILE DE JEAN",
  "readingsPatristicReadingSubtitle": "Les deux vies",
  "readingsPatristicReadingContent": "<p>L’Église connaît deux genres de vie qui lui ont été révélés et recommandés par Dieu. L’une de ces vies est dans la foi, l’autre dans la vision&nbsp;; l’une pour le temps du voyage, l’autre pour la demeure d’éternité&nbsp;; l’une dans le labeur, l’autre dans le repos&nbsp;; l’une sur la route, l’autre dans la patrie&nbsp;; l’une dans le travail de l’action, l’autre dans la récompense de la contemplation. ~ La première est symbolisée par l’Apôtre Pierre, la seconde par Jean. La première est en action jusqu’à la fin du monde, avec laquelle elle trouvera sa propre fin&nbsp;; la seconde doit attendre son accomplissement après la fin de ce monde, mais dans le monde futur elle n’a pas de fin. C’est pourquoi il est dit à Pierre&nbsp;: <i>Suis-moi</i>, et au sujet de saint Jean&nbsp;: <i>Si je veux qu’il reste jusqu’à ce que je vienne, est-ce ton affaire&nbsp;? Mais toi, suis-moi.</i> ~ Suis-moi en supportant les maux temporels, à mon imitation&nbsp;; lui, <i>qu’il reste jusqu’à ce que je vienne</i> lui donner les biens éternels. Ce qui peut se dire plus clairement ainsi&nbsp;: Que l’action parfaite vienne à ma suite, modelée à l’exemple de ma passion&nbsp;; que la contemplation, qui ne fait que commencer, reste jusqu’à ce que je vienne, pour obtenir son accomplissement lorsque je viendrai. Suivre le Christ en allant jusqu’à la mort, c’est la plénitude de la patience&nbsp;; rester jusqu’à ce que le Christ vienne, c’est la plénitude de science qui doit le faire connaître. Ici, on supporte les maux de ce monde sur la terre des mourants&nbsp;; là on verra les biens du Seigneur sur la terre des vivants. Lorsque le Seigneur dit&nbsp;: <i>Je veux qu’il reste jusqu’à ce que je vienne</i>, il ne faut pas l’entendre comme s’il avait dit «&nbsp;rester&nbsp;», au sens de rester en arrière ou de s’installer, mais au sens d’attendre. Car ce que saint Jean symbolise ne doit pas s’accomplir maintenant, mais quand le Christ reviendra. Au contraire ce que symbolise saint Pierre, à qui il est dit&nbsp;: <i>Toi, suis-moi</i>, ne parviendra à l’objet de son attente que s’il agit de maintenant. ~ Mais que personne ne sépare ces glorieux Apôtres. Tous deux se rejoignaient dans ce que Pierre symbolisait&nbsp;; et en ce que Jean symbolisait, tous deux se rejoindraient plus tard. C’est symboliquement que l’un suivait et que l’autre restait. Par la foi, tous deux supportaient les maux présents de cette vie malheureuse, et tous deux attendaient les biens futurs de la béatitude. Ce n’est pas eux seulement, c’est toute la sainte Église, l’épouse du Christ, qui agit ainsi&nbsp;: elle doit être délivrée de ces épreuves d’ici-bas, elle doit demeurer dans la félicité d’en haut. Pierre et Jean ont figuré ces deux vies, chacun pour l’une des deux. Mais en réalité, tous deux ont suivi la première, passagèrement, par la foi&nbsp;; et tous deux jouiront de la seconde, éternellement, par la vision. Puisque tous les saints appartiennent inséparablement au corps du Christ, afin de gouverner le vaisseau de la vie présente au milieu de tant d’orages, les clés du Royaume des cieux pour lier et délier les péchés ont été confiées à Pierre, le premier des Apôtres&nbsp;: et c’est encore à l’intention de tous les saints, pour qu’ils connaissent l’abri très paisible de la Vie la plus intime, que Jean l’Évangéliste a reposé sur la poitrine du Christ, Ce n’est donc pas Pierre seul mais toute l’Église qui lie et délie les péchés&nbsp;; et ce n’est pas Jean seul qui boit à la source qu’est la poitrine du Seigneur. Il a révélé par ses paroles que le Verbe, au commencement, était auprès de Dieu et était Dieu, et bien d’autres vérités sublimes sur la divinité du Christ, la Trinité et l’unité de toute la divinité. Ces vérités, qu’il doit contempler face à face dans le Royaume céleste, maintenant il doit les percevoir <i>dans l’image confuse donnée par un miroir</i>. Aussi est-ce le Seigneur lui-même qui répand sur toute la surface de la terre son Évangile pour que, chacun à la mesure de ses capacités, tous les croyants puissent y boire.</p>",
  "readingsPatristicReadingResponsory": "<p>Heureux ceux qui ont vu le Ressuscité Stance<br> et reconnu à ses plaies la victoire.<br> Mais heureux sommes-nous<br> de croire sans avoir vu<br> et, sans le voir encore,<br> d’aimer Jésus, notre Sauveur.</p> <p>R/ Seigneur, tu es vivant, nous t’avons reconnu,<br> au dernier jour nous te verrons.</p> <p>Pleurant près du tombeau,<br> soudain Marie se dresse&nbsp;:<br> qui donc l’appelle par son nom&nbsp;?</p> <p>À la table d’Emmaüs,<br> les voyageurs tout interdits se lèvent&nbsp;:<br> qui donc pour eux vient de rompre le pain&nbsp;?</p> <p>Réfugiés dans la chambre haute,<br> les disciples frémissent&nbsp;:<br> qui donc se tient au milieu d’eux&nbsp;?</p> <p>Approchant du rivage,<br> les pêcheurs soudain s’interrogent&nbsp;:<br> qui donc les attend près d’un feu&nbsp;?</p>",
  "readingsOration": "Avant de s’en aller près de toi, notre Père, ton Fils promit aux Apôtres l’Esprit Saint&nbsp;; ils ont reçu de toi des grâces innombrables qui leur ont fait connaître les choses d’en haut, répands maintenant sur nous les mêmes dons de l’Esprit.",
  "middleOfDayPsalm1Antiphon": "Alléluia, alléluia, alléluia&nbsp;!",
  "middleOfDaySexteReadingRef": "1 Co 15, 20-22",
  "middleOfDaySexteReadingContent": "<p>Le Christ est ressuscité d’entre les morts, pour être parmi les morts le premier ressuscité. Car, la mort étant venue par un homme, c’est par homme aussi que vient la résurrection. En effet, c’est en Adam que meurent tous les hommes&nbsp;; c’est dans le Christ que tous revivront.</p>",
  "middleOfDayTierceReadingRef": "Rm 5, 10-11",
  "middleOfDayTierceReadingContent": "<p>Si Dieu nous a réconciliés avec lui par la mort de son Fils, quand nous étions encore ses ennemis, à plus forte raison, maintenant que nous sommes réconciliés, nous serons sauvés par la vie du Christ ressuscité. Bien plus, nous mettons notre orgueil en Dieu, grâce à Jésus-Christ notre Seigneur, qui nous a réconciliés avec Dieu.</p>",
  "middleOfDayNoneReadingRef": "2 Co 5, 14-15",
  "middleOfDayNoneReadingContent": "<p>L’amour du Christ nous saisit quand nous pensons qu’un seul est mort pour tous, et qu’ainsi tous ont passé par la mort. Car le Christ est mort pour tous, afin que les vivants n’aient plus leur vie centrée sur eux-mêmes, mais sur lui qui est mort et ressuscité pour eux.</p>",
  "morningPsalm1": "PSALM_91",
  "morningPsalm2": "AT_2",
  "morningPsalm3": "PSALM_8",
  "readingsPsalm1": "PSALM_105_1",
  "readingsPsalm2": "PSALM_105_2",
  "readingsPsalm3": "PSALM_105_3",
  "middleOfDayPsalm1": "PSALM_118_11",
  "middleOfDayPsalm2": "PSALM_60",
  "middleOfDayPsalm3": "PSALM_63",
  "vespersPsalm1": "PSALM_118_14",
  "vespersPsalm2": "PSALM_15",
  "vespersPsalm3": "NT_5"
}