{
  "invitatoryAntiphon": "Le Seigneur est vraiment ressuscité, alléluia !",
  "invitatoryAntiphon2": "Nous te louons, splendeur du Père, Jésus, Fils de Dieu.",
  "morningPsalm2Antiphon": "Nous espérions dans le Seigneur, il nous a donné la paix, alléluia.",
  "morningPsalm3Antiphon": "Déjà notre terre a donné son fruit&nbsp;; que les peuples se réjouissent, alléluia.",
  "morningPsalm1Antiphon": "En toi, Seigneur, ton peuple se réjouit, alléluia.",
  "morningEvangelicAntiphon": "Ce n’est pas Moïse, c’est mon Père qui vous donne le vrai pain venu du ciel. Alléluia.",
  "morningIntercession": "<p>Ô Christ, tu as choisi des femmes pour annoncer ta résurrection aux Apôtres,<br> –&nbsp;fais que nous recevions leur témoignage.</p> <p>R/ Exauce-nous, Seigneur de gloire&nbsp;!</p> <p>Tu t’es fait connaître de Marie qui te cherchait parmi les morts,<br> –&nbsp;prononce le nom qui nous retournera vers toi.</p> <p>Tu as laissé vide le tombeau, <br> –&nbsp;garde-nous de te chercher où tu n’es pas.</p> <p>Tu es monté vers ton Père et notre Père,<br> –&nbsp;suscite parmi tes frères des témoins de ta présence.</p> ",
  "vespersPsalm3Antiphon": "R/ Puissance, honneur et gloire à l’Agneau de Dieu&nbsp;!",
  "vespersPsalm2Antiphon": "Mets ton espoir, Israël, dans le Seigneur, alléluia.",
  "vespersPsalm1Antiphon": "Paix sur vous, me voici. Soyez sans crainte. Alléluia.",
  "vespersEvangelicAntiphon": "Le pain de Dieu est celui qui descend du ciel et qui donne la vie au monde, alléluia.",
  "vespersIntercession": "<p>Après avoir connu l’obscurité du tombeau,<br> tu es entré dans la lumière à jamais nouvelle&nbsp;;<br>Seigneur Jésus, entends notre prière&nbsp;:</p> <p>R/ Roi de gloire, exauce-nous&nbsp;!</p> <p>Christ, vainqueur des ténèbres,<br> accorde à tous les membres de ton Corps <br>de mener jusqu’au bout le combat de la foi.</p> <p>Donne aux catéchistes et aux théologiens<br> la passion de ta vérité.</p> <p>Que les évêques, les prêtres et les diacres<br> conduisent ton peuple avec zèle et discernement.</p> <p>Par la puissance de ta croix glorieuse,<br> que tes disciples ouvrent les prisons, brisent les chaînes, libèrent les opprimés.</p> <p>Tu es descendu aux enfers pour en ramener les captifs,<br> entraîne-les vers la libre Jérusalem.</p> ",
  "readingsPsalm3Antiphon": "Il est sorti en vainqueur, le Fils de Dieu, pour triompher encore, alléluia.",
  "readingsPsalm2Antiphon": "Il est sorti en vainqueur, le Fils de Dieu, pour triompher encore, alléluia.",
  "readingsPsalm1Antiphon": "Il est sorti en vainqueur, le Fils de Dieu, pour triompher encore, alléluia.",
  "readingsBiblicalReadingTitle": "Les 7 anges et le châtiment de la terre",
  "readingsBiblicalReadingRef": "Ap 8, 1-13",
  "readingsBiblicalReadingContent": "<p>Quand il ouvrit le septième sceau, il y eut dans le ciel un silence d’environ une demi-heure. Et j’ai vu les sept anges qui se tiennent devant Dieu&nbsp;: il leur fut donné sept trompettes. Un autre ange vint se placer près de l’autel&nbsp;; il portait un encensoir d’or&nbsp;; il lui fut donné quantité de parfums pour les offrir, avec les prières de tous les saints, sur l’autel d’or qui est devant le Trône. Et par la main de l’ange monta devant Dieu la fumée des parfums, avec les prières des saints. Puis l’ange prit l’encensoir et le remplit du feu de l’autel&nbsp;; il le jeta sur la terre&nbsp;: il y eut des coups de tonnerre, des fracas, des éclairs et un tremblement de terre. Puis les sept anges qui avaient les sept trompettes se préparèrent à en sonner. Le premier sonna de la trompette&nbsp;: il y eut de la grêle et du feu mêlés de sang, qui furent jetés sur la terre, et le tiers de la terre brûla, le tiers des arbres brûlèrent, toute l’herbe verte brûla. Le deuxième ange sonna de la trompette&nbsp;: dans la mer fut jetée comme une grande montagne embrasée, et le tiers de la mer fut changé en sang&nbsp;; dans la mer, le tiers des créatures vivantes mourut, et le tiers des bateaux fut détruit. Le troisième ange sonna de la trompette&nbsp;: du ciel tomba une grande étoile qui flambait comme une torche&nbsp;; elle tomba sur le tiers des fleuves et sur les sources des eaux. L’étoile se nomme «&nbsp;Absinthe&nbsp;», et le tiers des eaux devint de l’absinthe&nbsp;: beaucoup de gens moururent à cause des eaux devenues amères. Le quatrième ange sonna de la trompette&nbsp;: le tiers du soleil fut frappé, et le tiers de la lune et le tiers des étoiles&nbsp;; ainsi chacun d’entre eux fut obscurci d’un tiers, le jour perdit le tiers de sa clarté et, de même, la nuit. Alors j’ai vu&nbsp;: et j’entendis un aigle qui volait en plein ciel, disant d’une voix forte&nbsp;: «&nbsp;Malheur&nbsp;! Malheur&nbsp;! Malheur pour ceux qui habitent la terre, car la trompette, encore, doit retentir quand les trois anges sonneront&nbsp;!&nbsp;»</p>",
  "readingsBiblicalReadingResponsory": "<p>R/ Que monte notre prière<br> comme l’encens devant ta face, alléluia&nbsp;!</p> <p>L’ange tenait une coupe<br> pleine de parfum&nbsp;:<br> la prière des saints.</p> <p>De la main de l’ange,<br> la fumée des parfums montait devant Dieu,<br> avec la prière des saints.</p>",
  "readingsPatristicReadingTitle": "HOMELIE DE SAINT AUGUSTIN SUR LE PSAUME 149",
  "readingsPatristicReadingSubtitle": "Le chant nouveau",
  "readingsPatristicReadingContent": "<p><i>Chantez au Seigneur un chant nouveau, sa louange est dans l’assemblée des fidèles</i>. Nous sommes invités à chanter au Seigneur un chant nouveau. L’homme nouveau connaît ce chant nouveau. Le chant est affaire de joie et, si nous y réfléchissons plus attentivement, il est affaire d’amour. Donc, celui qui sait aimer la vie nouvelle sait chanter le chant nouveau. Qu’est-ce que la vie nouvelle&nbsp;? Nous y sommes invités à cause du chant nouveau. Car tout appartient au même Royaume&nbsp;: l’homme nouveau, le chant nouveau, le testament nouveau. Donc l’homme nouveau chantera le chant nouveau et appartiendra au testament nouveau. Chacun aime, mais on doit chercher quel est l’objet de cet amour. Par conséquent, on ne nous demande pas de renoncer à l’amour, mais de choisir ce que nous devons aimer. Mais que pourrons-nous choisir, si d’abord nous ne sommes choisis&nbsp;? Écoutez l’Apôtre Jean&nbsp;: ~ <i>Nous aimons parce que Dieu lui-même nous a aimés le premier</i>. ~ Cherche comment l’homme peut aimer Dieu, et tu ne trouveras absolument rien d’autre que ceci&nbsp;: c’est Dieu, le premier, qui l’a aimé. Celui que nous avons aimé s’est donné lui-même, il s’est donné pour que nous ayons de quoi aimer. Qu’a-t-il donné pour que nous ayons de quoi aimer&nbsp;? Sachez-le plus clairement en écoutant l’Apôtre Paul, qui dit&nbsp;: <i>L’amour de Dieu a été répandu dans nos cœurs</i>. D’où cela vient-il&nbsp;? de nous&nbsp;? de qui donc&nbsp;? <i>Par l’Esprit Saint qui nous a été donné</i>. Puisque nous avons une telle garantie, aimons Dieu de par Dieu. ~ Écoutez cette parole plus explicite de saint Jean&nbsp;: <i>Dieu est amour. Celui qui demeure dans l’amour demeure en Dieu, et Dieu demeure en lui</i>. Il ne suffit pas de dire&nbsp;: <i>L’amour vient de Dieu</i>. Mais qui d’entre nous oserait dire, comme saint Jean&nbsp;: Dieu est amour&nbsp;? Celui qui a dit cela savait ce qu’il avait en lui. ~ En un mot, Dieu s’offre à nous. Il nous crie&nbsp;: Aimez-moi et vous m’aurez en vous. Car vous ne pouvez même pas m’aimer, si vous ne m’avez pas en vous. Ô mes frères&nbsp;! Ô mes fils&nbsp;! Enfants de l’Église catholique&nbsp;! Plantation sainte et céleste&nbsp;! Vous qui êtes régénérés dans le Christ et qui avez reçu la naissance d’en haut, écoutez-moi, ou plutôt écoutez Dieu par ma voix&nbsp;: <i>Chantez au Seigneur un chant nouveau&nbsp;!</i> Eh bien, dis-tu, je chante&nbsp;! Tu chantes, oui, tu chantes, je l’entends. Mais il ne faut pas que ta vie porte témoignage contre tes paroles. Chantez avec la voix, chantez avec le Cœur, chantez avec la bouche, chantez par toute votre vie&nbsp;: <i>Chantez au Seigneur un chant nouveau</i>. Vous cherchez comment chanter celui que vous aimez&nbsp;? Car, sans aucun doute, tu veux chanter celui que tu aimes. Tu cherches quelles louanges lui chanter&nbsp;? Vous avez entendu&nbsp;: <i>Chantez au Seigneur un chant nouveau</i>. Vous cherchez où sont ses louanges&nbsp;? <i>Sa louange est dans l’assemblée des fidèles</i>. La louange de celui que l’on veut chanter, c’est le chanteur lui-même. Vous voulez dire les louanges de Dieu&nbsp;? Soyez ce que vous dites. Vous êtes sa louange, si vous vivez selon le bien.</p>",
  "readingsPatristicReadingResponsory": "<p>Nous accueillons l’Esprit nouveau,<br> Le souffle d’allégresse,<br> Le don gratuit du Fils ressuscité,<br> Force des croyants.</p> <p>Nous entonnons le chant nouveau,<br> Les hymnes de louange,<br> L’amen appris du Verbe tout-puissant,<br> Gloire des sauvés.</p>",
  "readingsOration": "Seigneur, tu ouvres ton Royaume à ceux qui renaissent de l’eau et de l’Esprit&nbsp;: fais croître en eux la grâce pour que, déjà purifiés de leurs fautes, ils ne rendent vaine aucune de tes promesses.",
  "middleOfDayPsalm1Antiphon": "Alléluia, alléluia, alléluia&nbsp;!",
  "middleOfDaySexteReadingRef": "Cf. 1 P 3, 21-22a",
  "middleOfDaySexteReadingContent": "<p>Maintenant le baptême vous sauve. Etre baptisé, ce n’est pas être purifié de souillures extérieures, mais s’engager envers Dieu avec une conscience droite, et participer ainsi à la résurrection de Jésus Christ qui est à la droite de Dieu.</p>",
  "middleOfDayNoneReadingRef": "Col 3, 1-2",
  "middleOfDayNoneReadingContent": "<p>Vous êtes ressuscités avec le Christ. Recherchez donc les réalités d’en haut&nbsp;: c’est là qu’est le Christ, assis à la droite de Dieu. Tendez vers les réalités d’en haut, et non pas vers celles de la terre.</p>",
  "middleOfDayTierceReadingRef": "Ac 4, 11-12",
  "middleOfDayTierceReadingContent": "<p>Jésus est la pierre qu’ont rejetée les bâtisseurs, et il est devenu la pierre d’angle. En dehors de lui, il n’y a pas de salut. Et son nom, donné aux hommes, est le seul qui puisse nous sauver.</p>",
  "morningPsalm1": "PSALM_84",
  "morningPsalm2": "AT_20",
  "morningPsalm3": "PSALM_66",
  "readingsPsalm1": "PSALM_67_1",
  "readingsPsalm2": "PSALM_67_2",
  "readingsPsalm3": "PSALM_67_3",
  "middleOfDayPsalm1": "PSALM_118_13",
  "middleOfDayPsalm2": "PSALM_73_1",
  "middleOfDayPsalm3": "PSALM_73_2",
  "vespersPsalm1": "PSALM_124",
  "vespersPsalm2": "PSALM_130",
  "vespersPsalm3": "NT_9"
}