{
  "invitatoryAntiphon": "Le Seigneur est vraiment ressuscité, alléluia !",
  "invitatoryAntiphon2": "Nous te louons, splendeur du Père, Jésus, Fils de Dieu.",
  "morningPsalm2Antiphon": "Tu as retenu mon âme devant la fosse du néant, alléluia.",
  "morningPsalm3Antiphon": "Tu visites notre terre et nous combles de richesses, alléluia.",
  "morningPsalm1Antiphon": "Vous avez approché de Sion, la cité du Dieu vivant, alléluia.",
  "morningEvangelicAntiphon": "Je suis l’Alpha et l’Oméga, le premier et le dernier. Je suis de la lignée de David, l’étoile brillante du matin, alléluia.",
  "morningIntercession": "<p>Supplions le Père d’écouter Jésus toujours vivant qui intercède pour les hommes&nbsp;:</p> <p>R/ Dans ton amour, souviens-toi de nous&nbsp;!</p> <p>Dieu, maître de la vie,<br> restaure en nous l’image de ton Fils&nbsp;: <br> –&nbsp;que nous devenions en lui des créatures nouvelles.</p> <p>Détruis les germes de mensonge et de perversité&nbsp;: <br> –&nbsp;que nous vivions dans la vérité du Christ.</p> <p>Donne-nous d’abattre les murs qui séparent<br> –&nbsp;et de bâtir la ville où tous ensemble ne font qu’un.</p> <p>Change notre cœur de pierre en cœur de chair&nbsp;:<br> –&nbsp;que nous renaissions d’en haut.</p> ",
  "vespersPsalm3Antiphon": "Tu nous as rachetés par ton sang, Seigneur, tu fis de nous un peuple de rois.",
  "vespersPsalm2Antiphon": "Le Seigneur rachète ma vie aux griffes de la mort, alléluia.",
  "vespersPsalm1Antiphon": "Recherchez les biens d’en haut, non les choses de la terre, alléluia.",
  "vespersEvangelicAntiphon": "Notre cœur n’était-il pas brûlant tandis que Jésus nous parlait en chemin&nbsp;? Alléluia&nbsp;!",
  "vespersIntercession": "<p>Demandons au Christ d’achever par l’Esprit Saint ce qu’il a commencé dans son Église&nbsp;:</p> <p>R/ Exauce-nous, Seigneur ressuscité&nbsp;!</p> <p>Jésus, souviens-toi de l’Église, née de ton côté ouvert&nbsp;: <br> –&nbsp;qu’elle y puise l’eau et le sang dont elle vit.</p> <p>Rappelle-toi l’humble amour de Pierre, à qui tu as confié la charge du troupeau&nbsp;: <br> –&nbsp;garde à son successeur le même amour dans la même foi.</p> <p>Rappelle-toi les bords du lac et la pêche miraculeuse&nbsp;: <br> –&nbsp;rends fructueux le labeur des missionnaires.</p> <p>Rappelle-toi le repas que tu préparais pour tes amis&nbsp;: <br> –&nbsp;donne-nous le goût du pain partagé.</p> <p>Souviens-toi que tu as brisé les portes de la mort&nbsp;:<br> –&nbsp;rassemble dans ton Royaume tous nos frères défunts.</p> ",
  "readingsPsalm3Antiphon": "Béni sois-tu, Père&nbsp;; aux tout petits tu révèles le secret de ton amour, alléluia.",
  "readingsPsalm2Antiphon": "Béni sois-tu, Père&nbsp;; aux tout petits tu révèles le secret de ton amour, alléluia.",
  "readingsPsalm1Antiphon": "Béni sois-tu, Père&nbsp;; aux tout petits tu révèles le secret de ton amour, alléluia.",
  "readingsBiblicalReadingTitle": "Lettres aux Églises d’Éphèse et de Smyrne",
  "readingsBiblicalReadingRef": "Ap 2, 1-11",
  "readingsBiblicalReadingContent": "<p>À l’ange de l’Église qui est à Éphèse, écris&nbsp;: Ainsi parle celui qui tient les sept étoiles dans sa main droite, qui marche au milieu des sept chandeliers d’or&nbsp;: Je connais tes actions, ta peine, ta persévérance, je sais que tu ne peux supporter les malfaisants&nbsp;; tu as mis à l’épreuve ceux qui se disent apôtres et ne le sont pas&nbsp;; tu as découvert qu’ils étaient menteurs. Tu ne manques pas de persévérance, et tu as tant supporté pour mon nom, sans ménager ta peine. Mais j’ai contre toi que ton premier amour, tu l’as abandonné. Eh bien, rappelle-toi d’où tu es tombé, convertis-toi, reviens à tes premières actions. Sinon je vais venir à toi et je délogerai ton chandelier de sa place, si tu ne t’es pas converti. Pourtant, tu as cela pour toi que tu détestes les agissements des Nicolaïtes —&nbsp;et je les déteste, moi aussi. Celui qui a des oreilles, qu’il entende ce que l’Esprit dit aux Églises. Au vainqueur, je donnerai de goûter à l’arbre de la vie qui est dans le paradis de Dieu. À l’ange de l’Église qui est à Smyrne, écris&nbsp;: Ainsi parle celui qui est le Premier et le Dernier, celui qui était mort et qui est entré dans la vie&nbsp;: Je sais ta détresse et ta pauvreté&nbsp;; pourtant tu es riche&nbsp;! Je connais les propos blasphématoires de ceux qui se disent Juifs et ne le sont pas&nbsp;: ils sont une synagogue de Satan. Sois sans aucune crainte pour ce que tu vas souffrir. Voici que le diable va jeter en prison certains des vôtres pour vous mettre à l’épreuve, et vous serez dans la détresse pendant dix jours. Sois fidèle jusqu’à la mort, et je te donnerai la couronne de la vie. Celui qui a des oreilles, qu’il entende ce que l’Esprit dit aux Églises. Le vainqueur ne pourra être atteint par la seconde mort.</p>",
  "readingsBiblicalReadingResponsory": "<p>R/ Sois fidèle jusqu’à la mort,<br> le Seigneur combat pour toi, alléluia&nbsp;!</p> <p>Ne craignez pas ceux qui tuent le corps<br> et ne peuvent rien faire de plus.</p> <p>Le vainqueur, celui qui croit en moi,<br> ne connaîtra pas la seconde mort.</p> <p>Espère en Dieu, prends cœur et prends courage,<br> espère en Dieu&nbsp;!</p>",
  "readingsPatristicReadingTitle": "LETTRE DE SAINT FULGENCE DE RUSPE À MONIME",
  "readingsPatristicReadingSubtitle": "«&nbsp;Nous sommes un seul corps,<br> car nous avons tous part à un seul pain&nbsp;»",
  "readingsPatristicReadingContent": "<p>La construction spirituelle du corps du Christ se fait dans l’amour puisque, selon les paroles de saint Pierre, <i>les pierres vivantes servent à construire le Temple spirituel pour former un sacerdoce saint, présentant des offrandes spirituelles que Dieu pourra accepter à cause du Christ Jésus</i>. Cette construction spirituelle, on ne peut la demander avec plus d’à-propos que lorsque le corps même et le sang du Christ sont offerts par le corps même du Christ, qui est l’Église, dans le sacrement du pain et de la coupe. La coupe que nous buvons est communion au sang <i>du</i> Christ&nbsp;; le pain que nous rompons est participation au corps du Seigneur. Puisqu’il y a un seul pain, la multitude que nous sommes est un seul corps, car nous avons tous été nourris à un seul pain. C’est pourquoi nous demandons que, la grâce qui a fait de l’Église le corps du Christ, tous les membres de la charité, par le maintien de leur cohésion, persévèrent dans l’unité du corps. Nous demandons à juste titre que cela se réalise en nous par le don du Saint-Esprit&nbsp;; celui-ci est l’unique Esprit du Père et du Fils, car la sainte Trinité est, par nature, unité, égalité et amour&nbsp;; elle est un seul Dieu vrai et unique. Cette sainte Trinité, donc, sanctifie ceux qu’elle adopte en leur communiquant son unanimité. C’est pourquoi il est dit&nbsp;: <i>L’amour de Dieu a été répandu dans nos cœurs par l’Esprit Saint qui nous a été donné.</i> L’Esprit Saint, qui est l’unique Esprit du Père et du Fils, produit en ceux, auxquels il a donné la grâce de l’adoption divine, ce qu’il a produit chez ceux qui avaient reçu ce même Esprit Saint, comme nous le voyons dans les Actes des Apôtres&nbsp;: <i>La multitude de ceux qui avaient adhéré à la foi avait un seul cœur et une seule âme</i>. C’est le Saint-Esprit qui avait réalisé cette unité, lui qui est l’unique Esprit du Père et du Fils, et qui est un seul Dieu avec le Père et le Fils. C’est pourquoi saint Paul dit qu’il faut jalousement garder cette unité par le lien de la paix, lorsqu’il exhorte ainsi les Éphésiens&nbsp;: <i>Je vous encourage donc, moi qui suis en prison à cause du Seigneur, à suivre fidèlement l’appel que vous avez reçu de Dieu&nbsp;; ayez beaucoup d’humilité, de douceur et de patience, supportez-vous les uns les autres avec amour&nbsp;; gardez jalousement l’unité de l’esprit par le lien de la paix, soyez un seul corps et un seul Esprit</i>. ~ C’est Dieu qui conserve dans l’Église son amour qu’il a répandu en elle par l’Esprit Saint. Il fait ainsi de cette Église un sacrifice qui lui est agréable, afin qu’elle puisse toujours recevoir la grâce de l’amour spirituel, et que cette grâce lui permette de <i>s’offrir</i> continuellement en <i>un sacrifice vivant, saint, capable de plaire à Dieu.</i></p>",
  "readingsPatristicReadingResponsory": "<p>R/ Un seul troupeau, un seul berger&nbsp;!</p> <p> Le Seigneur va rassembler ses enfants dispersés,<br> il en fera une seule nation,<br> et un seul roi régnera sur eux.</p> <p> Le Christ, notre paix, a détruit les séparations&nbsp;:<br> en un seul corps,<br> il nous rassemble par la croix.</p>",
  "readingsOration": "Seigneur, fais-nous déployer aux yeux du monde la vitalité du Christ vainqueur de la mort&nbsp;: après avoir reçu le germe de sa grâce, que nous en portions tous les fruits.",
  "middleOfDayPsalm1Antiphon": "Alléluia, alléluia, alléluia&nbsp;!",
  "middleOfDayNoneReadingRef": "Col 3, 1-2",
  "middleOfDayNoneReadingContent": "<p>Vous êtes ressuscités avec le Christ. Recherchez donc les réalités d’en haut&nbsp;: c’est là qu’est le Christ, assis à la droite de Dieu. Tendez vers les réalités d’en haut, et non pas vers celles de la terre.</p>",
  "middleOfDayTierceReadingRef": "Ac 4, 11-12",
  "middleOfDayTierceReadingContent": "<p>Jésus est la pierre qu’ont rejetée les bâtisseurs, et il est devenu la pierre d’angle. En dehors de lui, il n’y a pas de salut. Et son nom, donné aux hommes, est le seul qui puisse nous sauver.</p>",
  "middleOfDaySexteReadingRef": "Cf. 1 P 3, 21-22a",
  "middleOfDaySexteReadingContent": "<p>Maintenant le baptême vous sauve. Etre baptisé, ce n’est pas être purifié de souillures extérieures, mais s’engager envers Dieu avec une conscience droite, et participer ainsi à la résurrection de Jésus Christ qui est à la droite de Dieu.</p>",
  "morningPsalm1": "PSALM_42",
  "morningPsalm2": "AT_23",
  "morningPsalm3": "PSALM_64",
  "readingsPsalm1": "PSALM_36_1",
  "readingsPsalm2": "PSALM_36_2",
  "readingsPsalm3": "PSALM_36_3",
  "middleOfDayPsalm1": "PSALM_118_7",
  "middleOfDayPsalm2": "PSALM_52",
  "middleOfDayPsalm3": "PSALM_53",
  "vespersPsalm1": "PSALM_48_1",
  "vespersPsalm2": "PSALM_48_2",
  "vespersPsalm3": "NT_9"
}