{
  "invitatoryAntiphon": "Le Seigneur est vraiment ressuscité, alléluia !",
  "invitatoryAntiphon2": "Nous te louons, splendeur du Père, Jésus, Fils de Dieu.",
  "morningPsalm2Antiphon": "Ta gloire, ô Christ, emplit la terre&nbsp;; de tes mains jaillit la lumière, alléluia.",
  "morningPsalm3Antiphon": "Jérusalem, célèbre ton Dieu&nbsp;: il te donne la paix, alléluia.",
  "morningPsalm1Antiphon": "Prends confiance, mon fils, tes péchés te sont remis, alléluia.",
  "morningEvangelicAntiphon": "Nous contemplons Jésus, l’Agneau immolé, couronné d’honneur et de gloire, alléluia.",
  "morningReadingRef": "Ac 5, 30-32",
  "morningReading": "Le Dieu de nos pères a ressuscité Jésus, que vous aviez exécuté en le pendant au bois du supplice. C’est lui que Dieu, par sa puissance, a élevé en faisant de lui le Chef, le Sauveur, pour apporter à Israël la conversion et le pardon des péchés. Quant à nous, nous sommes les témoins de tout cela, avec l’Esprit Saint, que Dieu a donné à ceux qui lui obéissent.",
  "morningIntercession": "<p>Ô Christ, tu es entré dans la gloire,<br> –&nbsp;envoie le don que tu nous as promis,<br> pour que nous soyons revêtus de la force d’en haut.</p> <p>R/ Envoie sur nous ton Esprit&nbsp;!</p> <p>Ne nous laisse pas orphelins, <br> –&nbsp;que vienne sur nous l’Esprit consolateur.</p> <p>Tu nous veux prudents comme le serpent, simples comme la colombe,<br> –&nbsp;que ton Esprit Saint nous fasse discerner ce qui est bon.</p> <p>Tu sièges à la droite du Père, où tu intercèdes pour les hommes,<br> –&nbsp;que l’Esprit unisse notre prière à la tienne.</p>",
  "vespersPsalm3Antiphon": "Le Seigneur est ma force et mon chant, il me rend libre, alléluia.",
  "vespersPsalm2Antiphon": "Comme la prunelle de ses yeux, le Seigneur garde son peuple, alléluia.",
  "vespersPsalm1Antiphon": "Le Seigneur m’a délivré des angoisses de la mort, alléluia.",
  "vespersEvangelicAntiphon": "À tous ceux qui le prient, le Père des cieux donne son Esprit, alléluia.",
  "vespersReadingRef": "He 5, 8-10",
  "vespersReading": "Bien qu’il soit le Fils, le Christ a pourtant appris l’obéissance par les souffrances de sa passion&nbsp;; et, ainsi conduit à sa perfection, il est devenu pour tous ceux qui lui obéissent la cause du salut éternel. Car Dieu l’a proclamé grand prêtre selon le sacerdoce de Melkisédek.",
  "vespersIntercession": "<p>Par la puissance de ton Esprit, Seigneur Jésus, vivifie ton Église&nbsp;:</p> <p>R/ Roi de gloire, exauce-nous&nbsp;!</p> <p>Renouvelle l’esprit de service chez ceux qui nous partagent ta parole et ton pain.</p> <p>Réconcilie, dans ton humilité, les riches et les pauvres, les forts et les faibles.</p> <p>Révèle ton Évangile à toutes les nations&nbsp;: qu’elles entendent et qu’elles croient.</p> <p>Console par ton Esprit ceux qui souffrent le deuil, la maladie, le découragement.</p> <p>Délivre de leurs fautes nos frères qui sont morts&nbsp;; accueille-les parmi les saints du ciel.</p> ",
  "vespersResponsory": "<p>R/ Toi, la paix que rien ne trouble,<br> Esprit le Dieu pour notre terre,<br> Comment es-tu<br> La guerre au cœur de l’homme&nbsp;?<br> <p class=\"antienne rouge\"><i>ou bien</i></p> R/ Spíritus Paráclitus,<br>  *  Allelúia, allelúia. Spíritus.<br> V/ Docébit vos ómnia.<br>  *  Allelúia, allelúia.<br> Glória Patri. Spíritus.<br></p>",
  "readingsPsalm3Antiphon": "Ensevelis dans la mort avec le Christ, vivons avec lui d’une vie nouvelle, alléluia.",
  "readingsPsalm2Antiphon": "Ensevelis dans la mort avec le Christ, vivons avec lui d’une vie nouvelle, alléluia.",
  "readingsPsalm1Antiphon": "Ensevelis dans la mort avec le Christ, vivons avec lui d’une vie nouvelle, alléluia.",
  "readingsBiblicalReadingTitle": "Nous sommes fils de Dieu",
  "readingsBiblicalReadingRef": "1Jn 3, 1-10",
  "readingsBiblicalReadingContent": "<p>Voyez quel grand amour nous a donné le Père pour que nous soyons appelés enfants de Dieu —&nbsp;et nous le sommes. Voici pourquoi le monde ne nous connaît pas&nbsp;: c’est qu’il n’a pas connu Dieu. Bien-aimés, dès maintenant, nous sommes enfants de Dieu, mais ce que nous serons n’a pas encore été manifesté. Nous le savons&nbsp;: quand cela sera manifesté, nous lui serons semblables car nous le verrons tel qu’il est. Et quiconque met en lui une telle espérance se rend pur comme lui-même est pur. Qui commet le péché transgresse la loi&nbsp;; car le péché, c’est la transgression. Or, vous savez que lui, Jésus, s’est manifesté pour enlever les péchés, et qu’il n’y a pas de péché en lui. Quiconque demeure en lui ne pèche pas&nbsp;; quiconque pèche ne l’a pas vu et ne le connaît pas. Petits enfants, que nul ne vous égare&nbsp;: celui qui pratique la justice est juste comme lui, Jésus, est juste&nbsp;; celui qui commet le péché est du diable, car, depuis le commencement, le diable est pécheur. C’est pour détruire les œuvres du diable que le Fils de Dieu s’est manifesté. Quiconque est né de Dieu ne commet pas de péché, car ce qui a été semé par Dieu demeure en lui&nbsp;: il ne peut donc pas pécher, puisqu’il est né de Dieu. Voici comment se manifestent les enfants de Dieu et les enfants du diable&nbsp;: quiconque ne pratique pas la justice n’est pas de Dieu, et pas davantage celui qui n’aime pas son frère.</p>",
  "readingsBiblicalReadingResponsory": "<p>R/ Voyez quel grand amour nous est donné&nbsp;!</p> <p>Enfants de Dieu, nous le sommes,<br> discernés par avance dans le Fils unique.</p> <p>Au prix du sang qu’il a versé,<br> Jésus nous conduit vers le Père.</p> <p>Au-delà de toute souffrance,<br> une joie éternelle nous attend.</p>",
  "readingsPatristicReadingTitle": "SERMON DE SAINT LÉON LE GRAND POUR L’ASCENSION",
  "readingsPatristicReadingSubtitle": "L’Ascension du Seigneur fortifie notre foi",
  "readingsPatristicReadingContent": "<p>Dans la solennité pascale, la Résurrection du Seigneur était la cause de notre joie&nbsp;; de même, sa montée au ciel nous donne lieu de nous réjouir, puisque nous commémorons et vénérons comme il convient ce grand jour où notre pauvre nature, en la personne du Christ, a été élevée plus haut que toute l’armée des cieux, plus haut que tous les chœurs des anges, plus haut que toutes les puissances du ciel, jusqu’à s’asseoir auprès de Dieu le Père. C’est sur cette disposition des œuvres divines que nous sommes fondés et construits. La grâce de Dieu devient en effet plus admirable lorsque les hommes ayant vu disparaître ce qui leur inspirait de l’adoration, leur foi n’a pas connu le doute, leur espérance n’a pas été ébranlée, leur charité ne s’est pas refroidie. Voici en quoi consiste la force des grands esprits, telle est la lumière des âmes pleines de foi&nbsp;: croire sans hésitation ce que les yeux du corps ne voient pas, fixer son désir là où le regard ne parvient pas. Mais comment une telle piété pourrait-elle naître en nos cœurs, comment pourrait-on être justifié par la foi, si notre salut ne consistait qu’en des réalités offertes à nos yeux&nbsp;? ~ Ce qui était visible chez notre Rédempteur est passé dans les mystères sacramentels. Et pour rendre la foi plus pure et plus ferme, la vue a été remplacée par l’enseignement&nbsp;: c’est à l’autorité de celui-ci que devaient obéir les cœurs des croyants, éclairés par les rayons du ciel. Cette foi, augmentée par l’Ascension du Seigneur, et fortifiée par le don du Saint-Esprit, n’a redouté ni les chaînes, ni les prisons, ni l’exil, ni la morsure des bêtes, ni les supplices raffinés de cruels persécuteurs. Dans le monde entier, c’est pour cette foi que non seulement des hommes, mais des femmes, et aussi de jeunes enfants et de frêles jeunes filles ont combattu jusqu’à répandre leur sang. Cette foi a chassé des démons, écarté des maladies, ressuscité des morts. Les saints Apôtres eux-mêmes, fortifiés par tant de miracles, instruits par tant de discours, avaient cependant été terrifiés par la cruelle passion du Seigneur et n’avaient pas admis sans hésitation la réalité de sa résurrection. Mais son Ascension leur fit accomplir de tels progrès que tout ce qui, auparavant, leur avait inspiré de la crainte, les rendait joyeux. Ils avaient dirigé leur contemplation vers la divinité de celui qui avait pris place à la droite du Père. La vue de son corps ne pouvait plus les entraver ni les empêcher de considérer, par la fine pointe de leur esprit, qu’en descendant vers nous et qu’en montant vers le Père, il ne s’était pas éloigné de ses disciples. C’est alors, mes bien-aimés, que ce Fils d’homme fut connu, de façon plus haute et plus sainte, comme le Fils de Dieu. Lorsqu’il eut fait retour dans la gloire de son Père, il commença d’une manière mystérieuse, à être plus présent par sa divinité, alors qu’il était plus éloigné quant à son humanité. C’est alors que la foi mieux instruite se rapprocha, par une démarche spirituelle, du Fils égal au Père&nbsp;; elle n’avait plus besoin de toucher dans le Christ cette substance corporelle par laquelle il est inférieur au Père. Le corps glorifié gardait sa nature, mais la foi des croyants était appelée à toucher, non d’une main charnelle mais d’une intelligence spirituelle, le Fils unique égal à celui qui l’engendre.</p>",
  "readingsPatristicReadingResponsory": "<p>R/ Allons dans la joie puiser aux sources du salut&nbsp;!</p> <p>Celui qui boira de l’eau que je lui donnerai<br> n’aura plus jamais soif.</p> <p>L’eau que je vous donnerai deviendra en vous<br> source jaillissant en vie éternelle.</p>",
  "readingsOration": "Tu nous recrées, Seigneur, pour la vie éternelle dans la résurrection de notre Sauveur qui règne désormais auprès de toi&nbsp;; dirige nos cœurs vers sa gloire, afin qu’au jour où il viendra de nouveau, ceux que tu as fait renaître par le baptême soient revêtus de sa lumière impérissable.",
  "middleOfDayPsalm1Antiphon": "Alléluia, alléluia, alléluia&nbsp;!",
  "middleOfDayNoneReadingRef": "1 Co 5, 7-8",
  "middleOfDayNoneReadingContent": "<p>Purifiez-vous des vieux ferments, et vous serez une pâte nouvelle, vous qui êtes comme le pain de la Pâque, celui qui n’a pas fermenté. Voici que le Christ, notre agneau pascal, a été immolé. Célébrons donc la Fête non pas avec de vieux ferments&nbsp;: la perversité et le vice&nbsp;; mais avec du pain non fermenté&nbsp;: la droiture et la vérité.</p>",
  "middleOfDayTierceReadingRef": "Ac 2, 32-36",
  "middleOfDayTierceReadingContent": "<p>Dieu a ressuscité Jésus&nbsp;; nous tous, nous en sommes témoins. Que tout le peuple d’Israël en ait la certitude&nbsp;: ce même Jésus que vous avez crucifié, Dieu a fait de lui le Seigneur et le Christ.</p>",
  "middleOfDaySexteReadingRef": "Ga 3, 27-28",
  "middleOfDaySexteReadingContent": "<p>Vous tous que le baptême a unis au Christ, vous avez revêtu le Christ&nbsp;; il n’y a plus ni Juif ni païen, il n’y a plus ni esclave ni homme libre, il n’y a plus ni l’homme ni la femme, car tous, vous ne faites plus qu’un dans le Christ.</p>",
  "morningPsalm1": "PSALM_50",
  "morningPsalm2": "AT_43",
  "morningPsalm3": "PSALM_147",
  "readingsPsalm1": "PSALM_37_1",
  "readingsPsalm2": "PSALM_37_2",
  "readingsPsalm3": "PSALM_37_3",
  "middleOfDayPsalm1": "PSALM_118_10",
  "middleOfDayPsalm2": "PSALM_58",
  "middleOfDayPsalm3": "PSALM_59",
  "vespersPsalm1": "PSALM_114",
  "vespersPsalm2": "PSALM_120",
  "vespersPsalm3": "NT_11"
}