{
  "invitatoryAntiphon": "Le Seigneur est vraiment ressuscité, alléluia !",
  "invitatoryAntiphon2": "Nous te louons, splendeur du Père, Jésus, Fils de Dieu.",
  "morningEvangelicAntiphon": "En vérité, en vérité, je vous le dis, celui qui croit en moi a la vie éternelle. Alléluia.",
  "morningPsalm3Antiphon": "Le Seigneur est puissant, il domine les peuples, alléluia.",
  "morningPsalm1Antiphon": "Jérusalem, cité de Dieu, chacun renaît en toi, alléluia.",
  "morningPsalm2Antiphon": "Comme un berger, il a rassemblé ses agneaux, alléluia.",
  "morningIntercession": "<p>Jésus ressuscité, tu réjouis ton Église par ta présence, écoute sa prière&nbsp;:</p> <p>R/ Christ vainqueur, sois au milieu de nous.</p> <p>Tu as vaincu la mort et le péché,<br> –&nbsp;libère-nous des puissances du mal.</p> <p>Viens à nous dans ta force invincible,<br> –&nbsp;montre-nous la douceur de ton amour.</p> <p>Toi seul réconcilies, toi seul régénères,<br> –&nbsp;que tes baptisés changent ce monde sans justice.</p> <p>Soutiens notre combat tant qu’il dure,<br> –&nbsp;jusqu’à l’heure de ton retour.</p> ",
  "vespersEvangelicAntiphon": "Je suis le pain vivant qui descend du ciel. Qui mangera ce pain vivra pour toujours. Alléluia.",
  "vespersPsalm2Antiphon": "Le Royaume de David est accompli&nbsp;: béni soit Dieu, alléluia.",
  "vespersPsalm1Antiphon": "Le Seigneur lui donne le trône de David, alléluia.",
  "vespersIntercession": "<p>Seigneur Jésus, tu es mort et ressuscité pour le salut de tous les hommes,<br> souviens-toi de chacun&nbsp;:</p> <p>R/ Visite-nous, Seigneur ressuscité.</p> <p>Toi, le médecin des âmes et des corps, <br> –&nbsp;relève et fortifie les malades.</p> <p>Secours des opprimés,<br> –&nbsp;soutiens ceux que frappe l’injustice ou l’échec.</p> <p>Frère de l’homme seul et misérable,<br> –&nbsp;réconforte celui qui souffre l’épreuve et le deuil.</p> <p>Par ta croix, la joie est entrée dans le monde&nbsp;:<br> –&nbsp;accorde à nos défunts la plénitude de cette joie.</p> ",
  "readingsPsalm3Antiphon": "Nous sommes l’ouvrage de Dieu, créés dans le Christ Jésus en vue des bonnes œuvres, alléluia.",
  "readingsPsalm2Antiphon": "Tu nous as rachetés par ton sang, Seigneur, tu as fait de nous un peuple de rois, alléluia.",
  "readingsPsalm1Antiphon": "Tu nous as rachetés par ton sang, Seigneur, tu as fait de nous un peuple de rois, alléluia.",
  "readingsBiblicalReadingTitle": "L’épreuve de la guerre",
  "readingsBiblicalReadingRef": "Ap 9, 13-21",
  "readingsBiblicalReadingContent": "<p>Le sixième ange sonna de la trompette, et j’entendis une voix venant des quatre cornes de l’autel d’or qui est devant Dieu&nbsp;; elle disait au sixième ange qui avait la trompette&nbsp;: «&nbsp;Libère les quatre anges qui sont enchaînés au bord de l’Euphrate, le grand fleuve.&nbsp;» Alors furent libérés les quatre anges qui étaient prêts pour cette heure, ce jour, ce mois, cette année, afin de tuer le tiers de l’humanité. Les troupes de cavalerie comptaient deux myriades de myriades&nbsp;: j’ai entendu ce nombre. Ainsi, dans ma vision, j’ai vu les chevaux et ceux qui les montaient&nbsp;: ils ont des cuirasses couleur de feu, d’hyacinthe et de soufre&nbsp;; les têtes des chevaux sont comme des têtes de lion&nbsp;; de leurs bouches sortent du feu, de la fumée et du soufre. Le tiers de l’humanité fut tué par ces trois fléaux, le feu, la fumée et le soufre qui sortaient de leurs bouches. Car le pouvoir des chevaux se trouve dans leurs bouches, et aussi dans leurs queues. En effet, celles-ci sont semblables à des serpents, et elles ont des têtes qui font du mal. Et le reste des hommes, ceux qui n’avaient pas été tués par ces fléaux, ne se sont pas convertis, ne renonçant pas aux œuvres de leurs mains&nbsp;; ils n’ont pas cessé de se prosterner devant les démons, les idoles d’or, d’argent, de bronze, de pierre et de bois, qui ne peuvent pas voir, ni entendre, ni marcher. Ils ne se sont pas convertis, ne renonçant ni à leurs meurtres, ni à leurs sortilèges, ni à leur débauche, ni à leurs vols.</p>",
  "readingsBiblicalReadingResponsory": "<p>R/ À toi, Jésus Sauveur,<br> le jugement du monde,<br> alléluia&nbsp;!</p> <p>Ils sont fixés, l’heure et le jour,<br> et le mois et l’année<br> du juste jugement.</p> <p>La terre a peur et se tait<br> quand Dieu se lève pour juger,<br> pour sauver tous les humbles de la terre.</p> <p>Celui qui croit<br> n’est pas soumis au jugement&nbsp;:<br> par la foi, il a connu l’amour de Dieu.</p>",
  "readingsPatristicReadingTitle": "DU TRAITÉ DE SAINT IRÉNÉE CONTRE LES HÉRÉSIES",
  "readingsPatristicReadingSubtitle": "L’Eucharistie, gage de la résurrection",
  "readingsPatristicReadingContent": "<p>Si la chair ne peut être sauvée, alors le Seigneur ne nous a pas rachetés par son sang, la coupe de l’Eucharistie n’est communion à son sang, ni le pain que nous rompons, la communion à son corps. Car le sang n’en est pas, s’il ne provient de veines, de chairs, et du reste de la substance humaine, et c’est pour être vraiment devenu cela que le Verbe de Dieu nous a rachetés par son sang. Ainsi le dît l’Apôtre&nbsp;: <i>En lui nous avons la rédemption par son sang, la rémission des péchés</i>. Parce que nous sommes ses membres, et que nous sommes nourris par la création —&nbsp;cette création qu’il nous donne lui-même, en faisant lever son soleil et pleuvoir comme il veut —&nbsp;il a confirmé que la coupe qui provient de la création était son sang, par lequel se fortifie notre sang&nbsp;; il a confirmé que le pain qui provient de la création était son corps, par lequel il fortifie notre corps. Si la coupe qui a été mélangée, et le pain qui a été fait, reçoivent le Verbe de Dieu, et deviennent l’Eucharistie du sang et du corps du Christ, qui fortifie et affermit notre substance, comment peut-on dire que la chair est incapable de recevoir le don de Dieu, qui est la vie éternelle, alors qu’elle est nourrie par le sang et le corps du Christ, et en est le membre&nbsp;? Voici ce que dit le bienheureux Apôtre à ce sujet dans la Lettre aux Éphésiens&nbsp;: <i>Nous sommes les membres de son corps, formés de sa chair et de ses os</i>. Ce n’est pas de je ne sais quel homme spirituel et invisible, qu’il dit cela, <i>car un esprit n’a ni os ni chair</i>, mais il parle de l’organisme authentiquement humain, qui est constitué de chairs, de nerfs, et d’os, qui est, lui, nourri par la coupe qui est son sang, et fortifié par le pain qui est son corps. Le bois de la vigne, après avoir été couché sur le sol, porte du fruit en son temps&nbsp;; le grain de blé, tombé en terre, et là dissous, resurgit multiplié par l’Esprit de Dieu qui contient tout. Ensuite, grâce au savoir des hommes, ils servent à leur usage et, en recevant le Verbe de Dieu, ils deviennent l’eucharistie, à savoir le corps et le sang du Christ. Ainsi nos corps qui sont nourris de l’eucharistie, après avoir été couchés dans la terre et s’y être dissous, ressusciteront en leur temps, quand le Verbe de Dieu leur donnera la résurrection, pour la gloire de Dieu le Père, lui qui procurera <i>l’immortalité à ce qui est mortel</i>, et offrira <i>l’incorruptibilité à ce qui est corruptible</i>, car <i>la puissance de Dieu se déploie dans la faiblesse</i>.</p>",
  "readingsPatristicReadingResponsory": "<p>R/ Allons dans la joie puiser aux sources du salut&nbsp;!</p> <p>Celui qui boira de l’eau que je lui donnerai<br> n’aura plus jamais soif.</p> <p>L’eau que je vous donnerai deviendra en vous<br> source jaillissant en vie éternelle.</p>",
  "readingsOration": "Dieu éternel et tout-puissant, nous implorons avec plus d’insistance ta bonté en ce temps de Pâques où elle se révèle davantage&nbsp;: puisque tu nous as dégagés de nos erreurs, fais-nous adhérer plus fermement à la vérité.",
  "middleOfDayPsalm1Antiphon": "Alléluia, alléluia, alléluia&nbsp;!",
  "middleOfDaySexteReadingRef": "Tt 3, 5b-7",
  "middleOfDaySexteReadingContent": "<p>Par le bain du baptême, Dieu nous a fait renaître et nous a renouvelés dans l’Esprit Saint. Cet Esprit, Dieu l’a répandu sur nous avec abondance, par Jésus Christ notre Sauveur&nbsp;; ainsi, par sa grâce, nous sommes devenus des justes, et nous possédons dans l’espérance l’héritage de la vie éternelle.</p>",
  "middleOfDayTierceReadingRef": "1 Co 12, 13",
  "middleOfDayTierceReadingContent": "<p>Tous, Juifs ou païens, esclaves ou hommes libres, nous avons été baptisés dans l’unique Esprit pour former un seul corps. Tous, nous avons été désaltérés par l’unique Esprit.</p>",
  "middleOfDayNoneReadingRef": "Cf Col 1, 12-14",
  "middleOfDayNoneReadingContent": "<p>Rendez grâce à Dieu le Père, qui vous a rendus capables d’avoir part, dans la lumière, à l’héritage du peuple saint. Il nous a arrachés au pouvoir des ténèbres, il nous a fait entrer dans le royaume de son Fils bien-aimé, par qui nous sommes rachetés et par qui nos péchés sont pardonnés.</p>",
  "morningPsalm1": "PSALM_86",
  "morningPsalm2": "AT_25",
  "morningPsalm3": "PSALM_98",
  "readingsPsalm1": "PSALM_88_4",
  "readingsPsalm2": "PSALM_88_5",
  "readingsPsalm3": "PSALM_89",
  "middleOfDayPsalm1": "PSALM_118_15",
  "middleOfDayPsalm2": "PSALM_78",
  "middleOfDayPsalm3": "PSALM_79",
  "vespersPsalm1": "PSALM_131_1",
  "vespersPsalm2": "PSALM_131_2",
  "vespersPsalm3": "NT_10"
}