{
  "invitatoryAntiphon": "Le Seigneur est vraiment ressuscité, alléluia !",
  "invitatoryAntiphon2": "Nous te louons, splendeur du Père, Jésus, Fils de Dieu.",
  "morningPsalm3Antiphon": "La terre est remplie de l’amour du Seigneur, alléluia.",
  "morningPsalm2Antiphon": "Célébrez vos fêtes et rendez-lui grâce, alléluia.",
  "morningEvangelicAntiphon": "Je vous laisse la paix, alléluia, je vous donne ma paix. Alléluia.",
  "morningPsalm1Antiphon": "Il était descendu, il est aussi monté au-dessus de tous les cieux, alléluia.",
  "morningIntercession": "<p>Ô Christ, tu as choisi des femmes pour annoncer ta résurrection aux Apôtres,<br> –&nbsp;fais que nous recevions leur témoignage.</p> <p>R/ Exauce-nous, Seigneur de gloire&nbsp;!</p> <p>Tu t’es fait connaître de Marie qui te cherchait parmi les morts,<br> –&nbsp;prononce le nom qui nous retournera vers toi.</p> <p>Tu as laissé vide le tombeau, <br> –&nbsp;garde-nous de te chercher où tu n’es pas.</p> <p>Tu es monté vers ton Père et notre Père,<br> –&nbsp;suscite parmi tes frères des témoins de ta présence.</p> ",
  "vespersPsalm2Antiphon": "Tu as établi ton pouvoir et pris possession de ton règne, alléluia.",
  "vespersPsalm3Antiphon": "R/ Gloire à l’Agneau immolé&nbsp;!",
  "vespersEvangelicAntiphon": "Si vous m’aimiez, vous seriez dans la joie, car je vais vers le Père. Alléluia.",
  "vespersPsalm1Antiphon": "Le Royaume de Dieu est venu maintenant, et la puissance de son Christ, alléluia.",
  "vespersIntercession": "<p>Après avoir connu l’obscurité du tombeau,<br> tu es entré dans la lumière à jamais nouvelle&nbsp;;<br>Seigneur Jésus, entends notre prière&nbsp;:</p> <p>R/ Roi de gloire, exauce-nous&nbsp;!</p> <p>Christ, vainqueur des ténèbres,<br> accorde à tous les membres de ton Corps <br>de mener jusqu’au bout le combat de la foi.</p> <p>Donne aux catéchistes et aux théologiens<br> la passion de ta vérité.</p> <p>Que les évêques, les prêtres et les diacres<br> conduisent ton peuple avec zèle et discernement.</p> <p>Par la puissance de ta croix glorieuse,<br> que tes disciples ouvrent les prisons, brisent les chaînes, libèrent les opprimés.</p> <p>Tu es descendu aux enfers pour en ramener les captifs,<br> entraîne-les vers la libre Jérusalem.</p> ",
  "readingsPsalm2Antiphon": "À tout jamais, le Seigneur est roi, alléluia.",
  "readingsPsalm3Antiphon": "Maintenant, je me lève, dit le Seigneur&nbsp;; j’annoncerai le salut à ceux qui en ont soif. Alléluia.",
  "readingsPsalm1Antiphon": "À tout jamais, le Seigneur est roi, alléluia.",
  "readingsBiblicalReadingTitle": "Victoire finale et jugement",
  "readingsBiblicalReadingRef": "Ap 20, 1-15",
  "readingsBiblicalReadingContent": "<p>Alors j’ai vu un ange qui descendait du ciel&nbsp;; il tenait à la main la clé de l’abîme et une énorme chaîne. Il s’empara du Dragon, le serpent des origines, qui est le Diable, le Satan, et il l’enchaîna pour une durée de mille ans. Il le précipita dans l’abîme, qu’il referma sur lui&nbsp;; puis il mit les scellés pour que le Dragon n’égare plus les nations, jusqu’à ce que les mille ans arrivent à leur terme. Après cela, il faut qu’il soit relâché pour un peu de temps. Puis j’ai vu des trônes&nbsp;: à ceux qui vinrent y siéger fut donné le pouvoir de juger. Et j’ai vu les âmes de ceux qui ont été décapités à cause du témoignage pour Jésus, et à cause de la parole de Dieu, eux qui ne se sont pas prosternés devant la Bête et son image, et qui n’ont pas reçu sa marque sur le front ou sur la main. Ils revinrent à la vie, et ils régnèrent avec le Christ pendant mille ans. Le reste des morts ne revint pas à la vie tant que les mille ans ne furent pas arrivés à leur terme. Telle est la première résurrection. Heureux et saints, ceux qui ont part à la première résurrection&nbsp;! Sur eux, la seconde mort n’a pas de pouvoir&nbsp;: ils seront prêtres de Dieu et du Christ, et régneront avec lui pendant les mille ans. Et quand les mille ans seront arrivés à leur terme, Satan sera relâché de sa prison, il sortira pour égarer les gens des nations qui sont aux quatre coins de la terre, Gog et Magog, afin de les rassembler pour la guerre&nbsp;; ils sont aussi nombreux que le sable de la mer. Ils montèrent, couvrant l’étendue de la terre, ils encerclèrent le camp des saints et la Ville bien-aimée, mais un feu descendit du ciel et les dévora. Et le diable qui les égarait fut jeté dans l’étang de feu et de soufre, où sont aussi la Bête et le faux prophète&nbsp;; ils y seront torturés jour et nuit pour les siècles des siècles. Puis j’ai vu un grand trône blanc et celui qui siégeait sur ce trône. Devant sa face, le ciel et la terre s’enfuirent&nbsp;: nulle place pour eux&nbsp;! J’ai vu aussi les morts, les grands et les petits, debout devant le Trône. On ouvrit des livres, puis un autre encore&nbsp;: le livre de la vie. D’après ce qui était écrit dans les livres, les morts furent jugés selon leurs actes. La mer rendit les morts qu’elle retenait&nbsp;; la Mort et le séjour des morts rendirent aussi ceux qu’ils retenaient, et ils furent jugés, chacun selon ses actes. Puis la Mort et le séjour des morts furent précipités dans l’étang de feu —&nbsp;l’étang de feu, c’est la seconde mort. Et si quelqu’un ne se trouvait pas inscrit dans le livre de la vie, il était précipité dans l’étang de feu.</p>",
  "readingsBiblicalReadingResponsory": "<p>R/ Christ a vaincu la mort,<br> chantons sa gloire, alléluia&nbsp;!</p> <p>Montant sur la hauteur, il a capturé des captifs,<br> reçu des hommes en tribut&nbsp;!</p> <p>Béni soit le Seigneur de jour en jour&nbsp;!<br> Il prend charge de nous, Dieu notre Sauveur&nbsp;!</p> <p>Le Dieu que nous avons est le Dieu des victoires,<br> et les portes de la mort sont à Dieu, le Seigneur.</p>",
  "readingsPatristicReadingTitle": "COMMENTAIRE DE SAINT CYRILLE D’ALEXANDRIE SUR L’ÉVANGILE DE JEAN",
  "readingsPatristicReadingSubtitle": "«&nbsp;Je suis la vigne, vous êtes les sarments&nbsp;»",
  "readingsPatristicReadingContent": "<p>Le Seigneur dit ~ qu’il est lui-même la vigne, pour nous apprendre à nous attacher à son amour et nous montrer combien d’avantages nous retirons de notre union avec lui. Et il compare aux sarments ceux qui lui sont unis, ajustés en quelque sorte et fixés en lui&nbsp;: ceux-là sont déjà <i>participants de sa nature</i> du fait qu’ils ont reçu le Saint-Esprit en partage. Car ce qui nous unit au Christ Sauveur, c’est son Esprit Saint. L’union avec la vigne de ceux qui se joignent à elle vient de leur libre choix&nbsp;; mais de la part de la vigne à notre égard, cela vient de sa nature. C’est en vertu d’un bon choix que nous nous avançons par la foi, et nous devenons de sa race parce que nous avons reçu de lui la dignité de fils adoptifs. En effet, selon saint Paul, <i>celui qui s’unit au Seigneur ne fait plus qu’un esprit avec lui</i>. En d’autres endroits de l’Écriture, par la voix du Prophète, le Christ est appelé base et fondement. En effet, c’est sur lui que nous sommes bâtis, et nous sommes appelés pierres vivantes et spirituelles, <i>en vue d’un sacerdoce saint, pour devenir une habitation de Dieu dans l’Esprit</i>, et nous ne pouvons pas entrer dans cet édifice si nous n’avons pas le Christ comme fondation. C’est dans le même sens que Jésus dit ici qu’il est la vigne qui engendre et nourrit les sarments. En effet, nous avons reçu la nouvelle naissance de lui et en lui, dans l’Esprit, en vue de porter des fruits de vie&nbsp;; non pas de la vie ancienne et dépassée, mais de la vie renouvelée par la foi et l’amour envers lui. Maintenons-nous dans cet état, greffés en quelque sorte sur le Christ, attachés coûte que coûte au commandement sacré qui nous a été donné. Évertuons-nous à conserver les avantages de notre noblesse, c’est-à-dire à ne laisser aucunement contrister le Saint-Esprit qui a fait son habitation en nous, et par qui l’on sait que Dieu demeure en nous. Comment nous sommes dans le Christ, et lui en nous, le sage saint Jean nous l’a montré par cette parole&nbsp;: <i>Nous reconnaissons qu’il demeure en nous, et nous en lui, parce qu’il nous a donné son Esprit</i>. ~ De même que la souche de la vigne fournit et distribue aux sarments la qualité naturelle qui lui est propre et qui est en elle, c’est ainsi que le Verbe, Fils unique de Dieu le Père, introduit chez les saints une sorte de parenté avec sa nature en leur donnant l’Esprit, surtout à ceux qui lui sont unis par la foi et par une parfaite sainteté. Il les nourrit et fait progresser leur piété, il développe en eux la science de toute vertu et de toute bonté.</p>",
  "readingsPatristicReadingResponsory": "<p>Si tu savais le don de Dieu, Stance<br> si tu croyais celui qui te parle,<br> tu connaîtrais le Père en esprit et en vérité.<br> Laisse les puits de Samarie<br> et viens boire l’eau vive du Rocher&nbsp;:<br> Jésus Christ.</p> <p>R/ Seigneur, donne-moi cette eau,<br> que je n’aie plus jamais soif&nbsp;!</p> <p>En toi est la source de vie,<br> par ta lumière nous voyons la lumière.</p> <p>Garde ton amour à ceux qui t’ont connu,<br> la justice à tous les cœurs droits.</p>",
  "readingsOration": "Dieu qui nous recrées pour la vie éternelle dans la résurrection du Christ, fortifie la foi et l’espérance de ton peuple&nbsp;: ne laisse pas le doute entamer notre confiance en la promesse que toi-même nous as faite.",
  "middleOfDayPsalm1Antiphon": "Alléluia, alléluia, alléluia&nbsp;!",
  "middleOfDaySexteReadingRef": "Cf. 1 P 3, 21-22a",
  "middleOfDaySexteReadingContent": "<p>Maintenant le baptême vous sauve. Etre baptisé, ce n’est pas être purifié de souillures extérieures, mais s’engager envers Dieu avec une conscience droite, et participer ainsi à la résurrection de Jésus Christ qui est à la droite de Dieu.</p>",
  "middleOfDayTierceReadingRef": "Ac 4, 11-12",
  "middleOfDayTierceReadingContent": "<p>Jésus est la pierre qu’ont rejetée les bâtisseurs, et il est devenu la pierre d’angle. En dehors de lui, il n’y a pas de salut. Et son nom, donné aux hommes, est le seul qui puisse nous sauver.</p>",
  "middleOfDayNoneReadingRef": "Col 3, 1-2",
  "middleOfDayNoneReadingContent": "<p>Vous êtes ressuscités avec le Christ. Recherchez donc les réalités d’en haut&nbsp;: c’est là qu’est le Christ, assis à la droite de Dieu. Tendez vers les réalités d’en haut, et non pas vers celles de la terre.</p>",
  "morningPsalm1": "PSALM_23",
  "morningPsalm2": "AT_5",
  "morningPsalm3": "PSALM_32",
  "readingsPsalm1": "PSALM_9B_1",
  "readingsPsalm2": "PSALM_9B_2",
  "readingsPsalm3": "PSALM_11",
  "middleOfDayPsalm1": "PSALM_118_1",
  "middleOfDayPsalm2": "PSALM_12",
  "middleOfDayPsalm3": "PSALM_13",
  "vespersPsalm1": "PSALM_19",
  "vespersPsalm2": "PSALM_20",
  "vespersPsalm3": "NT_9"
}