{
  "invitatoryAntiphon": "Le Seigneur est vraiment ressuscité, alléluia !",
  "invitatoryAntiphon2": "Nous te louons, splendeur du Père, Jésus, Fils de Dieu.",
  "morningPsalm1Antiphon": "Hommes de Galilée, pourquoi fixer le ciel&nbsp;? Vous avez vu Jésus monter au ciel&nbsp;; c’est ainsi qu’il reviendra, alléluia.",
  "morningPsalm2Antiphon": "Exaltez le Roi des rois, louange à notre Dieu, alléluia.",
  "morningPsalm3Antiphon": "Les disciples ont vu Jésus s’élever, alléluia. Une nuée l’emporta dans le ciel, alléluia.",
  "morningEvangelicAntiphon": "Je suis sorti du Père et je suis venu dans le monde. Maintenant, je quitte le monde et je retourne au Père. Alléluia.",
  "morningReadingRef": "He 10, 12-14",
  "morningReading": "Jésus Christ, après avoir offert pour les péchés un unique sacrifice, s’est assis pour toujours à la droite de Dieu. Il attend désormais que ses ennemis soient mis sous ses pieds. Par son sacrifice unique, il a mené pour toujours à leur perfection ceux qui reçoivent de lui la sainteté.",
  "morningIntercession": "<p>Acclamons et louons le Seigneur, élevé au-dessus de tous&nbsp;:</p> <p>R/ Loué sois-tu, Seigneur de gloire&nbsp;!</p> <p>Seigneur Jésus, une fois pour toutes tu t’es offert sur la croix, aujourd’hui tu es monté victorieux à la droite du Père,<br> –&nbsp;achève notre délivrance.</p> <p>Pendant quarante jours, tu t’es montré vivant à tes disciples,<br> –&nbsp;affermis notre foi.</p> <p>Toi qui es entré dans le Saint des saints, Prêtre éternel de l’Alliance nouvelle,<br> –&nbsp;intercède pour nous.</p> <p>Avant de quitter les tiens, tu leur as promis l’Esprit Saint pour qu’ils annoncent l’Évangile jusqu’aux extrémités de la terre,<br> –&nbsp;fortifie notre témoignage.</p> ",
  "vespersPsalm1Antiphon": "Il est monté au ciel, alléluia. Il est assis à la droite du Père, alléluia, alléluia&nbsp;!",
  "vespersPsalm3Antiphon": "Maintenant est glorifié le Fils de l’homme, alléluia, en lui Dieu est glorifié, alléluia&nbsp;!",
  "vespersPsalm2Antiphon": "Dieu s’élève parmi les ovations, le Seigneur aux éclats du cor, alléluia.",
  "vespersEvangelicAntiphon": "Roi de gloire, Dieu de l’univers, toi qui montes au plus haut des cieux, ne nous laisse pas orphelins, envoie-nous celui que le Père a promis, l’Esprit de vérité, alléluia.",
  "vespersReadingRef": "1 P 3, 18.22",
  "vespersReading": "Le Christ est mort pour les péchés, une fois pour toutes&nbsp;; lui, le juste, il est mort pour les coupables afin de vous introduire devant Dieu. Dans sa chair, il a été mis à mort&nbsp;; dans l’esprit, il a été rendu à la vie. Il est monté au ciel, au-dessus des anges et de toutes les puissances invisibles, à la droite de Dieu.",
  "vespersIntercession": "<p>Acclamons et louons le Seigneur, élevé au-dessus de tous&nbsp;:</p> <p>R/ Loué sois-tu, Seigneur de gloire&nbsp;!</p> <p>Seigneur Jésus, une fois pour toutes tu t’es offert sur la croix,<br> aujourd’hui tu es monté victorieux à la droite du Père,<br> –&nbsp;achève notre délivrance.</p> <p>Pendant quarante jours, tu t’es montré vivant à tes disciples,<br> –&nbsp;affermis notre foi.</p> <p>Toi qui es entré dans le Saint des saints, Prêtre éternel de l’Alliance nouvelle,<br> –&nbsp;intercède pour nous.</p> <p>Avant de quitter les tiens, tu leur as promis l’Esprit Saint pour qu’ils annoncent l’Évangile jusqu’aux extrémités de la terre,<br> –&nbsp;fortifie notre témoignage.</p> <p>Toi qui reviendras au dernier jour pour nous prendre avec toi,<br> –&nbsp;sois la résurrection des morts.</p> ",
  "vespersResponsory": "<p>R/ Nous acclamons, Seigneur,<br> la splendeur de ta gloire éternelle&nbsp;!<br> V/ À toi, Seigneur, le règne,<br> la primauté sur l’univers&nbsp;!R/ <br> V/ C’est toi, le Maître de tout,<br> nous voici pour te rendre grâce.&nbsp;R/ <br></p>",
  "readingsPsalm1Antiphon": "Il est sorti vainqueur, le Fils de Dieu, pour vaincre encore, alléluia.",
  "readingsPsalm3Antiphon": "Il a prit possession de son règne, le Seigneur Dieu, Maître-de-tout, alléluia.",
  "readingsPsalm2Antiphon": "Il gravit les hauteurs, emmène les captifs&nbsp;: à tous les hommes il fait largesse, alléluia.",
  "readingsBiblicalReadingTitle": "Monté au plus haut des cieux, le Christ comble tout l’univers",
  "readingsBiblicalReadingRef": "Ep 4, 1-24",
  "readingsBiblicalReadingContent": "<p>Moi qui suis en prison à cause du Seigneur, je vous exhorte donc à vous conduire d’une manière digne de votre vocation&nbsp;: ayez beaucoup d’humilité, de douceur et de patience, supportez-vous les uns les autres avec amour&nbsp;; ayez soin de garder l’unité dans l’Esprit par le lien de la paix. Comme votre vocation vous a tous appelés à une seule espérance, de même il y a un seul Corps et un seul Esprit. Il y a un seul Seigneur, une seule foi, un seul baptême, un seul Dieu et Père de tous, au-dessus de tous, par tous, et en tous. À chacun d’entre nous, la grâce a été donnée selon la mesure du don fait par le Christ. C’est pourquoi l’Écriture dit&nbsp;: <i>Il est monté sur la hauteur, il a capturé des captifs, il a fait des dons aux hommes</i>. Que veut dire&nbsp;: <i>Il est monté</i>&nbsp;? —&nbsp;Cela veut dire qu’il était d’abord descendu dans les régions inférieures de la terre. Et celui qui était descendu est le même qui est monté au-dessus de tous les cieux pour remplir l’univers. Et les <i>dons qu’il a faits</i>, ce sont les Apôtres, et aussi les prophètes, les évangélisateurs, les pasteurs et ceux qui enseignent. De cette manière, les fidèles sont organisés pour que les tâches du ministère soient accomplies et que se construise le corps du Christ, jusqu’à ce que nous parvenions tous ensemble à l’unité dans la foi et la pleine connaissance du Fils de Dieu, à l’état de l’Homme parfait, à la stature du Christ dans sa plénitude. Alors, nous ne serons plus comme des petits enfants, nous laissant secouer et mener à la dérive par tous les courants d’idées, au gré des hommes qui emploient la ruse pour nous entraîner dans l’erreur. Au contraire, en vivant dans la vérité de l’amour, nous grandirons pour nous élever en tout jusqu’à celui qui est la Tête, le Christ. Et par lui, dans l’harmonie et la cohésion, tout le corps poursuit sa croissance, grâce aux articulations qui le maintiennent, selon l’énergie qui est à la mesure de chaque membre. Ainsi le corps se construit dans l’amour. Je vous le dis, j’en témoigne dans le Seigneur&nbsp;: vous ne devez plus vous conduire comme les païens qui se laissent guider par le néant de leur pensée. Ils ont l’intelligence remplie de ténèbres, ils sont étrangers à la vie de Dieu, à cause de l’ignorance qui est en eux, à cause de l’endurcissement de leur cœur&nbsp;; ayant perdu le sens moral, ils se sont livrés à la débauche au point de s’adonner sans retenue à toute sorte d’impureté. Mais vous, ce n’est pas ainsi que l’on vous a appris à connaître le Christ, si du moins l’annonce et l’enseignement que vous avez reçus à son sujet s’accordent à la vérité qui est en Jésus. Il s’agit de vous défaire de votre conduite d’autrefois, c’est-à-dire de l’homme ancien corrompu par les convoitises qui l’entraînent dans l’erreur. Laissez-vous renouveler par la transformation spirituelle de votre pensée. Revêtez-vous de l’homme nouveau, créé, selon Dieu, dans la justice et la sainteté conformes à la vérité.</p>",
  "readingsBiblicalReadingResponsory": "<p>Verbe de Dieu Stance<br> venu prendre chair<br> dans le sein de la Vierge,<br> tu voiles ta splendeur<br> pour vivre comme l’un de nous.<br> Aujourd’hui<br> plus radieux que le soleil,<br> tu disparais à nos yeux<br> et tu retournes près du Père<br> tandis que l’univers t’acclame&nbsp;:</p> <p>R/ Tu es Seigneur,<br> gloire à toi, Fils de l’homme,<br> règne sur la création.</p> <p>Dresse-toi, Seigneur,<br> montre ta force,<br> et nous jouerons une hymne à ta vaillance.</p> <p>Ô Seigneur, notre Dieu,<br> qu’il est grand ton nom,<br> par toute la terre.</p> <p>Seigneur notre Dieu,<br> tu es si grand,<br> drapé de faste et d’éclat.</p>",
  "readingsPatristicReadingTitle": "SERMON DE SAINT AUGUSTIN POUR L’ASCENSION",
  "readingsPatristicReadingSubtitle": "«&nbsp;Dieu nous a fait régner aux cieux, dans le Christ Jésus&nbsp;»",
  "readingsPatristicReadingContent": "<p>Aujourd’hui notre Seigneur Jésus Christ monte au ciel&nbsp;; que notre cœur y monte avec lui. Écoutons ce que nous dit l’Apôtre&nbsp;: <i>Vous êtes ressuscités, avec le Christ. Recherchez donc les réalités d’en haut&nbsp;: c’est là qu’est le Christ, assis à la droite de Dieu. Le but de votre vie est en haut, et non pas sur la terre</i>. De même que lui est monté, mais sans s’éloigner de nous, de même sommes-nous déjà là-haut avec lui, et pourtant ce qu’il nous a promis ne s’est pas encore réalisé dans notre corps. Il a déjà été élevé au-dessus des cieux&nbsp;; cependant il souffre sur la terre toutes les peines que nous ressentons, nous ses membres. Il a rendu témoignage à cette vérité lorsqu’il a crié du haut du ciel&nbsp;: <i>Saul, Saul, pourquoi me persécuter</i>&nbsp;? Et il avait dit aussi&nbsp;: <i>J’avais faim, et vous avez donné à manger</i>. Pourquoi ne travaillons-nous pas, nous aussi, sur la terre, de telle sorte que par la foi, l’espérance, la charité, grâce auxquelles nous nous relions à lui, nous reposerions déjà maintenant avec lui, dans le ciel&nbsp;? Lui, alors qu’il est là-bas, est aussi avec nous&nbsp;; et nous, alors que nous sommes ici, sommes aussi avec lui. Lui fait cela par sa divinité, sa puissance, son amour&nbsp;; et nous, si nous ne pouvons pas le faire comme lui par la divinité, nous le pouvons cependant par l’amour, mais en lui. Lui ne s’est pas éloigné du ciel lorsqu’il en est descendu pour venir vers nous&nbsp;; et il ne s’est pas éloigné de nous lorsqu’il est monté pour revenir au ciel. Il était là-haut, tout en étant ici-bas&nbsp;; lui-même en témoigne&nbsp;: <i>Nul n’est monté au ciel, sinon celui qui est descendu du ciel, le Fils de l’homme, qui est au ciel</i>. ~ Il a parlé ainsi en raison de l’unité qui existe entre lui et nous&nbsp;: il est notre tête, et nous sommes son corps. Cela ne s’applique à personne sinon à lui, parce que nous sommes lui, en tant qu’il est Fils de l’homme à cause de nous, et que nous sommes fils de Dieu à cause de lui. C’est bien pourquoi saint Paul affirme&nbsp;: <i>Notre corps forme un tout, il a pourtant plusieurs membres&nbsp;; et tous les membres, bien qu’étant plusieurs, ne forment qu’un seul corps. De même en est-il pour le Christ</i>. Il ne dit pas&nbsp;: le Christ est ainsi en lui-même, mais il dit&nbsp;: <i>De même en est-il pour le Christ</i> à l’égard de son corps. Le Christ, c’est donc beaucoup de membres en un seul corps. Il est descendu du ciel par miséricorde, et lui seul y est monté, mais par la grâce nous aussi sommes montés en sa personne. De ce fait, le Christ seul est descendu, et le Christ seul est monté&nbsp;; non que la dignité de la tête se répande indifféremment dans le corps, mais l’unité du corps ne lui permet pas de se séparer de la tête.</p>",
  "readingsPatristicReadingResponsory": "<p>Verbe de Dieu, Stance<br> venu prendre chair<br> dans le sein de la Vierge,<br> tu voiles ta splendeur<br> pour vivre comme l’un de nous.<br> Aujourd’hui<br> plus radieux que le soleil,<br> tu disparais à nos yeux<br> et tu retournes près du Père<br> tandis que l’univers t’acclame&nbsp;:</p> <p>R/ Tu es Seigneur,<br> Gloire à toi, Fils de l’homme&nbsp;!<br> Règne sur la création.</p>",
  "readingsOration": "Dieu qui élèves le Christ au-dessus de tout, ouvre-nous à la joie et à l’action de grâce, car l’Ascension de ton Fils est déjà notre victoire&nbsp;: nous sommes les membres de son corps, il nous a précédés dans la gloire auprès de toi, et c’est là que nous vivons en espérance.",
  "middleOfDayPsalm1Antiphon": "Jusqu’aux cieux, Seigneur, ta splendeur est chantée, alléluia.",
  "middleOfDayNoneReadingRef": "Col 3, 1-2",
  "middleOfDayNoneReadingContent": "<p>Vous êtes ressuscités avec le Christ. Recherchez donc les réalités d’en haut&nbsp;: c’est là qu’est le Christ, assis à la droite de Dieu. Tendez vers les réalités d’en haut, et non pas vers celles de la terre.</p>",
  "middleOfDayTierceReadingRef": "Cf. Ap 1, 17c-18",
  "middleOfDayTierceReadingContent": "<p>Je vis comme un fils d’homme qui me disait&nbsp;:\" Je suis le Premier et le Dernier,je suis le Vivant&nbsp;: j’étais mort, mais me voici vivant pour les siècles des siècles, et je détiens les clés de la mort et du séjour des morts.\"</p>",
  "middleOfDaySexteReadingRef": "He 8, 1b-3a",
  "middleOfDaySexteReadingContent": "<p>C’est bien ce grand prêtre-là que nous avons, lui qui s’est assis à la droite de Dieu et qui règne avec lui dans les cieux, après avoir accompli le service du véritable Sanctuaire, et de la véritable Tente dressée par le Seigneur et non par un homme. Le grand prêtre a toujours été chargé d’offrir des dons et des sacrifices.</p>",
  "middleOfDayTierceResponsory": "<p>V/ Que votre cœur ne se trouble pas, alléluia,<br>—  car je vais au Père, alléluia.</p>",
  "middleOfDayNoneResponsory": "<p>V/ &nbsp;À ta droite se tient le Seigneur, alléluia.<br>—  Tu es Prêtre à jamais, alléluia.</p>",
  "middleOfDaySexteResponsory": "<p>V/ &nbsp;À ta droite se tient le Seigneur, alléluia.<br>—  Tu es Prêtre à jamais, alléluia.</p>",
  "morningPsalm1": "PSALM_79",
  "morningPsalm2": "AT_19",
  "morningPsalm3": "PSALM_80",
  "readingsPsalm1": "PSALM_43_1",
  "readingsPsalm2": "PSALM_43_2",
  "readingsPsalm3": "PSALM_43_3",
  "middleOfDayPsalm1": "PSALM_118_9",
  "middleOfDayPsalm2": "PSALM_55",
  "middleOfDayPsalm3": "PSALM_56",
  "vespersPsalm1": "PSALM_71_1",
  "vespersPsalm2": "PSALM_71_2",
  "vespersPsalm3": "NT_10"
}