{
  "invitatoryAntiphon": "Le Seigneur est vraiment ressuscité, alléluia !",
  "invitatoryAntiphon2": "Nous te louons, splendeur du Père, Jésus, Fils de Dieu.",
  "morningPsalm3Antiphon": "Tu couronnes ton Christ de puissance et d’honneur, alléluia.",
  "morningEvangelicAntiphon": "La paix soit avec vous, alléluia&nbsp;! C’est moi, soyez sans crainte. Alléluia&nbsp;!",
  "morningPsalm2Antiphon": "C’est moi qui fais mourir et vivre, c’est moi qui frappe et qui guéris, alléluia.",
  "morningPsalm1Antiphon": "Par tes actions, Seigneur, tu nous as comblés de joie, alléluia.",
  "morningIntercession": "<p>Invoquons Jésus ressuscité qui sans cesse intercède pour nous&nbsp;:</p> <p>R/ Pasteur éternel, sauve-nous&nbsp;!</p> <p>Seigneur Jésus, ton peuple s’éveille à un jour nouveau&nbsp;:<br> –&nbsp;nourris-le de ta parole et de ton pain.</p> <p>Ne permets pas que nous soyons victimes du loup qui dévore ni du mercenaire qui s’enfuit&nbsp;:<br> –&nbsp;apprends-nous à reconnaître ta voix.</p> <p>Fais-nous rejeter la tristesse du péché&nbsp;: <br> –&nbsp;sois toi-même la joie que nul ne pourra nous ravir.</p> <p>Rends-nous attentifs aux appels de nos frères, <br> –&nbsp;et donne ta paix à ceux que nulle présence ne console.</p> ",
  "readingsPsalm2Antiphon": "Toutes les promesses de Dieu s’accomplissent en Jésus Christ, alléluia.",
  "readingsPsalm3Antiphon": "Toutes les promesses de Dieu s’accomplissent en Jésus Christ, alléluia.",
  "readingsPsalm1Antiphon": "Toutes les promesses de Dieu s’accomplissent en Jésus Christ, alléluia.",
  "readingsBiblicalReadingTitle": "Le Livre scellé et l’Agneau",
  "readingsBiblicalReadingRef": "Ap 5, 1-14",
  "readingsBiblicalReadingContent": "<p>J’ai vu, dans la main droite de celui qui siège sur le Trône, un livre en forme de rouleau, écrit au-dedans et à l’extérieur, scellé de sept sceaux. Puis j’ai vu un ange plein de force, qui proclamait d’une voix puissante&nbsp;: «&nbsp;Qui donc est digne d’ouvrir le Livre et d’en briser les sceaux&nbsp;?&nbsp;» Mais personne, au ciel, sur terre ou sous la terre, ne pouvait ouvrir le Livre et regarder. Je pleurais beaucoup, parce que personne n’avait été trouvé digne d’ouvrir le Livre et de regarder. Mais l’un des Anciens me dit&nbsp;: «&nbsp;Ne pleure pas. Voilà qu’il a remporté la victoire, le lion de la tribu de Juda, le rejeton de David&nbsp;: il ouvrira le Livre aux sept sceaux.&nbsp;» Et j’ai vu, entre le Trône, les quatre Vivants et les Anciens, un Agneau debout, comme égorgé&nbsp;; ses cornes étaient au nombre de sept, ainsi que ses yeux, qui sont les sept esprits de Dieu envoyés sur toute la terre. Il s’avança et prit le Livre dans la main droite de celui qui siégeait sur le Trône. Quand l’Agneau eut pris le Livre, les quatre Vivants et les vingt-quatre Anciens se jetèrent à ses pieds. Ils tenaient chacun une cithare et des coupes d’or pleines de parfums qui sont les prières des saints. Ils chantaient ce cantique nouveau&nbsp;: «&nbsp;Tu es digne, de prendre le Livre et d’en ouvrir les sceaux, car tu fus immolé, rachetant pour Dieu, par ton sang, des gens de toute tribu, langue, peuple et nation. Pour notre Dieu, tu en as fait un royaume et des prêtres&nbsp;: ils régneront sur la terre.&nbsp;» Alors j’ai vu&nbsp;: et j’entendis la voix d’une multitude d’anges qui entouraient le Trône, les Vivants et les Anciens&nbsp;; ils étaient des myriades de myriades, par milliers de milliers. Ils disaient d’une voix forte&nbsp;: «&nbsp;Il est digne, l’Agneau immolé, de recevoir puissance et richesse, sagesse et force, honneur, gloire et louange.&nbsp;» Toute créature dans le ciel et sur la terre, sous la terre et sur la mer, et tous les êtres qui s’y trouvent, je les entendis proclamer&nbsp;: «&nbsp;À celui qui siège sur le Trône, et à l’Agneau, la louange et l’honneur, la gloire et la souveraineté pour les siècles des siècles.&nbsp;» Et les quatre Vivants disaient&nbsp;: «&nbsp;Amen&nbsp;!&nbsp;»&nbsp;; et les Anciens, se jetant devant le Trône, se prosternèrent.</p>",
  "readingsBiblicalReadingResponsory": "<p>R/ Puissance, honneur et gloire à l’Agneau de Dieu&nbsp;!</p> <p>Tu es digne, Seigneur,<br> de recevoir puissance, richesse et sagesse,<br> force, honneur, gloire et louange.</p> <p>Car tu fus immolé,<br> et tu as racheté pour Dieu, par ton sang,<br> des hommes de toute tribu, langue, peuple et nation.</p> <p>Tu fais de nous, pour notre Dieu,<br> un Royaume et des prêtres,<br> et nous régnerons sur la terre.</p>",
  "readingsPatristicReadingTitle": "Actes du Concile Vatican II",
  "readingsPatristicReadingSubtitle": "La Liturgie, actualisation du mystère pascal",
  "readingsPatristicReadingContent": "<p><i>Dieu veut que tous les hommes soient sauvés et parviennent à la connaissance de la vérité, et souvent, dans le passé, il a parlé à nos pères par les prophètes sous des formes fragmenentaires et variées</i>. Lorsqu’est venue la plénitude des temps, Il a envoyé son Fils, le Verbe fait chair, consacré par l’onction du Saint-Esprit, pour <i>annoncer la Bonne Nouvelle aux pauvres, pour guérir les cœurs brisés</i>, comme «&nbsp;le médecin de la chair et de l’esprit&nbsp;», <i>le médiateur entre Dieu et les hommes</i>. Car c’est son humanité, dans l’unique Personne du Verbe, qui fut l’instrument de notre salut. C’est pourquoi, dans le Christ, «&nbsp;est apparue la parfaite rançon de notre réconciliation, et la plénitude du culte divin nous a été accordée.&nbsp;» Cette œuvre de la rédemption des hommes et de la parfaite glorification de Dieu avait eu pour prélude les merveilles de Dieu dans le peuple de l’ancienne Alliance. Mais c’est le Christ qui l’a accomplie, principalement par le mystère pascal de sa bienheureuse passion, de sa résurrection du séjour des morts et de son ascension dans la gloire. Par lui, «&nbsp;en mourant, il a détruit notre mort, en ressuscitant, il nous a rendu la vie&nbsp;». Car c’est du côté du Christ endormi sur la croix qu’est né «&nbsp;l’admirable sacrement de l’E’glise tout entière&nbsp;». C’est pourquoi, de même que le Christ avait été envoyé par le Père, ainsi lui-même envoya ses Apôtres, remplis de l’Esprit Saint. Ils devaient annoncer, en <i>prêchant l’Évangile à toute créature</i>, que le Fils de Dieu, par sa mort et sa résurrection, nous a délivrés du pouvoir de Satan ainsi que de la mort. Mais en outre, ils devaient exercer cette œuvre de salut qu’ils annonçaient, par le sacrifice et les sacrements autour desquels gravite toute la vie liturgique. C’est ainsi que, par le baptême, les hommes sont greffés sur le mystère pascal&nbsp;: <i>morts avec lui, ensevelis avec lui, ressuscités avec lui</i>, ils reçoivent l’esprit d’adoption des fils <i>par lequel nous crions vers le Père en l’appelant&nbsp;: Abba&nbsp;!</i> et ils deviennent ces vrais adorateurs que recherche le Père. Semblablement, chaque fois qu’ils mangent la Cène du Seigneur, ils annoncent sa mort <i>jusqu’à ce qu’il vienne</i>. C’est pourquoi, le jour même de la Pentecôte, où l’Église apparut au monde, <i>ceux qui accueillirent la parole</i> de Pierre <i>furent baptisés</i>. Et <i>ils étaient fidèles à écouter l’enseignement des Apôtres, à vivre en communion fraternelle, à rompre le pain et à participer aux prières. ~ Ils louaient Dieu et trouvaient un bon accueil auprès de tout le peuple.</i> Jamais, dans la suite, l’Église n’a omis de se réunir pour célébrer le mystère pascal, en lisant <i>dans toute l’Écriture ce qui le concernait</i>, en célébrant l’Eucharistie dans laquelle «&nbsp;sont rendus présents la victoire et le triomphe de sa mort» et, par là même, en rendant <i>grâce à Dieu pour son don ineffable</i>, dans le Christ Jésus, <i>pour que soit chantée sa gloire</i>.</p>",
  "readingsPatristicReadingResponsory": "<p>Nous accueillons l’Esprit nouveau,<br> le Souffle d’allégresse,<br> le don gratuit du Fils ressuscité,<br> force des croyants.</p> <p>Nous entonnons le chant nouveau,<br> Les hymnes de louange,<br> L’amen appris du Verbe tout-puissant,<br> Gloire des sauvés.</p>",
  "readingsOration": "Dieu qui as envoyé ton Fils pour nous sauver et pour faire de nous tes enfants d’adoption, regarde avec bonté ceux que tu aimes comme un père&nbsp;; puisque nous croyons au Christ, accorde-nous la vraie liberté et la vie éternelle.",
  "middleOfDayPsalm1Antiphon": "Alléluia, alléluia, alléluia&nbsp;!",
  "middleOfDaySexteReadingRef": "1 Co 15, 20-22",
  "middleOfDaySexteReadingContent": "<p>Le Christ est ressuscité d’entre les morts, pour être parmi les morts le premier ressuscité. Car, la mort étant venue par un homme, c’est par homme aussi que vient la résurrection. En effet, c’est en Adam que meurent tous les hommes&nbsp;; c’est dans le Christ que tous revivront.</p>",
  "middleOfDayNoneReadingRef": "2 Co 5, 14-15",
  "middleOfDayNoneReadingContent": "<p>L’amour du Christ nous saisit quand nous pensons qu’un seul est mort pour tous, et qu’ainsi tous ont passé par la mort. Car le Christ est mort pour tous, afin que les vivants n’aient plus leur vie centrée sur eux-mêmes, mais sur lui qui est mort et ressuscité pour eux.</p>",
  "middleOfDayTierceReadingRef": "Rm 5, 10-11",
  "middleOfDayTierceReadingContent": "<p>Si Dieu nous a réconciliés avec lui par la mort de son Fils, quand nous étions encore ses ennemis, à plus forte raison, maintenant que nous sommes réconciliés, nous serons sauvés par la vie du Christ ressuscité. Bien plus, nous mettons notre orgueil en Dieu, grâce à Jésus-Christ notre Seigneur, qui nous a réconciliés avec Dieu.</p>",
  "morningPsalm1": "PSALM_91",
  "morningPsalm2": "AT_2",
  "morningPsalm3": "PSALM_8",
  "readingsPsalm1": "PSALM_105_1",
  "readingsPsalm2": "PSALM_105_2",
  "readingsPsalm3": "PSALM_105_3",
  "middleOfDayPsalm1": "PSALM_117_1",
  "middleOfDayPsalm2": "PSALM_117_2",
  "middleOfDayPsalm3": "PSALM_117_3",
  "vespersPsalm1": "PSALM_109",
  "vespersPsalm2": "PSALM_113A",
  "vespersPsalm3": "NT_12"
}