{
  "invitatoryAntiphon": "Le Seigneur est vraiment ressuscité, alléluia !",
  "invitatoryAntiphon2": "Nous te louons, splendeur du Père, Jésus, Fils de Dieu.",
  "morningPsalm1Antiphon": "Comme un cerf altéré cherche l’eau vive, ainsi mon âme te cherche, toi, mon Dieu, alléluia.",
  "morningPsalm2Antiphon": "Remplis Jérusalem du récit de tes œuvres&nbsp;; qu’on chante tes merveilles, alléluia.",
  "morningEvangelicAntiphon": "À moins de renaître d’en haut, alléluia, nul ne peut voir le Royaume de Dieu.",
  "morningPsalm3Antiphon": "La gloire de Dieu éclaire la ville&nbsp;; l’Agneau est sa lumière, alléluia.",
  "morningIntercession": "<p>Bénissons le Père tout-puissant qui nous relève en son Fils&nbsp;!</p> <p>Pour la gloire du Ressuscité qui rayonne sur le monde,</p> <p>R/ Béni sois-tu&nbsp;!</p> <p>Pour la lumière de la foi qui pénètre nos cœurs,</p> <p>Pour l’avenir où tu nous engages avec toi,</p> <p>Pour le chemin de l’éternité ouvert à tous les hommes,</p> <p>Pour l’Esprit répandu sur toutes les nations,</p> <p>Pour l’amour qui transforme le monde,</p> ",
  "vespersPsalm1Antiphon": "Qu’il soit béni, le Roi qui vient au nom du Seigneur, alléluia.",
  "vespersEvangelicAntiphon": "Ce qui est né de la chair est chair. Ce qui est né de l’Esprit est esprit, alléluia.",
  "vespersPsalm2Antiphon": "Heureux les invités aux noces de l’Agneau, alléluia&nbsp;!",
  "vespersIntercession": "<p>Seigneur Jésus, tu accompagnais sur la route les disciples qui doutaient&nbsp;:<br> –&nbsp;soutiens l’Église dans sa marche, reste avec elle quand vient le soir.</p> <p>R/ Reste avec nous, Seigneur Jésus.</p> <p>Souviens-toi que nous sommes sans intelligence et lents à croire&nbsp;:<br> –&nbsp;augmente la foi de ton Église.</p> <p>Regarde avec bonté ceux qui marchent sans te reconnaître&nbsp;:<br> –&nbsp;manifeste-toi pour qu’ils découvrent leur Sauveur.</p> <p>Tu as tout réconcilié par ta croix&nbsp;:<br> –&nbsp;rassemble les nations dans l’unité de ton Corps.</p> <p>Toi, le juge des vivants et des morts,<br> –&nbsp;accorde ton pardon à ceux qui t’ont donné leur foi.</p> ",
  "readingsPsalm1Antiphon": "La joie du Seigneur est notre rempart, alléluia&nbsp;!",
  "readingsPsalm2Antiphon": "La joie du Seigneur est notre rempart, alléluia&nbsp;!",
  "readingsPsalm3Antiphon": "La joie du Seigneur est notre rempart, alléluia&nbsp;!",
  "readingsBiblicalReadingTitle": "Vision du Fils de l’homme",
  "readingsBiblicalReadingRef": "Ap 1, 1-20",
  "readingsBiblicalReadingContent": "<p>Révélation de Jésus Christ, que Dieu lui a confiée pour montrer à ses serviteurs ce qui doit bientôt advenir&nbsp;; cette révélation, il l’a fait connaître à son serviteur Jean par l’envoi de son ange. Jean atteste comme parole de Dieu et témoignage de Jésus Christ tout ce qu’il a vu. Heureux celui qui lit, heureux ceux qui écoutent les paroles de la prophétie et gardent ce qui est écrit en elle, car le temps est proche. Jean, aux sept Églises qui sont en Asie Mineure&nbsp;: à vous, la grâce et la paix, de la part de Celui qui est, qui était et qui vient, de la part des sept esprits qui sont devant son trône, de la part de Jésus Christ, le témoin fidèle, le premier-né des morts, le prince des rois de la terre. À lui qui nous aime, qui nous a délivrés de nos péchés par son sang, qui a fait de nous un royaume et des prêtres pour son Dieu et Père, à lui, la gloire et la souveraineté pour les siècles des siècles. Amen. <i>Voici qu’il vient avec les nuées</i>, tout œil le verra, ils le verront, ceux qui l’ont <i>transpercé</i>&nbsp;; <i>et sur lui se lamenteront toutes les tribus de la terre</i>. Oui&nbsp;! Amen&nbsp;! Moi, je suis l’Alpha et l’Oméga, dit le Seigneur Dieu, Celui qui est, qui était et qui vient, le Souverain de l’univers. Moi, Jean, votre frère, partageant avec vous la détresse, la royauté et la persévérance en Jésus, je me trouvai dans l’île de Patmos à cause de la parole de Dieu et du témoignage de Jésus. Je fus saisi en esprit, le jour du Seigneur, et j’entendis derrière moi une voix forte, pareille au son d’une trompette. Elle disait&nbsp;: «&nbsp;Ce que tu vois, écris-le dans un livre et envoie-le aux sept Églises&nbsp;: à Éphèse, Smyrne, Pergame, Thyatire, Sardes, Philadelphie et Laodicée.&nbsp;» Je me retournai pour regarder quelle était cette voix qui me parlait. M’étant retourné, j’ai vu sept chandeliers d’or, et au milieu des chandeliers un être qui semblait un Fils d’homme, revêtu d’une longue tunique, une ceinture d’or à hauteur de poitrine&nbsp;; sa tête et ses cheveux étaient blancs comme la laine blanche, comme la neige, et ses yeux comme une flamme ardente&nbsp;; ses pieds semblaient d’un bronze précieux affiné au creuset, et sa voix était comme la voix des grandes eaux&nbsp;; il avait dans la main droite sept étoiles&nbsp;; de sa bouche sortait un glaive acéré à deux tranchants. Son visage brillait comme brille le soleil dans sa puissance. Quand je le vis, je tombai à ses pieds comme mort, mais il posa sur moi sa main droite, en disant&nbsp;: «&nbsp;Ne crains pas. Moi, je suis le Premier et le Dernier, le Vivant&nbsp;: j’étais mort, et me voilà vivant pour les siècles des siècles&nbsp;; je détiens les clés de la mort et du séjour des morts. Écris donc ce que tu as vu, ce qui est, ce qui va ensuite advenir. Quant au mystère des sept étoiles que tu as vues sur ma main droite, et celui des sept chandeliers d’or&nbsp;: les sept étoiles sont les anges des sept Églises, et les sept chandeliers sont les sept Églises.&nbsp;»</p>",
  "readingsBiblicalReadingResponsory": "<p>R/ Gloire éternelle au Christ,<br> gloire au Vivant, alléluia&nbsp;!</p> <p>Il est le commencement,<br> premier-né d’entre les morts.</p> <p>Lui, le premier nous a aimés&nbsp;:<br> il nous a délivrés de nos péchés.</p> <p>Il est le premier et le dernier.<br> Le voici qui vient, nous le verrons&nbsp;!</p>",
  "readingsPatristicReadingTitle": "HOMÉLIE PASCALE ANCIENNE",
  "readingsPatristicReadingSubtitle": "La Pâque, commencement de la vie éternelle",
  "readingsPatristicReadingContent": "<p>La Pâque célébrée par les Juifs symbolisait le salut de leurs premiers-nés. Mais celle que nous célébrons est la cause du salut de tous les hommes, en commençant par le premier homme créé qui est sauvé et vivifié en eux tous. Les réalités partielles et provisoires, images et figures des réalités parfaites et éternelles, préludaient, ainsi que des esquisses, à la Vérité qui s’est maintenant levée à l’horizon&nbsp;; mais quand la Vérité est présente, la figure est périmée&nbsp;: c’est ainsi qu’après l’arrivée d’un roi, personne ne juge convenable de délaisser le roi vivant pour se prosterner devant son image. Il est donc bien évident que la figure est inférieure à la Vérité, quand la figure fête la vie éphémère des premiers-nés des Juifs, tandis que la Vérité fête la vie permanente de tous les hommes. Car ce n’est pas grand-chose d’échapper à la mort pour un temps bref quand on mourra peu après, mais c’est une grande chose que d’échapper totalement à la mort&nbsp;; c’est ce qui nous arrive, puisque <i>le Christ, notre Agneau pascal, a été immolé.</i> Le nom même de la fête prend toute son excellence si on le traduit en l’appliquant à la vérité. «&nbsp;Pâque&nbsp;», en effet, se traduit par «&nbsp;passage&nbsp;», puisque l’Exterminateur qui frappait les premiers-nés «&nbsp;passait» les maisons des Hébreux. Mais ce «&nbsp;passage» de l’Exterminateur, c’est chez nous qu’il est véritable, lorsque, une fois pour toutes, il «&nbsp;passe par-dessus&nbsp;» nous, qui avons été ressuscités par le Christ pour la vie éternelle. ~ Qu’est-ce que signifie, si on la considère par rapport à la Vérité, cette prescription de prendre pour <i>commencement</i> de l’année ce moment où s’accomplissent la Pâque et le salut des premiers-nés&nbsp;? Cela signifie que, pour nous aussi, le commencement de la vie éternelle, c’est le sacrifice de l’Agneau pascal. En effet, l’année symbolise l’éternité, parce qu’elle revient toujours en cercle sur elle-même, et ne s’arrête à aucun terme. Et le Christ, offert en victime pour notre salut, est le <i>Père de l’éternité à venir</i>. C’est-à-dire que, rendant périmée toute notre vie antérieure, il nous donne le commencement d’une autre vie <i>par le bain de la nouvelle naissance, à la ressemblance de sa mort et de sa résurrection</i>. En conséquence, tout homme qui connaît l’Agneau pascal immolé pour son salut doit considérer que pour lui le commencement de la vie, c’est le moment à partir duquel le Christ est immolé pour lui. Or le Christ est immolé pour lui lorsque lui-même reconnaît la grâce et comprend la vie procurée par cette immolation. Sachant cela, qu’il aspire à prendre le commencement de cette vie nouvelle et ne retourne plus vers l’ancienne, dont il atteint le terme. Car il est écrit&nbsp;: <i>Nous qui sommes morts au péché, comment continuerions-nous de vivre en lui&nbsp;?</i></p>",
  "readingsPatristicReadingResponsory": "<p>R/ Notre Pâque immolée, alléluia,<br> c’est le Christ, alléluia, alléluia, alléluia&nbsp;!</p> <p>Pâque Nouvelle&nbsp;! Ô fête de l’Esprit&nbsp;!<br> Ô Pâque du Seigneur<br> qui pour nous descend du ciel&nbsp;!</p> <p>Pâque Nouvelle&nbsp;! Ô Christ ressuscité,<br> tu as vaincu la mort,<br> tu nous as donné la vie&nbsp;!</p>",
  "readingsOration": "Dieu éternel et tout-puissant, toi que nous pouvons déjà appeler notre Père, fais grandir en nos cœurs l’esprit filial, afin que nous soyons capables d’entrer un jour dans l’héritage qui nous est promis.",
  "middleOfDayPsalm1Antiphon": "Alléluia, alléluia, alléluia&nbsp;!",
  "middleOfDaySexteReadingRef": "Col 2, 9.10a.12",
  "middleOfDaySexteReadingContent": "<p>Dans le corps du Christ habite la plénitude de la divinité. En lui vous avez tout reçu en plénitude. Par le baptême, vous avez été mis au tombeau avec lui, avec lui vous avez été ressuscités, parce que vous avez cru en la force de Dieu qui a ressuscité le Christ d’entre les morts.</p>",
  "middleOfDayTierceReadingRef": "Cf. Ap 1, 17c-18",
  "middleOfDayTierceReadingContent": "<p>Je vis comme un fils d’homme qui me disait&nbsp;: «&nbsp;Je suis le Premier et le Dernier,je suis le Vivant&nbsp;: j’étais mort, mais me voici vivant pour les siècles des siècles, et je détiens les clés de la mort et du séjour des morts.&nbsp;»</p>",
  "middleOfDayNoneReadingRef": "2 Tm 2, 8.11",
  "middleOfDayNoneReadingContent": "<p>Souviens-toi de Jésus Christ, le descendant de David&nbsp;: Il est ressuscité d’entre les morts, voilà mon Évangile. Voici une parole sûre&nbsp;: Si nous sommes morts avec lui, avec lui nous vivrons.</p>",
  "morningPsalm1": "PSALM_41",
  "morningPsalm2": "AT_15",
  "morningPsalm3": "PSALM_18A",
  "readingsPsalm1": "PSALM_30_1",
  "readingsPsalm2": "PSALM_30_2",
  "readingsPsalm3": "PSALM_30_3",
  "middleOfDayPsalm1": "PSALM_118_6",
  "middleOfDayPsalm2": "PSALM_39_1",
  "middleOfDayPsalm3": "PSALM_39_2",
  "vespersPsalm1": "PSALM_44_1",
  "vespersPsalm2": "PSALM_44_2",
  "vespersPsalm3": "NT_4"
}