{
  "invitatoryAntiphon": "Le Seigneur est vraiment ressuscité, alléluia !",
  "invitatoryAntiphon2": "Nous te louons, splendeur du Père, Jésus, Fils de Dieu.",
  "morningPsalm3Antiphon": "Le Seigneur bâtit Jérusalem et guérit les cœurs brisés, alléluia.",
  "morningEvangelicAntiphon": "Le serviteur n’est pas plus grand que son maître. S’il ressemble à son maître, il sera parfait, alléluia.",
  "morningPsalm2Antiphon": "Bientôt je vous reverrai, votre cœur se réjouira. Alléluia.",
  "morningPsalm1Antiphon": "Accorde-moi la vie à cause de ton nom, alléluia.",
  "morningIntercession": "<p>Ô Christ, Fils du Dieu vivant, écoute ceux qui t’implorent&nbsp;:</p> <p>R/ Nous t’en prions, Jésus ressuscité.</p> <p>Depuis la nuée lumineuse, tu éclairais ton peuple en marche&nbsp;:<br> –&nbsp;sois pour nous aujourd’hui la lumière de vie.</p> <p>Par la voix de Moïse, tu as enseigné ton peuple sur la montagne&nbsp;:<br> –&nbsp;sois pour nous aujourd’hui la Parole de vie.</p> <p>Par le don de la manne, tu as nourri ton peuple dans le désert&nbsp;:<br> –&nbsp;sois pour nous aujourd’hui le Pain de vie.</p> <p>Par l’eau jaillie du rocher, tu as abreuvé ton peuple&nbsp;:<br> –&nbsp;donne-nous aujourd’hui l’Esprit de vie.</p> ",
  "vespersPsalm2Antiphon": "Béni soit le Seigneur qui nous donne la victoire par le Christ&nbsp;! Alléluia.",
  "vespersEvangelicAntiphon": "Je suis venu pour que les hommes aient la vie, et pour qu’ils l’aient en abondance. Alléluia.",
  "vespersPsalm3Antiphon": "Le Christ, hier et aujourd’hui, le même, éternellement, alléluia&nbsp;!",
  "vespersPsalm1Antiphon": "Le Seigneur est mon sauveur, mon libérateur, alléluia.",
  "vespersIntercession": "<p>Prions Jésus notre Sauveur, vainqueur du mal par la croix&nbsp;:</p> <p>R/ Viens à notre aide, Jésus ressuscité&nbsp;!</p> <p>Par ta résurrection, tu es entré dans le sanctuaire éternel&nbsp;:<br> –&nbsp;conduis-nous vers la gloire du Père.</p> <p>Par ta résurrection, tu as confirmé la foi de tes Apôtres&nbsp;:<br> –&nbsp;donne aux évêques et aux prêtres d’être fidèles à transmettre ton message.</p> <p>Par ta résurrection, tu es devenu notre paix&nbsp;:<br> –&nbsp;fais vivre tous les baptisés en communion de foi et d’amour.</p> <p>Par ta résurrection, tu as guéri le paralytique&nbsp;:<br> –&nbsp;regarde nos malades et manifeste en eux ta gloire.</p> <p>Toi, le premier entre les vivants,<br> –&nbsp;fais entrer dans la vie ceux qui sont morts en toi.</p> ",
  "readingsPsalm2Antiphon": "Nous prêchons, nous, un Seigneur crucifié, puissance et sagesse de Dieu, alléluia.",
  "readingsPsalm3Antiphon": "Nous prêchons, nous, un Seigneur crucifié, puissance et sagesse de Dieu, alléluia.",
  "readingsPsalm1Antiphon": "Nous prêchons, nous, un Seigneur crucifié, puissance et sagesse de Dieu, alléluia.",
  "readingsBiblicalReadingTitle": "Les 7 coupes de la colère de Dieu",
  "readingsBiblicalReadingRef": "Ap 15, 5 –&nbsp;16, 21",
  "readingsBiblicalReadingContent": "<p>Et après cela, j’ai vu&nbsp;: le Sanctuaire où se trouve la Demeure du Témoignage s’ouvrit dans le ciel, et les sept anges aux sept fléaux sortirent du Sanctuaire, habillés de lin pur et resplendissant&nbsp;; ils portaient des ceintures d’or autour de la poitrine. L’un des quatre Vivants donna aux sept anges sept coupes d’or, remplies de la fureur de Dieu, lui qui est vivant pour les siècles des siècles. Et le Sanctuaire fut rempli de fumée par la gloire de Dieu et sa puissance, et personne ne pouvait entrer dans le Sanctuaire jusqu’à ce que s’achèvent les sept fléaux des sept anges. Alors j’entendis une voix forte venant du Sanctuaire, qui disait aux sept anges&nbsp;: «&nbsp;Allez répandre sur la terre les sept coupes de la fureur de Dieu.&nbsp;» Le premier partit et répandit sa coupe sur la terre&nbsp;: il y eut un ulcère malin et pernicieux sur les hommes qui portaient la marque de la Bête, et sur ceux qui se prosternaient devant son image. Le deuxième répandit sa coupe sur la mer&nbsp;: il y eut du sang comme d’un mort, et toute vie dans la mer mourut. Le troisième répandit sa coupe sur les fleuves et les sources des eaux&nbsp;: et il y eut du sang. Alors j’entendis l’ange des eaux qui disait&nbsp;: «&nbsp;Tu es juste, toi qui es, et qui étais, toi le Saint, parce que tu as rendu ce jugement. Ils ont répandu le sang des saints et des prophètes&nbsp;; tu leur as donné du sang à boire&nbsp;: c’est ce qu’ils méritent&nbsp;!&nbsp;» Puis j’ai entendu l’autel qui disait&nbsp;: «&nbsp;Oui, Seigneur Dieu, Souverain de l’univers, ils sont vrais, ils sont justes, tes jugements.&nbsp;» Le quatrième ange répandit sa coupe sur le soleil&nbsp;: il lui fut donné de brûler les hommes de son feu. Les hommes furent brûlés d’une grande brûlure&nbsp;; ils blasphémèrent le nom du Dieu qui a de tels fléaux en son pouvoir, au lieu de se convertir en lui rendant gloire. Le cinquième répandit sa coupe sur le trône de la Bête&nbsp;: il y eut de l’obscurité sur son royaume. Les gens se mordaient la langue de douleur et ils blasphémèrent le Dieu du ciel sous le coup de leurs douleurs et de leurs ulcères, au lieu de se repentir de leurs agissements. Le sixième répandit sa coupe sur le grand fleuve, l’Euphrate&nbsp;: et l’eau en fut tarie pour préparer la route des rois venant du côté où le soleil se lève. Puis j’ai vu sortir de la gueule du Dragon, de celle de la Bête et de celle du faux prophète, trois esprits impurs, pareils à des grenouilles. Ce sont, en effet, des esprits démoniaques qui produisent des signes, et s’en vont vers les rois du monde entier afin de les rassembler pour la bataille du grand jour de Dieu, le Souverain de l’univers. —&nbsp;Voici que je viens comme un voleur. Heureux celui qui veille et garde sur lui ses vêtements pour ne pas aller nu en laissant voir sa honte. Et ils les rassemblèrent en un lieu appelé en hébreu Harmaguédone. Le septième ange répandit sa coupe dans les airs&nbsp;: une voix forte venant du trône sortit du Sanctuaire&nbsp;; elle disait&nbsp;: «&nbsp;C’en est fait&nbsp;!&nbsp;» Il y eut des éclairs, des fracas, des coups de tonnerre&nbsp;; il y eut un grand tremblement de terre&nbsp;: depuis que sur la terre il y a des hommes, il n’y eut jamais de tremblement de terre aussi grand. Et la grande ville se disloqua en trois parties, et les villes des nations tombèrent. Et Dieu se souvint de Babylone la Grande, pour lui donner à boire le vin de sa fureur, la coupe de sa colère. Toutes les îles s’enfuirent, et les montagnes disparurent. Des grêlons d’une masse énorme tombèrent du ciel sur les hommes, qui blasphémèrent Dieu à cause du fléau de la grêle, car c’était un terrible fléau.</p>",
  "readingsBiblicalReadingResponsory": "<p>R/ Christ ressuscité,<br> arrache-nous à la colère qui vient&nbsp;!</p> <p>Si tu retiens les fautes, Seigneur,<br> qui donc subsistera&nbsp;?</p> <p>Toi qui es assis à la droite du Père,<br> prends pitié de nous&nbsp;!</p> <p>Car tu es le seul Saint, le seul Seigneur,<br> le seul Très-Haut&nbsp;!</p>",
  "readingsPatristicReadingTitle": "COMMENTAIRE DE SAINT AUGUSTIN SUR L’ÉVANGILE DE JEAN",
  "readingsPatristicReadingSubtitle": "Le commandement nouveau",
  "readingsPatristicReadingContent": "<p>Le Seigneur Jésus affirme qu’il donne à ses disciples un commandement nouveau, celui de l’amour mutuel, lorsqu’il dit&nbsp;: <i>Je vous donne un commandement nouveau, c’est de vous aimer les uns les autres</i>. Est-ce que ce commandement n’existait pas déjà dans la loi ancienne, puisqu’il y est écrit&nbsp;: <i>Tu aimeras ton prochain comme toi-même&nbsp;?</i> Pourquoi donc le Seigneur appelle-t-il nouveau un commandement qui est évidemment si ancien&nbsp;? Est-ce un commandement nouveau parce qu’en nous dépouillant de l’homme ancien il nous revêt de l’homme nouveau&nbsp;? Certes, l’homme qui écoute ce commandement, ou plutôt qui y obéit, est renouvelé non par n’importe quel amour mais par celui que le Seigneur a précisé, en ajoutant, afin de le distinguer de l’amour charnel&nbsp;: <i>Comme je vous ai aimés</i>. ~ C’est cet amour-là qui nous renouvelle, pour que nous soyons des hommes nouveaux, les héritiers du testament nouveau, les chantres du cantique nouveau. Cet amour-là, frères très chers, a renouvelé même les justes d’autrefois, les patriarches et les prophètes, comme il a renouvelé plus tard les saints Apôtres&nbsp;; c’est lui qui renouvelle maintenant les nations païennes et qui, de tout le genre humain, dispersé sur toute la surface de la terre, suscite et rassemble le peuple nouveau, le corps de la nouvelle épousée du Fils de Dieu, celle dont il est dit dans le Cantique des cantiques&nbsp;: <i>Quelle est celle-ci qui s’élève, toute blanche&nbsp;?</i> Toute blanche, parce que renouvelée. Par quoi, sinon par le commandement nouveau&nbsp;? C’est pourquoi, en elle, ses membres doivent se soucier les uns des autres. <i>Si un membre souffre, tous les membres souffrent avec lui&nbsp;; si un membre est à l’honneur, tous les membres se réjouissent avec lui</i>. Ils entendent, en effet, et observent cette parole&nbsp;: <i>Je vous donne un commandement nouveau, c’est de vous aimer les uns les autres</i>, non pas comme font les débauchés, ni les hommes qui s’aiment simplement parce qu’ils sont des hommes&nbsp;; mais comme s’aiment ceux qui sont tous des dieux et les fils du Très-Haut, si bien qu’ils sont les frères de son Fils unique. Ceux-là s’aiment les uns les autres parce que lui-même les a aimés, pour les conduire à la fin qui les comblera, là où leur désir pourra se rassasier de tous les biens. En effet, aucun désir ne restera insatisfait lorsque Dieu sera tout en tous. ~ Celui qui nous donne cet amour est celui qui dit&nbsp;: <i>Comme je vous ai aimés, aimez-vous les uns les autres</i>. C’est pour cela qu’il nous a aimés&nbsp;: afin qu’à notre tour nous nous aimions les uns les autres. Il nous en a rendus capables en nous aimant, afin que par l’amour mutuel nous soyons liés entre nous et que, par l’union très douce qui lie ses membres, nous soyons le corps d’une telle Tête.</p>",
  "readingsPatristicReadingResponsory": "<p>Il n’est pas de plus grand amour<br> que de mourir pour celui qu’on aime.</p> <p>R/ Qui perd sa vie la trouvera, alléluia.</p> <p> Christ a donné sa vie pour nous&nbsp;;<br> donnons-la, nous aussi, pour nos frères.</p> <p> Nous sommes passés de la mort à la vie,<br> puisque nous aimons nos frères.</p>",
  "readingsOration": "Dieu qui relèves la nature humaine bien au-dessus de sa condition originelle, souviens-toi de cette œuvre de ton amour&nbsp;: maintiens dans ta bénédiction ceux que tu as régénérés.",
  "middleOfDayPsalm1Antiphon": "Alléluia, alléluia, alléluia&nbsp;!",
  "middleOfDayNoneReadingRef": "Cf Col 1, 12-14",
  "middleOfDayNoneReadingContent": "<p>Rendez grâce à Dieu le Père, qui vous a rendus capables d’avoir part, dans la lumière, à l’héritage du peuple saint. Il nous a arrachés au pouvoir des ténèbres, il nous a fait entrer dans le royaume de son Fils bien-aimé, par qui nous sommes rachetés et par qui nos péchés sont pardonnés.</p>",
  "middleOfDayTierceReadingRef": "1 Co 12, 13",
  "middleOfDayTierceReadingContent": "<p>Tous, Juifs ou païens, esclaves ou hommes libres, nous avons été baptisés dans l’unique Esprit pour former un seul corps. Tous, nous avons été désaltérés par l’unique Esprit.</p>",
  "middleOfDaySexteReadingRef": "Tt 3, 5b-7",
  "middleOfDaySexteReadingContent": "<p>Par le bain du baptême, Dieu nous a fait renaître et nous a renouvelés dans l’Esprit Saint. Cet Esprit, Dieu l’a répandu sur nous avec abondance, par Jésus Christ notre Sauveur&nbsp;; ainsi, par sa grâce, nous sommes devenus des justes, et nous possédons dans l’espérance l’héritage de la vie éternelle.</p>",
  "morningPsalm1": "PSALM_142",
  "morningPsalm2": "AT_32",
  "morningPsalm3": "PSALM_146",
  "readingsPsalm1": "PSALM_43_1",
  "readingsPsalm2": "PSALM_43_2",
  "readingsPsalm3": "PSALM_43_3",
  "middleOfDayPsalm1": "PSALM_118_20",
  "middleOfDayPsalm2": "PSALM_127",
  "middleOfDayPsalm3": "PSALM_128",
  "vespersPsalm1": "PSALM_143_1",
  "vespersPsalm2": "PSALM_143_2",
  "vespersPsalm3": "NT_10"
}