{
  "invitatoryAntiphon": "Le Seigneur est vraiment ressuscité, alléluia !",
  "invitatoryAntiphon2": "Nous te louons, splendeur du Père, Jésus, Fils de Dieu.",
  "morningEvangelicAntiphon": "Voici mon commandement&nbsp;: aimez-vous les uns les autres comme je vous ai aimés. Alléluia.",
  "morningPsalm1Antiphon": "Jésus, souviens-toi de moi, quand tu viendras dans ton royaume, alléluia.",
  "morningPsalm3Antiphon": "Louez le Seigneur dans la joie, alléluia.",
  "morningPsalm2Antiphon": "Vraiment tu es un Dieu caché, Dieu d’Israël, Sauveur, alléluia.",
  "morningIntercession": "<p>Jésus, notre berger, ta mort disperse le troupeau,<br> ta résurrection le rassemble.</p> <p>R/ Ô Christ ressuscité, gloire à toi&nbsp;!</p> <p>Tu laisses vide le tombeau,<br> tu te montres vivant à ceux qui croient.</p> <p>La peur tient tes Apôtres enfermés,<br> tu parais et les envoies jusqu’au bout du monde.</p> <p>Sans toi, les pêcheurs du lac n’ont rien pris,<br> au matin, tu remplis leur filet.</p> <p>Ta passion avait troublé leur cœur,<br> mais tu leur dis&nbsp;: La paix soit avec vous&nbsp;!</p> ",
  "vespersEvangelicAntiphon": "Pas de plus grand amour que de donner sa vie pour ceux qu’on aime. Alléluia.",
  "vespersPsalm1Antiphon": "Pour nous donner sa richesse, le Seigneur s’est fait pauvre, alléluia.",
  "vespersPsalm2Antiphon": "Un fleuve de vie réjouit la cité de Dieu, alléluia.",
  "vespersPsalm3Antiphon": "Toi seul es saint, toi seul es le Seigneur&nbsp;!",
  "vespersIntercession": "<p>Agneau pascal, immolé, toujours vivant,<br> fais revivre en toi ceux qui ont traversé les eaux du baptême.</p> <p>R/ Amen&nbsp;! Amen&nbsp;! Alléluia&nbsp;!</p> <p>Agneau pascal, qui enlèves le péché du monde,<br> par ton sang versé, purifie-nous.</p> <p>Agneau pascal, qui ouvres le livre de vie,<br> donne à ceux qui te suivent d’y voir leur nom inscrit.</p> <p>Agneau pascal, d’où jaillissent les fleuves d’eau vive,<br> multiplie dans ton Église les fruits de ta grâce.</p> <p>Agneau pascal, qui trônes dans la gloire,<br> sois la lumière de tes élus.</p> <p>Tu es l’alpha, tu es l’oméga,<br> le premier et le dernier,<br> le commencement et la fin,<br> à toi la gloire éternellement&nbsp;!</p> ",
  "readingsPsalm1Antiphon": "Christ nous a libérés de la mort&nbsp;; un bonheur éternel transfigurera notre visage, alléluia.",
  "readingsPsalm2Antiphon": "Christ nous a libérés de la mort&nbsp;; un bonheur éternel transfigurera notre visage, alléluia.",
  "readingsPsalm3Antiphon": "Christ nous a libérés de la mort&nbsp;; un bonheur éternel transfigurera notre visage, alléluia.",
  "readingsBiblicalReadingTitle": "Le fleuve d’eau vive",
  "readingsBiblicalReadingRef": "Ap 22, 1-9",
  "readingsBiblicalReadingContent": "<p>Puis l’ange me montra l’eau de la vie&nbsp;: un fleuve resplendissant comme du cristal, qui jaillit du trône de Dieu et de l’Agneau. Au milieu de la place de la ville, entre les deux bras du fleuve, il y a un arbre de vie qui donne des fruits douze fois&nbsp;: chaque mois il produit son fruit&nbsp;; et les feuilles de cet arbre sont un remède pour les nations. Toute malédiction aura disparu. Le trône de Dieu et de l’Agneau sera dans la ville, et les serviteurs de Dieu lui rendront un culte&nbsp;; ils verront sa face, et son nom sera sur leur front. La nuit aura disparu, ils n’auront plus besoin de la lumière d’une lampe ni de la lumière du soleil, parce que le Seigneur Dieu les illuminera&nbsp;; ils régneront pour les siècles des siècles. Puis l’ange me dit&nbsp;: «&nbsp;Ces paroles sont dignes de foi et vraies&nbsp;: le Seigneur, le Dieu qui inspire les prophètes, a envoyé son ange pour montrer à ses serviteurs ce qui doit bientôt advenir. Voici que je viens sans tarder. Heureux celui qui garde les paroles de ce livre de prophétie.&nbsp;» C’est moi, Jean, qui entendais et voyais ces choses. Et après avoir entendu et vu, je me jetai aux pieds de l’ange qui me montrait cela, pour me prosterner devant lui. Il me dit&nbsp;: «&nbsp;Non, ne fais pas cela&nbsp;! Je suis un serviteur comme toi, comme tes frères les prophètes et ceux qui gardent les paroles de ce livre. Prosterne-toi devant Dieu&nbsp;!&nbsp;»</p>",
  "readingsBiblicalReadingResponsory": "<p>R/ Nous marchons vers toi,<br> Source de vie, alléluia&nbsp;!</p> <p>Si quelqu’un a soif, qu’il vienne à moi,<br> qu’il boive, celui qui croit en moi&nbsp;:<br> de mon sein couleront pour lui<br> des fleuves d’eau vive.</p> <p>Qui boira l’eau que je lui donnerai<br> n’aura plus jamais soif&nbsp;:<br> cette eau deviendra en lui<br> source jaillissant en vie éternelle.</p>",
  "readingsPatristicReadingTitle": "HOMELIE D’ISAAC DE L’ETOILE POUR L’ASCENSION",
  "readingsPatristicReadingSubtitle": "Premier-né d’une multitude de frères",
  "readingsPatristicReadingContent": "<p>De même que la tête d’un homme et son corps constituent cet homme dans son unité, de même le Fils de la Vierge, avec les membres qu’il a élus, constitue un homme unique, et un seul Fils de Dieu. C’est le Christ total et complet, Tête et corps, dont parle l’Écriture. Oui, tous les membres ensemble forment un seul corps qui, avec sa Tête, constitue l’unique Fils de l’homme. Et lui, avec le Fils de Dieu, constitue l’unique Fils de Dieu, de même qu’avec Dieu il constitue un seul Dieu. Ainsi le corps tout entier, avec sa Tête, est Fils de l’homme et Fils de Dieu, et Dieu par conséquent. D’où cette parole&nbsp;: <i>Père, je veux que, de même que moi et toi nous sommes un, eux aussi soient un avec nous</i>. C’est pourquoi, conformément à cette affirmation fréquente de l’Écriture, le corps n’est pas sans la Tête, ni la Tête sans le corps. Pas plus que la Tête et le corps ne sont sans Dieu. Tel est le Christ total. En conséquence, tous les membres forment un seul Dieu&nbsp;; mais le Fils de Dieu est uni à Dieu par nature&nbsp;; avec lui le Fils de l’homme est dans une unité de type personnel, tandis que son corps lui est uni sacramentellement. ~ Ainsi les membres croyants et spirituels du Christ peuvent dire en toute vérité qu’ils sont ce qu’il est lui-même, à savoir&nbsp;: Fils de Dieu, et Dieu. Mais ce qu’il est par nature, eux le sont comme membres associés&nbsp;; ce qu’il est en plénitude, eux le sont par participation&nbsp;; bref, s’il est Fils de Dieu par son origine, ses membres le sont par adoption, selon cette parole de l’Apôtre&nbsp;: <i>Vous avez reçu un Esprit de fils adoptifs, qui nous fait nous écrier&nbsp;: Abba, Père</i>. En même temps que cet Esprit, <i>il leur a donné pouvoir de devenir enfants de Dieu</i>, afin que, selon l’enseignement <i>du premier-né d’une multitude de frères</i>, ils apprennent à dire&nbsp;: <i>Notre Père qui es aux cieux</i>. Il dit aussi, ailleurs&nbsp;: <i>Je monte vers mon Père et votre Père</i>. ~ Par cet Esprit, il est né du sein de la Vierge comme Fils de l’homme, et comme notre Tête&nbsp;; par le même Esprit, nous renaissons pour notre part de la source baptismale comme fils de Dieu, comme son corps. Et de même que lui est né sans aucun péché, nous renaissons, nous, dans le pardon de tous nos péchés. En effet, de même que dans son corps de chair, il a porté sur le bois tous les péchés de son corps tout entier, ainsi a-t-il donné au corps spirituel la grâce de la régénération, pour que ce corps ne se voie plus imputer aucun péché. L’Écriture le dit&nbsp;: <i>Heureux l’homme à qui le Seigneur n’impute pas de péché</i>. Cet homme heureux, c’est sans doute le Christ, car en tant qu’il est Tête du Christ, Dieu, il remet les péchés&nbsp;; en tant qu’il est Tête du corps, homme unique, il n’a rien à se faire pardonner&nbsp;; et en tant qu’il est le corps de la Tête, fait d’une multitude de membres, il ne se voit imputer aucun péché. Il est juste en lui-même, et lui-même se rend juste. Il est l’unique Sauveur, l’unique sauvé. Car dans son corps, sur le bois, il a porté le péché que par l’eau il a emporté loin de son corps. De deux manières, par le bois et par l’eau, il sauve, lui <i>l’Agneau de Dieu qui porte les péchés du monde</i>, parce qu’il les a pris sur lui&nbsp;; prêtre et sacrifice, il est aussi Dieu&nbsp;; en s’offrant lui-même à lui-même, il s’est réconcilié avec lui-même, comme avec le Père et l’Esprit Saint.</p>",
  "readingsPatristicReadingResponsory": "<p>Vers ton Père et notre Père, Stance<br> tu t’en vas, Sauveur du monde&nbsp;:<br> Emporte notre humanité dans ta gloire,<br> et demeure au milieu de nous<br> par ton Esprit Consolateur.<br> Que l’univers entier tressaille d’espérance<br> en écoutant nos cris de joie&nbsp;:</p> <p>R/ Honneur au Fils de l’homme, alléluia&nbsp;!<br> qui nous introduit près de Dieu, alléluia&nbsp;!</p> <p>Tous les peuples, battez des mains,<br> acclamez Dieu en éclats de joie.</p> <p>Dieu monte parmi l’acclamation,<br> le Seigneur, aux éclats du cor.</p>",
  "readingsOration": "Nous t’en prions, Dieu tout-puissant, conforme notre cœur à la vérité du mystère pascal que nous célébrons dans la joie&nbsp;: qu’il nous protège par sa force et nous apporte le salut.",
  "middleOfDayPsalm1Antiphon": "Alléluia, alléluia, alléluia&nbsp;!",
  "middleOfDaySexteReadingRef": "Ga 3, 27-28",
  "middleOfDaySexteReadingContent": "<p>Vous tous que le baptême a unis au Christ, vous avez revêtu le Christ&nbsp;; il n’y a plus ni Juif ni païen, il n’y a plus ni esclave ni homme libre, il n’y a plus ni l’homme ni la femme, car tous, vous ne faites plus qu’un dans le Christ.</p>",
  "middleOfDayNoneReadingRef": "1 Co 5, 7-8",
  "middleOfDayNoneReadingContent": "<p>Purifiez-vous des vieux ferments, et vous serez une pâte nouvelle, vous qui êtes comme le pain de la Pâque, celui qui n’a pas fermenté. Voici que le Christ, notre agneau pascal, a été immolé. Célébrons donc la Fête non pas avec de vieux ferments&nbsp;: la perversité et le vice&nbsp;; mais avec du pain non fermenté&nbsp;: la droiture et la vérité.</p>",
  "middleOfDayTierceReadingRef": "Ac 2, 32-36",
  "middleOfDayTierceReadingContent": "<p>Dieu a ressuscité Jésus&nbsp;; nous tous, nous en sommes témoins. Que tout le peuple d’Israël en ait la certitude&nbsp;: ce même Jésus que vous avez crucifié, Dieu a fait de lui le Seigneur et le Christ.</p>",
  "morningPsalm1": "PSALM_50",
  "morningPsalm2": "AT_27",
  "morningPsalm3": "PSALM_99",
  "readingsPsalm1": "PSALM_34_1",
  "readingsPsalm2": "PSALM_34_2",
  "readingsPsalm3": "PSALM_34_3",
  "middleOfDayPsalm1": "PSALM_118_4",
  "middleOfDayPsalm2": "PSALM_25",
  "middleOfDayPsalm3": "PSALM_27",
  "vespersPsalm1": "PSALM_40",
  "vespersPsalm2": "PSALM_45",
  "vespersPsalm3": "NT_11"
}