{
  "invitatoryAntiphon": "Aujourd'hui, ne fermons pas notre cœur, mais écoutons la voix du Seigneur.",
  "invitatoryAntiphon2": "Les yeux fixés sur Jésus Christ, entrons dans le combat de Dieu.",
  "morningEvangelicAntiphon": "Je ne suis pas venu abolir la loi ni les prophètes&nbsp;; je suis venu non pas abolir mais accomplir.",
  "morningPsalm3Antiphon": "Dieu révèle sa victoire à toutes les nations.",
  "morningPsalm1Antiphon": "Écoute, Seigneur, réponds-moi&nbsp;: sauve ton serviteur qui s’appuie sur toi.",
  "morningPsalm2Antiphon": "Heureux qui marche dans la justice.",
  "morningReadingRef": "Dt 7, 6. 8-9",
  "morningReading": "Tu es un peuple consacré au Seigneur ton Dieu&nbsp;: c’est toi qu’il a choisi pour être son peuple particulier, parmi tous les peuples de la terre. C’est par amour pour vous, et par fidélité au serment fait à vos pères, que le Seigneur vous a fait sortir par la force de sa main, et vous a délivrés de la maison d’esclavage et de la main de Pharaon, roi d’Égypte. Vous saurez donc que le Seigneur votre Dieu est le vrai Dieu, le Dieu fidèle qui garde son Alliance et son amour pour mille générations à ceux qui l’aiment et gardent ses commandements.",
  "morningIntercession": "<p>Seigneur Dieu, tu veux que l’homme devienne créature nouvelle dans le Christ&nbsp;; nous t’invoquons avec persévérance&nbsp;:</p> <p>R/ Par ton Esprit, renouvelle nos cœurs.</p> <p>Tu nous promets un ciel nouveau et une terre nouvelle&nbsp;:<br> accorde-nous la grâce de travailler à cet avènement.</p> <p>Tu nous appelles à fixer nos regards sur les réalités d’en haut&nbsp;:<br> maîtrise nos avidités, purifie notre désir.</p> <p>Tu nous révèles l’unique nécessaire&nbsp;:<br> ne permets pas que la dispersion nous aveugle.</p> <p>Tu nous as donné ton Esprit afin qu’il agisse en nous&nbsp;:<br> fais qu’il nous porte au combat pour la justice et la vérité.</p> ",
  "morningResponsory": "<p>R/ Dieu nous a aimés le premier.<br>  * Il a fait alliance avec nous.<br> V/ Sa tendresse est sans mesure. * <br> Gloire au Père et au Fils et au Saint-Esprit.&nbsp;R/ <br></p>",
  "morningOration": "Seigneur, tu nous accordes ce temps de Carême pour nous former à la vie avec le Christ et nous alimenter de ta parole&nbsp;; que notre effort de péni­tence nous obtienne la fidélité à te servir et le goût de te prier d’un même cœur.",
  "vespersEvangelicAntiphon": "Qui pratique et enseigne la loi sera grand dans le Royaume des cieux.",
  "vespersPsalm2Antiphon": "Sans moi, dit le Seigneur, vous ne pouvez rien faire.",
  "vespersPsalm1Antiphon": "Qui veut garder sa vie la perdra, qui la donne à cause de moi la trouvera.",
  "vespersPsalm3Antiphon": "Tout vient de lui, tout est pour lui, tout est en lui&nbsp;!<br>Gloire à Dieu dans les siècles&nbsp;!",
  "vespersReadingRef": "Ph 2, 12b-15a",
  "vespersReading": "Travaillez à votre salut dans la crainte de Dieu et en tremblant. Car c’est l’action de Dieu qui produit en vous la volonté et l’action, parce qu’il veut votre bien. Faites tout sans récriminer et sans discuter&nbsp;; ainsi vous serez irréprochables et purs, vous qui êtes des enfants de Dieu sans tache.",
  "vespersIntercession": "<p>Par notre baptême, Seigneur Dieu, tu nous as fait revêtir l’homme nouveau&nbsp;: renouvelle notre regard dans la contemplation de ton visage.</p> <p>R/ En toi la source de la vie&nbsp;!</p> <p>Donne-nous des yeux pour te voir en nos frères et en nous.</p> <p>Affermis en nos cœurs la douceur et la patience.</p> <p>Que nos œuvres témoignent de toi.</p> <p>Apprends-nous à pardonner comme tu pardonnes.</p> <p>Que nous te rendions grâce pour ta miséricorde.</p> <p>Établis le monde dans la paix du Christ.</p> <p>Révèle à nos défunts ton visage de lumière.</p>",
  "vespersResponsory": "<p>R/ Sur Dieu, dont j’exalte la parole,<br>  *  Sur Dieu je prends appui.<br> V/ Plus rien ne me fait peur.  * <br> Gloire au Père et au Fils et au Saint-Esprit.&nbsp;R/ <br></p>",
  "vespersOration": "Seigneur, tu nous accordes ce temps de Carême pour nous former à la vie avec le Christ et nous alimenter de ta parole&nbsp;; que notre effort de péni­tence nous obtienne la fidélité à te servir et le goût de te prier d’un même cœur.",
  "readingsPsalm2Antiphon": "Tes adversaires, Seigneur, ont insulté le Messie, ils l’ont poursuivi de leurs outrages.",
  "readingsPsalm3Antiphon": "Tes adversaires, Seigneur, ont insulté le Messie, ils l’ont poursuivi de leurs outrages.",
  "readingsPsalm1Antiphon": "Tes adversaires, Seigneur, ont insulté le Messie, ils l’ont poursuivi de leurs outrages.",
  "readingsVerse": "<p>V/ Convertissez-vous et faites pénitence,<br>faites-vous un cœur et un esprit nouveau.</p>",
  "readingsBiblicalReadingTitle": "Celui que nul ne peut dévisager",
  "readingsBiblicalReadingRef": "Ex 33, 7-11.18-23; 34, 5-9.29-35",
  "readingsBiblicalReadingContent": "<p>Moïse prenait la Tente et la plantait hors du camp, à bonne distance. On l’appelait&nbsp;: tente de la Rencontre, et quiconque voulait consulter le SEIGNEUR devait sortir hors du camp pour gagner la tente de la Rencontre. Quand Moïse sortait pour aller à la Tente, tout le peuple se levait. Chacun se tenait à l’entrée de sa tente et suivait Moïse du regard jusqu’à ce qu’il soit entré. Au moment où Moïse entrait dans la Tente, la colonne de nuée descendait, se tenait à l’entrée de la Tente, et Dieu parlait avec Moïse. Tout le peuple voyait la colonne de nuée qui se tenait à l’entrée de la Tente, tous se levaient et se prosternaient, chacun devant sa tente. Le SEIGNEUR parlait avec Moïse face à face, comme on parle d’homme à homme. Puis Moïse retournait dans le camp, mais son auxiliaire, le jeune Josué, fils de Noun, ne quittait pas l’intérieur de la Tente. Moïse dit&nbsp;: «&nbsp;Je t’en prie, laisse-moi contempler ta gloire.&nbsp;» Le SEIGNEUR dit&nbsp;: «&nbsp;Je vais passer devant toi avec toute ma splendeur, et je proclamerai devant toi mon nom qui est&nbsp;: LE SEIGNEUR. Je fais grâce à qui je veux, je montre ma tendresse à qui je veux.&nbsp;» Il dit encore&nbsp;: «&nbsp;Tu ne pourras pas voir mon visage, car un être humain ne peut pas me voir et rester en vie.&nbsp;» Le SEIGNEUR dit enfin&nbsp;: «&nbsp;Voici une place près de moi, tu te tiendras sur le rocher&nbsp;; quand passera ma gloire, je te mettrai dans le creux du rocher et je t’abriterai de ma main jusqu’à ce que j’aie passé. Puis je retirerai ma main, et tu me verras de dos, mais mon visage, personne ne peut le voir.&nbsp;» Le SEIGNEUR descendit dans la nuée et vint se placer là, auprès de Moïse. Il proclama son nom qui est&nbsp;: LE SEIGNEUR. Il passa devant Moïse et proclama&nbsp;: «&nbsp;LE SEIGNEUR, LE SEIGNEUR, Dieu tendre et miséricordieux, lent à la colère, plein d’amour et de vérité, qui garde sa fidélité jusqu’à la millième génération, supporte faute, transgression et péché, mais ne laisse rien passer, car il punit la faute des pères sur les fils et les petits-fils, jusqu’à la troisième et la quatrième génération.&nbsp;» Aussitôt Moïse s’inclina jusqu’à terre et se prosterna. Il dit&nbsp;: «&nbsp;S’il est vrai, mon SEIGNEUR, que j’ai trouvé grâce à tes yeux, daigne marcher au milieu de nous. Oui, c’est un peuple à la nuque raide&nbsp;; mais tu pardonneras nos fautes et nos péchés, et tu feras de nous ton héritage.&nbsp;» Lorsque Moïse descendit de la montagne du Sinaï, ayant en mains les deux tables du Témoignage, il ne savait pas que son visage rayonnait de lumière depuis qu’il avait parlé avec le SEIGNEUR. Aaron et tous les fils d’Israël virent arriver Moïse&nbsp;: son visage rayonnait. Comme ils n’osaient pas s’approcher, Moïse les appela. Aaron et tous les chefs de la communauté vinrent alors vers lui, et il leur adressa la parole. Ensuite, tous les fils d’Israël s’approchèrent, et il leur transmit tous les ordres que le SEIGNEUR lui avait donnés sur la montagne du Sinaï. Quand il eut fini de leur parler, il mit un voile sur son visage. Et, lorsqu’il se présentait devant le SEIGNEUR pour parler avec lui, il enlevait son voile jusqu’à ce qu’il soit sorti. Alors, il transmettait aux fils d’Israël les ordres qu’il avait reçus, et les fils d’Israël voyaient rayonner son visage. Puis il remettait le voile sur son visage jusqu’à ce qu’il rentre pour parler avec le SEIGNEUR.</p>",
  "readingsBiblicalReadingResponsory": "<p>R/ Sur le visage du Christ<br> rayonne la gloire de Dieu.</p> <p>Moïse a voilé son visage pour en cacher l’éclat&nbsp;:<br> c’est en Christ que le voile disparaît.</p> <p>Nous tous, le visage dévoilé,<br> reflétons la gloire du SEIGNEUR.</p> <p>Nous serons transformés en cette image<br> toujours plus resplendissante<br> par le SEIGNEUR qui est Esprit.</p>",
  "readingsPatristicReadingTitle": "DE SAINT THÉOPHILE D’ANTIOCHE À AUTOLYCUS",
  "readingsPatristicReadingSubtitle": "«&nbsp;Heureux les cœurs purs, car ils verront Dieu&nbsp;»",
  "readingsPatristicReadingContent": "<p>Si tu me dis&nbsp;: Montre-moi ton Dieu, je pourrais te répondre&nbsp;: Montre-moi l’homme que tu es, et moi je te montrerai mon Dieu. Montre donc comment les yeux de ton âme regardent, et comment les oreilles de ton cœur écoutent. Ceux qui voient avec les yeux du corps observent ce qui se passe dans la vie et sur la terre&nbsp;; ils discernent la différence entre la lumière et l’obscurité, le blanc et le noir, le laid et le beau&nbsp;; entre ce qui est harmonieux, bien proportionné, et ce qui manque de rythme et de proportion&nbsp;; entre ce qui est démesuré et ce qui est tronqué&nbsp;; il en est de même pour ce qui tombe sous le sens de l’ouïe&nbsp;: sons aigus, ou graves, ou agréables. On pourrait, de la même façon, dire des oreilles du cœur et des yeux de l’âme qu’il leur est possible de saisir Dieu. Dieu, en effet, est perçu par ceux qui peuvent le voir, après que les yeux de leur âme se sont ouverts. Tous ont des yeux, mais certains ne les ont que voilés et ne voient pas la lumière du soleil. Si les aveugles ne voient pas, ce n’est pas parce que la lumière du soleil ne brille pas. C’est à eux-mêmes, et à leurs yeux, que les aveugles doivent s’en prendre. De même toi&nbsp;: les yeux de ton âme sont voilés par tes fautes et tes actions mauvaises. L’homme doit avoir une âme pure, comme un miroir brillant. S’il y a de la rouille sur le miroir, l’homme ne peut plus y voir son visage. Ainsi, lorsqu’il y a une faute dans l’homme, cet homme ne peut plus voir Dieu. ~ Mais, si tu le veux, tu peux guérir. Confie-toi au médecin et il opérera les yeux de ton âme et de ton cœur. Qui est ce médecin&nbsp;? C’est Dieu, qui guérit et vivifie par le Verbe et la Sagesse. C’est par son Verbe et sa Sagesse que Dieu a fait toutes choses. Comme dit le Psaume&nbsp;: <i>Le Seigneur a établi les cieux par sa Parole, et leur puissance par le Souffle de sa bouche</i>. Cette Sagesse est souveraine. En effet&nbsp;: <i>Dieu a fondé la terre par sa Sagesse&nbsp;; il a disposé les cieux par son intelligence&nbsp;; c’est par sa science que furent creusés les abîmes, que les nuées ont distillé la rosée</i>. Si tu comprends cela et si ta vie est pure, pieuse et juste, tu peux voir Dieu. Avant tout, que la foi et la crainte de Dieu entrent les premières dans ton cœur, et alors tu comprendras cela. Quand tu auras dépouillé la condition mortelle et revêtu l’immortalité, alors tu verras Dieu selon ton mérite. C’est ce Dieu qui ressuscitera ta chair immortelle, en même temps que ton âme. Et alors, devenu immortel, tu verras le Dieu immortel, à condition d’avoir cru en lui maintenant.</p>",
  "readingsPatristicReadingResponsory": "<p>Qui peut saisir le langage des étoiles, Stance<br> qui peut surprendre la musique des âmes,<br> qui saura d’un cœur assez libre<br> connaître la Parole de la vie&nbsp;?</p> <p>R/ Celui que ton Esprit habite, Seigneur,<br> accueille les secrets du Père.</p> <p>Heureux l’homme dont le regard<br> traverse l’invisible<br> pour chercher ton visage.</p> <p>Heureux l’homme dont l’esprit<br> découvre la sagesse<br> dans la folie de la croix.</p>",
  "readingsOration": "Seigneur, tu nous accordes ce temps de Carême pour nous former à la vie avec le Christ et nous alimenter de ta parole&nbsp;; que notre effort de péni­tence nous obtienne la fidélité à te servir et le goût de te prier d’un même cœur.",
  "middleOfDayPsalm1Antiphon": "À tout instant, j’expose ma vie, je n’oublie rien de ta loi.",
  "middleOfDaySexteReadingRef": "Za 1, 3b-4b",
  "middleOfDaySexteReadingContent": "<p>Revenez à moi et je reviendrai à vous, dit le Seigneur, le Tout-Puissant. N’imitez pas vos pères, eux que les prophètes de jadis ont interpellés en ces termes&nbsp;: «&nbsp; Revenez donc, renoncez à vos chemins mauvais et à votre conduite mauvaise&nbsp;».</p>",
  "middleOfDayNoneReadingRef": "Dn 4, 24b",
  "middleOfDayNoneReadingContent": "<p>Rachète tes péchés, par la justice, et tes fautes en ayant pitié des pauvres&nbsp;! Peut-être Dieu te pardonnera-t-il&nbsp;?</p>",
  "middleOfDayTierceReadingRef": "Ez 18, 30b-32",
  "middleOfDayTierceReadingContent": "<p>Revenez à moi, détournez-vous de vos péchés, et vous ne risquerez plus de tomber dans le mal. Rejetez tous vos péchés, faites-vous un cœur nouveau et un esprit nouveau. Pourquoi vouloir mourir, maison d’Israël&nbsp;? Je ne prends plaisir à la mort de personne, déclare le Seigneur, convertissez-vous et vivez.</p>",
  "middleOfDaySexteResponsory": "<p>V/ Détourne ta face de mes fautes,<br>—  enlève tous mes péchés.</p>",
  "middleOfDayTierceResponsory": "<p>V/ Crée en moi un cœur pur, ô mon Dieu,<br>—  renouvelle et raffermis au fond de moi mon esprit.</p>",
  "middleOfDayNoneResponsory": "<p>V/ Le sacrifice qui plaît à Dieu, c’est un esprit brisé&nbsp;:<br>—  ne repousse pas, mon Dieu, un cœur brisé, broyé.</p>",
  "middleOfDayOration": "Seigneur, tu nous accordes ce temps de Carême pour nous former à la vie avec le Christ et nous alimenter de ta parole&nbsp;; que notre effort de péni­tence nous obtienne la fidélité à te servir et le goût de te prier d’un même cœur.",
  "morningPsalm1": "PSALM_85",
  "morningPsalm2": "AT_22",
  "morningPsalm3": "PSALM_97",
  "readingsPsalm1": "PSALM_88_1",
  "readingsPsalm2": "PSALM_88_2",
  "readingsPsalm3": "PSALM_88_3",
  "middleOfDayPsalm1": "PSALM_118_14",
  "middleOfDayPsalm2": "PSALM_69",
  "middleOfDayPsalm3": "PSALM_74",
  "vespersPsalm1": "PSALM_125",
  "vespersPsalm2": "PSALM_126",
  "vespersPsalm3": "NT_6"
}