{
  "invitatoryAntiphon": "Aujourd'hui, ne fermons pas notre cœur, mais écoutons la voix du Seigneur.",
  "invitatoryAntiphon2": "Les yeux fixés sur Jésus Christ, entrons dans le combat de Dieu.",
  "morningPsalm3Antiphon": "Dieu se plaît avec ceux qui le craignent, avec ceux qui espèrent en son amour.",
  "morningEvangelicAntiphon": "Si quelqu’un veut venir à moi, qu’il renonce à lui-même , qu’il prenne sa croix et qu’il me suive.",
  "morningPsalm2Antiphon": "Grâce, miséricorde et paix dans la vérité et dans l’amour.",
  "morningPsalm1Antiphon": "Enseigne-moi à faire tes volontés, car tu es mon Dieu.",
  "morningReadingRef": "cf. 1 R 8, 51-53a",
  "morningReading": "Nous sommes, Seigneur, ton peuple et ton héritage. Que tes yeux soient ouverts à la supplication de ton serviteur et d’Israël, ton peuple, écoute-les toutes les fois qu’ils crieront vers toi. Car c’est toi qui les as mis à part pour toi comme héritage, parmi tous les peuples de la terre.",
  "morningIntercession": "<p>Malgré nos fautes, Seigneur, ne ferme pas ton oreille, inspire-nous la vraie prière&nbsp;:</p> <p>R/ Kyrie eleison.</p> <p>Viens à notre aide, nous périssons.</p> <p>Dis seulement une parole, et nous serons sauvés.</p> <p>Si tu veux, tu peux nous guérir.</p> <p>Viens au secours de notre incroyance.</p> <p>Que nos yeux s’ouvrent et nous te suivrons.</p> <p>Souviens-toi de nous quand tu viendras dans ton Royaume.</p> <p>Apprends-nous toi-même à prier&nbsp;: Notre Père...</p> ",
  "morningResponsory": "<p>R/ Nous sommes ton peuple, Seigneur.<br>  * Pitié, nous crions vers toi.<br> V/ Nous ployons sous le poids de nos fautes. * <br> V/ Écrasés de maux et de peines. * <br></p>",
  "morningOration": "Que ta grâce inspire notre action, Seigneur, et la soutienne jusqu’au bout, pour que toutes nos activités prennent leur source en toi et reçoivent de toi leur achèvement.",
  "vespersPsalm2Antiphon": "Heureux le peuple qui a pour Dieu le Seigneur&nbsp;!",
  "vespersEvangelicAntiphon": "Qui perd sa vie à cause de moi la gardera pour toujours.",
  "vespersPsalm3Antiphon": "Il a pris possession de son règne, le Seigneur Dieu, Maître de tout.",
  "vespersPsalm1Antiphon": "Étends la main, délivre-moi, mon Dieu, sauve-moi du gouffre des eaux.",
  "vespersReadingRef": "Jc 4, 7-8. 10",
  "vespersReading": "Soumettez-vous à Dieu, et résistez au démon&nbsp;: il s’enfuira loin de vous. Approchez-vous de Dieu, et lui s’approchera de vous. Pécheurs, enlevez la souillure de vos mains&nbsp;; hommes partagés, purifiez vos cœurs. Abaissez-vous devant le Seigneur, et il vous élèvera.",
  "vespersIntercession": "<p>Seigneur, à qui pourrions-nous aller&nbsp;? Tu as les paroles de la vie éternelle.</p> <p>R/ Que ta parole soit notre lumière&nbsp;!</p> <p>Tu as dit&nbsp;: Vous êtes le sel de la terre,<br> vous êtes la lumière du monde.</p> <p>Tu as dit&nbsp;: Aimez vos ennemis,<br> faites du bien à ceux qui vous haïssent.</p> <p>Tu as dit&nbsp;: Soyez parfaits<br> comme votre Père est parfait.</p> <p>Tu as dit&nbsp;: Priez dans le secret,<br> demandez et vous recevrez.</p> <p>Tu as dit&nbsp;: Cherchez d’abord le Royaume,<br> entrez par la porte étroite.</p> ",
  "vespersResponsory": "<p>R/ Seigneur entends ma prière.<br>  *  Que mon cri parvienne jusqu’à toi&nbsp;!<br> V/ Le jour où j’appelle, écoute-moi.<br> Gloire au Père et au Fils et au Saint-Esprit.&nbsp;R/ <br></p>",
  "vespersOration": "Que ta grâce inspire notre action, Seigneur, et la soutienne jusqu’au bout, pour que toutes nos activités prennent leur source en toi et reçoivent de toi leur achèvement.",
  "readingsPsalm3Antiphon": "Tu nous rejettes au dernier rang, tu nous livres en spectacle aux hommes et aux anges.",
  "readingsPsalm2Antiphon": "Tu nous rejettes au dernier rang, tu nous livres en spectacle aux hommes et aux anges.",
  "readingsPsalm1Antiphon": "Tu nous rejettes au dernier rang, tu nous livres en spectacle aux hommes et aux anges.",
  "readingsVerse": "<p>V/ Celui qui médite la loi du Seigneur<br>donne du fruit en son temps.</p>",
  "readingsBiblicalReadingTitle": "Persécution des Hébreux en Égypte",
  "readingsBiblicalReadingRef": "Ex 1, 1-22",
  "readingsBiblicalReadingContent": "<p>Voici les noms des fils d’Israël venus en Égypte avec Jacob, leur père. Chacun y vint avec sa famille. C’étaient Roubène, Siméon, Lévi et Juda, Issakar, Zabulon et Benjamin, Dane et Nephtali, Gad et Asher. Toutes les personnes issues de Jacob étaient au nombre de soixante-dix. Joseph, lui, était déjà en Égypte. Puis Joseph mourut, ainsi que tous ses frères et toute cette génération-là. Les fils d’Israël furent féconds, ils devinrent très nombreux, ils se multiplièrent et devinrent de plus en plus forts&nbsp;: tout le pays en était rempli. Un nouveau roi vint au pouvoir en Égypte. Il n’avait pas connu Joseph. Il dit à son peuple&nbsp;: «&nbsp;Voici que le peuple des fils d’Israël est maintenant plus nombreux et plus puissant que nous. Prenons donc les dispositions voulues pour l’empêcher de se multiplier. Car, s’il y avait une guerre, il se joindrait à nos ennemis, combattrait contre nous, et ensuite il sortirait du pays.&nbsp;» On imposa donc aux fils d’Israël des chefs de corvée pour les accabler de travaux pénibles. Ils durent bâtir pour Pharaon les villes d’entrepôts de Pithome et de Ramsès. Mais, plus on les accablait, plus ils se multipliaient et proliféraient, ce qui les fit détester. Les Égyptiens soumirent les fils d’Israël à un dur esclavage et leur rendirent la vie intenable à force de corvées&nbsp;: préparation de l’argile et des briques et toutes sortes de travaux à la campagne&nbsp;; tous ces travaux étaient pour eux un dur esclavage. Alors le roi d’Égypte parla aux sages-femmes des Hébreux dont l’une s’appelait Shifra et l’autre Poua&nbsp;; il leur dit&nbsp;: «&nbsp;Quand vous accoucherez les femmes des Hébreux, regardez bien le sexe de l’enfant&nbsp;: si c’est un garçon, faites-le mourir&nbsp;; si c’est une fille, laissez-la vivre.&nbsp;» Mais les sages-femmes craignirent Dieu et n’obéirent pas à l’ordre du roi&nbsp;: elles laissèrent vivre les garçons. Alors le roi d’Égypte les appela et leur dit&nbsp;: «&nbsp;Pourquoi avez-vous agi de la sorte, pourquoi avez-vous laissé vivre les garçons&nbsp;?&nbsp;» Les sages-femmes répondirent à Pharaon&nbsp;: «&nbsp;Les femmes des Hébreux ne sont pas comme les Égyptiennes, elles sont pleines de vitalité&nbsp;; avant l’arrivée de la sage-femme, elles ont déjà accouché.&nbsp;» Dieu accorda ses bienfaits aux sages-femmes&nbsp;; le peuple devint très nombreux et très fort. Comme les sages-femmes avaient craint Dieu, il leur avait accordé une descendance. Pharaon donna cet ordre à tout son peuple&nbsp;: «&nbsp;Tous les fils qui naîtront aux Hébreux, jetez-les dans le Nil. Ne laissez vivre que les filles.&nbsp;»</p>",
  "readingsBiblicalReadingResponsory": "<p>R/ Dieu d’Abraham, souviens-toi de ta promesse&nbsp;!</p> <p>Moi le Seigneur, je suis ton sauveur,<br> c’est moi qui te rachète.</p> <p>Tes fils seront esclaves en terre étrangère,<br> mais je jugerai la nation qui les opprime.</p>",
  "readingsPatristicReadingTitle": "SERMON DE CARÊME DE SAINT LÉON LE GRAND",
  "readingsPatristicReadingSubtitle": "Le vrai jeûne",
  "readingsPatristicReadingContent": "<p>Il est vrai en tout temps, mes bien-aimés, que <i>la terre est comblée de miséricorde par </i>le Seigneur. La nature elle-même enseigne à chacun des croyants qu’il doit adorer Dieu, puisque le ciel, la terre et la mer, avec tout ce qu’ils renferment, attestent la bonté et la toute-puissance de leur Créateur&nbsp;; puisque l’admirable beauté des éléments mis à notre service exige de la créature douée d’intelligence une juste action de grâce. Mais voici revenus les jours plus spécialement marqués par les mystères qui ont renouvelé les hommes, les jours qui précèdent immédiatement la fête de Pâques&nbsp;; nous sommes donc invités à nous y préparer plus activement par une religieuse purification. ~ La solennité pascale a ceci de propre que toute l’Église s’y réjouit de la rémission des péchés. Cette rémission se réalise non seulement chez ceux qui renaissent par le baptême mais encore chez ceux qui déjà font partie de la communauté des fils adoptés par Dieu. Le bain de la nouvelle naissance a pour effet principal de faire des hommes nouveaux&nbsp;; toutefois, il incombe à tous de se renouveler quotidiennement pour combattre la routine de notre condition mortelle et, dans les étapes de notre progrès, chacun doit toujours devenir meilleur&nbsp;; tous doivent faire effort pour qu’au jour de la rédemption personne ne demeure dans les vices de sa vie ancienne. Ce que chaque chrétien doit faire en tout temps, mes bien-aimés, doit donc être recherché maintenant avec plus d’empressement et de générosité. C’est ainsi que nous accomplirons le jeûne de quarante jours institué par les Apôtres&nbsp;; nous ne nous contenterons pas de réduire notre nourriture, mais nous nous abstiendrons absolument du péché. ~ Rien n’est plus profitable que de joindre aux jeûnes spirituels et religieux la pratique de l’aumône&nbsp;; sous le nom de miséricorde, elle englobe beaucoup d’actions de bonté qui méritent l’éloge, et c’est ainsi que les âmes de tous les croyants peuvent se rejoindre dans un même mérite, malgré l’inégalité de leurs ressources. En effet, l’amour que l’on doit avoir tout ensemble pour Dieu et pour le prochain n’est jamais entravé par de tels obstacles que ce désir du bien ne soit librement à sa disposition. Les anges ont dit&nbsp;: <i>Gloire à Dieu dans les hauteurs et paix sur la terre aux hommes pleins de bienveillance </i>parce que non seulement la vertu de bienveillance, mais aussi le bien de la paix rend bienheureux celui qui compatit par sa charité à toutes les misères dont souffrent les autres. Les œuvres de bonté sont extrêmement vastes, et leur diversité même permet aux vrais chrétiens de participer à la distribution des aumônes, s’ils sont riches et dans l’abondance, et même s’ils sont de fortune modeste ou dans la pauvreté&nbsp;; et ceux qui, pour faire des largesses, sont inégaux en ressources, se ressemblent pourtant par les sentiments profonds.</p>",
  "readingsPatristicReadingResponsory": "<p>R/ Le sang de Jésus, le Juste,<br> nous purifie de tout péché.</p> <p>Il n’est pas de juste sur la terre<br> au point de faire le bien, sans jamais pécher.</p> <p>Qui peut dire&nbsp;: j’ai purifié mon cœur,<br> de mon péché je suis net&nbsp;?</p> <p>Si nous confessons nos péchés,<br> Il est assez fidèle pour remettre nos injustices.</p>",
  "readingsOration": "Que ta grâce inspire notre action, Seigneur, et la soutienne jusqu’au bout, pour que toutes nos activités prennent leur source en toi et reçoivent de toi leur achèvement.",
  "middleOfDayPsalm1Antiphon": "Sur mon dos ont labouré les laboureurs, allongeant leurs sillons.",
  "middleOfDayTierceReadingRef": "Is 55, 6-7",
  "middleOfDayTierceReadingContent": "<p>Cherchez le Seigneur tant qu’il se laisse trouver. Invoquez-le tant qu’il est proche. Que le méchant abandonne son chemin, et l’homme pervers, ses pensées&nbsp;! Qu’il revienne vers le Seigneur, qui aura pitié de lui, vers notre Dieu, qui est riche en pardon.</p>",
  "middleOfDayNoneReadingRef": "He 10, 35-36",
  "middleOfDayNoneReadingContent": "<p>Ne perdez pas votre confiance&nbsp;; grâce à elle vous serez largement récompensés. Car vous avez bien besoin d’endurance pour accomplir la volonté de Dieu et obtenir ainsi la réalisation des promesses.</p>",
  "middleOfDaySexteReadingRef": "Dt 30, 2-3a",
  "middleOfDaySexteReadingContent": "<p>Tu reviendras au Seigneur ton Dieu, toi et tes fils, tu écouteras sa voix de tout ton cœur et de toute ton âme, tu observeras tout ce que je te commande aujourd’hui. Alors le Seigneur changera ton sort, il aura pitié de toi.</p>",
  "middleOfDayNoneResponsory": "<p>V/ Le sacrifice qui plaît à Dieu, c’est un esprit brisé&nbsp;:<br>—  ne repousse pas, mon Dieu, un cœur brisé, broyé.</p>",
  "middleOfDayTierceResponsory": "<p>V/ Crée en moi un cœur pur, ô mon Dieu,<br>—  renouvelle et raffermis au fond de moi mon esprit.</p>",
  "middleOfDaySexteResponsory": "<p>V/ Détourne ta face de mes fautes,<br>—  enlève tous mes péchés.</p>",
  "middleOfDayOration": "Que ta grâce inspire notre action, Seigneur, et la soutienne jusqu’au bout, pour que toutes nos activités prennent leur source en toi et reçoivent de toi leur achèvement.",
  "morningPsalm1": "PSALM_142",
  "morningPsalm2": "AT_32",
  "morningPsalm3": "PSALM_146",
  "readingsPsalm1": "PSALM_43_1",
  "readingsPsalm2": "PSALM_43_2",
  "readingsPsalm3": "PSALM_43_3",
  "middleOfDayPsalm1": "PSALM_118_20",
  "middleOfDayPsalm2": "PSALM_127",
  "middleOfDayPsalm3": "PSALM_128",
  "vespersPsalm1": "PSALM_143_1",
  "vespersPsalm2": "PSALM_143_2",
  "vespersPsalm3": "NT_10"
}