{
  "invitatoryAntiphon": "Aujourd'hui, ne fermons pas notre cœur, mais écoutons la voix du Seigneur.",
  "invitatoryAntiphon2": "Les yeux fixés sur Jésus Christ, entrons dans le combat de Dieu.",
  "morningEvangelicAntiphon": "Amassez dans les cieux le trésor que ne rongent ni la rouille ni les vers.",
  "morningPsalm3Antiphon": "Ant.&nbsp;<span class=\"symbole-refrain\">du psaume",
  "morningPsalm1Antiphon": "Que tes œuvres sont grandes, Seigneur, et combien sont profondes tes pensées&nbsp;!",
  "morningPsalm2Antiphon": "Enlève, Seigneur, mon cœur de pierre, donne-moi un cœur de chair.",
  "morningReadingRef": "Is 1, 16-18",
  "morningReading": "Lavez-vous, purifiez-vous, ôtez de ma vue vos actions mauvaises, cessez de faire le mal. Apprenez à faire le bien&nbsp;: recherchez la justice, mettez au pas l’oppresseur, faites droit à l’orphelin, prenez la défense de la veuve. Venez donc et discutons, dit le Seigneur. Si vos péchés sont comme l’écarlate, ils deviendront comme la neige. S’ils sont rouges comme le vermillon, ils deviendront blancs comme la laine.",
  "morningIntercession": "<p>Jésus, maître de vie, conduis l’Église vers ta Pâque&nbsp;:</p> <p>R/ Nous te chanterons pour tes merveilles.</p> <p>Donne à notre cœur de discerner ses péchés.</p> <p>Apprends-nous à rechercher la nourriture qui demeure.</p> <p>Creuse en nous le désir de la sainteté.</p> <p>Accorde-nous la grâce de la charité.</p> <p>Écoute la prière de Marie, notre mère.</p> ",
  "morningResponsory": "<p>R/ Le sang de Jésus nous purifie de tout péché.<br> V/ Venez et voyez les hauts faits de Dieu.&nbsp;R/ <br> V/ Acclamez Dieu, toute la terre.&nbsp;R/ <br></p>",
  "morningOration": "Dieu fort, Dieu éternel, regarde notre faiblesse&nbsp;: pour nous protéger, étends sur nous ta main toute-puissante.",
  "vespersReadingRef": "2 Co 6, 1 b-4a",
  "vespersReading": "Nous vous invitons à ne pas laisser sans effet la grâce reçue de Dieu. Car il dit dans l’Écriture&nbsp;: Au moment favorable je t’ai exaucé, au jour du salut je suis venu à ton secours. Or c’est maintenant le moment favorable, c’est maintenant le jour du salut. Pour que notre ministère ne soit pas exposé à la critique, nous veillons à ne choquer personne en rien, mais au contraire nous nous présentons comme de vrais ministres de Dieu par notre vie entière.",
  "vespersOration": "Dieu fort, Dieu éternel, regarde notre faiblesse&nbsp;: pour nous protéger, étends sur nous ta main toute-puissante.",
  "readingsPsalm2Antiphon": "Dieu nous a pardonnés dans le Christ&nbsp;: à notre tour, débordons de miséricorde.",
  "readingsPsalm3Antiphon": "Dieu nous a pardonnés dans le Christ&nbsp;: à notre tour, débordons de miséricorde.",
  "readingsPsalm1Antiphon": "Dieu nous a pardonnés dans le Christ&nbsp;: à notre tour, débordons de miséricorde.",
  "readingsBiblicalReadingTitle": "Devant le buisson ardent",
  "readingsBiblicalReadingRef": "Ex 3, 1-20",
  "readingsBiblicalReadingContent": "<p>Moïse était berger du troupeau de son beau-père Jéthro, prêtre de Madiane. Il mena le troupeau au-delà du désert et parvint à la montagne de Dieu, à l’Horeb. L’ange du SEIGNEUR lui apparut dans la flamme d’un buisson en feu. Moïse regarda&nbsp;: le buisson brûlait sans se consumer. Moïse se dit alors&nbsp;: «&nbsp;Je vais faire un détour pour voir cette chose extraordinaire&nbsp;: pourquoi le buisson ne se consume-t-il pas&nbsp;?&nbsp;» Le SEIGNEUR vit qu’il avait fait un détour pour voir, et Dieu l’appela du milieu du buisson&nbsp;: «&nbsp;Moïse&nbsp;! Moïse&nbsp;!&nbsp;» Il dit&nbsp;: «&nbsp;Me voici&nbsp;!&nbsp;» Dieu dit alors&nbsp;: «&nbsp;N’approche pas d’ici&nbsp;! Retire les sandales de tes pieds, car le lieu où tu te tiens est une terre sainte&nbsp;!&nbsp;» Et il déclara&nbsp;: «&nbsp;Je suis le Dieu de ton père, le Dieu d’Abraham, le Dieu d’Isaac, le Dieu de Jacob.&nbsp;» Moïse se voila le visage car il craignait de porter son regard sur Dieu. Le SEIGNEUR dit&nbsp;: «&nbsp;J’ai vu, oui, j’ai vu la misère de mon peuple qui est en Égypte, et j’ai entendu ses cris sous les coups des surveillants. Oui, je connais ses souffrances. Je suis descendu pour le délivrer de la main des Égyptiens et le faire monter de ce pays vers un beau et vaste pays, vers un pays ruisselant de lait et de miel, vers le lieu où vivent le Cananéen, le Hittite, l’Amorite, le Perizzite, le Hivvite et le Jébuséen. Maintenant, le cri des fils d’Israël est parvenu jusqu’à moi, et j’ai vu l’oppression que leur font subir les Égyptiens. Maintenant donc, va&nbsp;! Je t’envoie chez Pharaon&nbsp;: tu feras sortir d’Égypte mon peuple, les fils d’Israël.&nbsp;» Moïse dit à Dieu&nbsp;: «&nbsp;Qui suis-je pour aller trouver Pharaon, et pour faire sortir d’Égypte les fils d’Israël&nbsp;?&nbsp;» Dieu lui répondit&nbsp;: «&nbsp;JE SUIS avec toi. Et tel est le signe que c’est moi qui t’ai envoyé&nbsp;: quand tu auras fait sortir d’Égypte mon peuple, vous rendrez un culte à Dieu sur cette montagne.&nbsp;» Moïse répondit à Dieu&nbsp;: «&nbsp;J’irai donc trouver les fils d’Israël, et je leur dirai&nbsp;: “Le Dieu de vos pères m’a envoyé vers vous.” Ils vont me demander quel est son nom&nbsp;; que leur répondrai-je&nbsp;?&nbsp;» Dieu dit à Moïse&nbsp;: «&nbsp;JE SUIS QUI JE SUIS. Tu parleras ainsi aux fils d’Israël&nbsp;: “Celui qui m’a envoyé vers vous, c’est&nbsp;: JE-SUIS”.&nbsp;» Dieu dit encore à Moïse&nbsp;: «&nbsp;Tu parleras ainsi aux fils d’Israël&nbsp;: “Celui qui m’a envoyé vers vous, c’est LE SEIGNEUR, le Dieu de vos pères, le Dieu d’Abraham, le Dieu d’Isaac, le Dieu de Jacob”. C’est là mon nom pour toujours, c’est par lui que vous ferez mémoire de moi, d’âge en d’âge. Va, rassemble les anciens d’Israël. Tu leur diras&nbsp;: “Le SEIGNEUR, le Dieu de vos pères, le Dieu d’Abraham, d’Isaac et de Jacob, m’est apparu. Il m’a dit&nbsp;: Je vous ai visités et ainsi j’ai vu comment on vous traite en Égypte. J’ai dit&nbsp;: Je vous ferai monter de la misère qui vous accable en Égypte vers le pays du Cananéen, du Hittite, de l’Amorite, du Perizzite, du Hivvite et du Jébuséen, le pays ruisselant de lait et de miel.” Ils écouteront ta voix&nbsp;; alors tu iras, avec les anciens d’Israël, auprès du roi d’Égypte, et vous lui direz&nbsp;: “Le SEIGNEUR, le Dieu des Hébreux, est venu nous trouver. Et maintenant, laisse-nous aller dans le désert, à trois jours de marche, pour y offrir un sacrifice au SEIGNEUR notre Dieu.” Or, je sais, moi, que le roi d’Égypte ne vous laissera pas partir s’il n’y est pas forcé. Aussi j’étendrai la main, je frapperai l’Égypte par toutes sortes de prodiges que j’accomplirai au milieu d’elle. Après cela, il vous permettra de partir.&nbsp;»</p>",
  "readingsBiblicalReadingResponsory": "<p>R/ Toi qui viens nous sauver,<br> révèle-nous ton nom&nbsp;!</p> <p>Je suis qui je serai&nbsp;:<br> j’ai décidé d’intervenir en votre faveur.</p> <p>Je suis le Seigneur&nbsp;:<br> il n’y a pas d’autre sauveur que moi. (pas deR/ )</p>",
  "readingsPatristicReadingTitle": "TRAITÉ DE SAINT IRÉNÉE CONTRE LES HÉRÉSIES",
  "readingsPatristicReadingSubtitle": "L’amitié de Dieu",
  "readingsPatristicReadingContent": "<p>Notre Seigneur, le Verbe de Dieu, a d’abord amené les hommes à Dieu pour qu’ils soient ses serviteurs, puis il a libéré ceux qui lui étaient soumis, comme il le dit lui-même à ses disciples&nbsp;: <i>Je ne vous appelle plus serviteurs, car le serviteur ignore ce que fait son maître, mais je vous appelle mes amis, car tout ce que j’ai appris du Père, je vous l’ai révélé</i>. ~ En effet, l’amitié de Dieu confère à ceux qui y accèdent l’immortalité. Au commencement, Dieu modela Adam non par besoin, mais pour pouvoir cristalliser en lui ses bienfaits. Car c’est non seulement avant Adam, mais avant toute création que le Verbe glorifiait le Père, tout en demeurant en lui et lui-même était glorifié par le Père, comme il le dit lui-même&nbsp;: <i>Père, glorifie-moi de la gloire que j’avais auprès de toi, avant que le monde fût.</i> Ce n’est pas non plus par besoin de notre service qu’il nous ordonne de le suivre, mais pour nous procurer le salut. Car suivre le Sauveur, c’est participer à la lumière. Les hommes qui sont dans la lumière n’illuminent pas, eux, la lumière, mais par elle sont illuminés et par elle resplendissent&nbsp;: loin d’apporter quoi que ce soit à la lumière, ils en bénéficient et sont illuminés par elle. Ainsi en va-t-il du service de Dieu&nbsp;: à Dieu, il n’apporte rien, car Dieu n’a pas besoin du service humain. Mais à ceux qui le suivent et le servent, Dieu procure la vie incorruptible et la gloire éternelle. Il accorde ce bienfait à ceux qui le servent, parce qu’ils le servent, et à ceux qui le suivent, parce qu’ils le suivent mais ne reçoit d’eux nul bienfait&nbsp;: car il est riche, parfait, et sans besoin. Dieu sollicite le service des hommes par bonté et miséricorde pour combler de bienfaits ceux qui le servent avec persévérance. Car autant Dieu n’a besoin de rien, autant l’homme a besoin de la communion de Dieu. La gloire de l’homme, c’est de persévérer et demeurer au service de Dieu. Et c’est pourquoi le Seigneur disait à ses disciples&nbsp;: <i>Ce n’est pas vous qui m’avez choisi, mais moi qui vous ai choisi&nbsp;;</i> il voulait dire par là qu’eux ne le glorifiaient pas en le suivant, mais que pour avoir suivi le Fils de Dieu, ils étaient par lui glorifiés. Et ils disait encore&nbsp;: <i>Je veux que là où je suis, là ils soient aussi, pour qu’ils voient ma gloire</i>.</p>",
  "readingsPatristicReadingResponsory": "<p>R/ Quand nous aimons, aimons le Seigneur notre Dieu<br> puisqu’il nous a aimés le premier</p> <p>Celui qui garde la parole du Seigneur,<br> en lui l’amour de Dieu atteint sa perfection.</p> <p>Ses commandements ne sont pas pesants&nbsp;:<br> celui qui naît de Dieu est vainqueur du monde.</p>",
  "readingsOration": "Dieu fort, Dieu éternel, regarde notre faiblesse&nbsp;: pour nous protéger, étends sur nous ta main toute-puissante.",
  "middleOfDayPsalm1Antiphon": "Je m’égare, brebis perdue&nbsp;; mon Dieu, viens chercher ton serviteur.",
  "middleOfDaySexteReadingRef": "Is 44, 21-22",
  "middleOfDaySexteReadingContent": "<p>Rappelle-toi tout ceci&nbsp;: tu es mon serviteur, je t’ai façonné comme serviteur pour moi&nbsp;; toi, Israël, tu ne me décevras pas&nbsp;: j’ai effacé comme un nuage tes révoltes, comme une nuée, tes fautes&nbsp;; reviens à moi, car je t’ai racheté.</p>",
  "middleOfDayNoneReadingRef": "Ga 6, 7b-8",
  "middleOfDayNoneReadingContent": "<p>Dieu ne se laisse pas narguer, car ce que l’homme sème, il le récoltera. Celui qui sème pour sa propre chair récoltera ce que produit la chair&nbsp;: la corruption. Celui qui sème pour l’Esprit récoltera ce que produit l’Esprit&nbsp;: la vie éternelle.</p>",
  "middleOfDayTierceReadingRef": "Ap 3, 19-20",
  "middleOfDayTierceReadingContent": "<p>Tous ceux que j’aime, je leur montre leurs fautes, et je les châtie. Sois donc fervent et convertis-toi. Voici que je me tiens à la porte, et je frappe. Si quelqu’un entend ma voix et ouvre la porte, j’entrerai chez lui&nbsp;; je prendrai mon repas avec lui, et lui avec moi.</p>",
  "middleOfDaySexteResponsory": "<p>V/ Détourne ta face de mes fautes,<br>—  enlèvre tous mes péchés.</p>",
  "middleOfDayTierceResponsory": "<p>V/ Crée en moi un cœur pur, ô mon Dieu,<br>—  renouvelle et raffermis au fond de moi mon esprit.</p>",
  "middleOfDayNoneResponsory": "<p>V/ Le sacrifice qui plaît à Dieu, c’est un esprit brisé&nbsp;:<br>—  ne repousse pas, mon Dieu, un cœur brisé, broyé.</p>",
  "middleOfDayOration": "Dieu fort, Dieu éternel, regarde notre faiblesse&nbsp;: pour nous protéger, étends sur nous ta main toute-puissante.",
  "morningPsalm1": "PSALM_91",
  "morningPsalm2": "AT_38",
  "morningPsalm3": "PSALM_8",
  "readingsPsalm1": "PSALM_77_4",
  "readingsPsalm2": "PSALM_77_5",
  "readingsPsalm3": "PSALM_77_6",
  "middleOfDayPsalm1": "PSALM_118_22",
  "middleOfDayPsalm2": "PSALM_44_1",
  "middleOfDayPsalm3": "PSALM_44_2",
  "vespersPsalm1": "PSALM_121",
  "vespersPsalm2": "PSALM_129",
  "vespersPsalm3": "NT_5"
}