{
  "invitatoryAntiphon": "Aujourd'hui, ne fermons pas notre cœur, mais écoutons la voix du Seigneur.",
  "invitatoryAntiphon2": "Les yeux fixés sur Jésus Christ, entrons dans le combat de Dieu.",
  "morningEvangelicAntiphon": "Soyez miséricordieux comme votre Père est miséricordieux.",
  "morningPsalm3Antiphon": "Béni sois-tu, Seigneur, pour ton immense gloire&nbsp;!",
  "morningPsalm1Antiphon": "Mon âme a soif de Dieu, le Dieu vivant.",
  "morningPsalm2Antiphon": "L’amour du Seigneur n’est pas épuisé&nbsp;: sa compassion, chaque jour, se renouvelle.",
  "morningReadingRef": "Ex 19, 4-6a",
  "morningReading": "Vous avez vu comment je vous ai portés comme sur les ailes d’un aigle pour vous amener jusqu’à moi. Et maintenant, si vous entendez ma voix et gardez mon Alliance, vous serez mon domaine particulier parmi tous les peuples —&nbsp;car toute la terre m’appartient&nbsp;— et vous serez pour moi un royaume de prêtres, une nation sainte.",
  "morningIntercession": "<p>Dieu libre et saint, enseigne-nous ta loi de liberté.</p> <p>R/ Enseigne-nous ta loi de liberté.</p> <p>Ouvre notre esprit au sens caché de l’univers.</p> <p>Détache-nous des idoles formées par nos désirs.</p> <p>Apprends-nous à donner de notre nécessaire.</p> <p>Ne nous laisse pas asservir par l’argent.</p> <p>Donne à tous la joie de travailler à ton œuvre.</p> <p>Fais-nous voir en tout homme l’homme libéré par le Christ.</p> ",
  "morningResponsory": "<p>R/ Heureux le peuple qui a pour Dieu le Seigneur&nbsp;!<br> V/ Courons notre épreuve, <br>les yeux fixés sur Jésus.&nbsp;R/ <br> Gloire au Père et au Fils et au Saint-Esprit.&nbsp;R/ <br></p>",
  "morningOration": "Pour guérir nos âmes, Seigneur, tu nous prescris de discipliner nos corps&nbsp;; donne-nous de pouvoir nous garder du péché et de répondre ainsi aux exigences de ton amour.",
  "vespersEvangelicAntiphon": "Ne jugez pas, et vous ne serez pas jugés.",
  "vespersPsalm2Antiphon": "Voici l’Époux qui vient&nbsp;! Allez à la rencontre du Christ&nbsp;!",
  "vespersPsalm1Antiphon": "Tu es le plus beau des enfants de l’homme&nbsp;; Dieu te bénit pour toujours.",
  "vespersReadingRef": "Rm 12, 1-2",
  "vespersReading": "Je vous exhorte, mes frères, par la tendresse de Dieu, à lui offrir votre personne et votre vie en sacrifice saint, capable de plaire à Dieu&nbsp;: c’est là pour vous l’adoration véritable. Ne prenez pas pour modèle le monde présent, mais transformez­-vous en renouvelant votre façon de penser pour savoir reconnaître quelle est la volonté de Dieu&nbsp;: ce qui est bon, ce qui est capable de lui plaire, ce qui est parfait.",
  "vespersIntercession": "<p>Reçois notre vie, Dieu créateur,<br> comme un sacrifice vivant et saint.</p> <p>R/ Que ton amour, Seigneur, soit sur nous&nbsp;!</p> <p>Renouvelle notre cœur,<br> fais-nous connaître ta volonté.</p> <p>Fortifie-nous contre l’esprit du monde,<br> brise nos résistances à ton Esprit.</p> <p>Éclaire-nous sur nous-mêmes&nbsp;:<br> donne-nous d’aimer l’œuvre de tes mains.</p> <p>Apprends-nous à te rencontrer&nbsp;:<br> montre-nous en chacun ta présence et tes dons.</p> <p>Achève en nos défunts ton œuvre de salut,<br> reçois leur vie, Dieu créateur.</p> ",
  "vespersResponsory": "<p>R/ J’appelle de tout cœur&nbsp;:<br>  *  Réponds-moi, Seigneur&nbsp;!<br> V/ Je garderai tes volontés.  * <br> Gloire au Père et au Fils et au Saint-Esprit.&nbsp;R/ <br></p>",
  "vespersOration": "Pour guérir nos âmes, Seigneur, tu nous prescris de discipliner nos corps&nbsp;; donne-nous de pouvoir nous garder du péché et de répondre ainsi aux exigences de ton amour.",
  "readingsPsalm3Antiphon": "Entre tes mains, Seigneur, je remets mon esprit&nbsp;!",
  "readingsPsalm2Antiphon": "Entre tes mains, Seigneur, je remets mon esprit&nbsp;!",
  "readingsPsalm1Antiphon": "Entre tes mains, Seigneur, je remets mon esprit&nbsp;!",
  "readingsVerse": "<p>V/ Seigneur, à qui irions-nous&nbsp;?<br>Tu as les paroles de la vie éternelle.</p>",
  "readingsBiblicalReadingTitle": "Passage de la mer Rouge",
  "readingsBiblicalReadingRef": "Ex 14, 10-31",
  "readingsBiblicalReadingContent": "<p>Comme Pharaon approchait, les fils d’Israël regardèrent et, voyant les Égyptiens lancés à leur poursuite, ils eurent très peur, et ils crièrent vers le SEIGNEUR. Ils dirent à Moïse&nbsp;: «&nbsp;L’Égypte manquait-elle de tombeaux, pour que tu nous aies emmenés mourir dans le désert&nbsp;? Quel mauvais service tu nous as rendu en nous faisant sortir d’Égypte&nbsp;! C’est bien là ce que nous te disions en Égypte&nbsp;: “Ne t’occupe pas de nous, laisse-nous servir les Égyptiens. Il vaut mieux les servir que de mourir dans le désert&nbsp;!”&nbsp;» Moïse répondit au peuple&nbsp;: «&nbsp;N’ayez pas peur&nbsp;! Tenez bon&nbsp;! Vous allez voir aujourd’hui ce que le SEIGNEUR va faire pour vous sauver&nbsp;! Car, ces Égyptiens que vous voyez aujourd’hui, vous ne les verrez plus jamais. Le SEIGNEUR combattra pour vous, et vous, vous n’aurez rien à faire.&nbsp;» Le SEIGNEUR dit à Moïse&nbsp;: «&nbsp;Pourquoi crier vers moi&nbsp;? Ordonne aux fils d’Israël de se mettre en route&nbsp;! Toi, lève ton bâton, étends le bras sur la mer, fends-la en deux, et que les fils d’Israël entrent au milieu de la mer à pied sec. Et moi, je ferai en sorte que les Égyptiens s’obstinent&nbsp;: ils y entreront derrière eux&nbsp;; je me glorifierai aux dépens de Pharaon et de toute son armée, de ses chars et de ses guerriers. Les Égyptiens sauront que je suis le SEIGNEUR, quand je me serai glorifié aux dépens de Pharaon, de ses chars et de ses guerriers.&nbsp;» L’ange de Dieu, qui marchait en avant d’Israël, se déplaça et marcha à l’arrière. La colonne de nuée se déplaça depuis l’avant-garde et vint se tenir à l’arrière, entre le camp des Égyptiens et le camp d’Israël. Cette nuée était à la fois ténèbres et lumière dans la nuit, si bien que, de toute la nuit, ils ne purent se rencontrer. Moïse étendit le bras sur la mer. Le SEIGNEUR chassa la mer toute la nuit par un fort vent d’est&nbsp;; il mit la mer à sec, et les eaux se fendirent. Les fils d’Israël entrèrent au milieu de la mer à pied sec, les eaux formant une muraille à leur droite et à leur gauche. Les Égyptiens les poursuivirent&nbsp;; tous les chevaux de Pharaon, ses chars et ses guerriers entrèrent derrière eux jusqu’au milieu de la mer. Aux dernières heures de la nuit, le SEIGNEUR observa, depuis la colonne de feu et de nuée, l’armée des Égyptiens, et il la frappa de panique. Il faussa les roues de leurs chars, et ils eurent beaucoup de peine à les conduire. Les Égyptiens s’écrièrent&nbsp;: «&nbsp;Fuyons devant Israël, car c’est le SEIGNEUR qui combat pour eux contre nous&nbsp;!&nbsp;» Le SEIGNEUR dit à Moïse&nbsp;: «&nbsp;Étends le bras sur la mer&nbsp;: que les eaux reviennent sur les Égyptiens, leurs chars et leurs guerriers&nbsp;!&nbsp;» Moïse étendit le bras sur la mer. Au point du jour, la mer reprit sa place&nbsp;; dans leur fuite, les Égyptiens s’y heurtèrent, et le SEIGNEUR les précipita au milieu de la mer. Les eaux refluèrent et recouvrirent les chars et les guerriers, toute l’armée de Pharaon qui était entrée dans la mer à la poursuite d’Israël. Il n’en resta pas un seul. Mais les fils d’Israël avaient marché à pied sec au milieu de la mer, les eaux formant une muraille à leur droite et à leur gauche. Ce jour-là, le SEIGNEUR sauva Israël de la main de l’Égypte, et Israël vit les Égyptiens morts sur le bord de la mer. Israël vit avec quelle main puissante le SEIGNEUR avait agi contre l’Égypte. Le peuple craignit le SEIGNEUR, il mit sa foi dans le SEIGNEUR et dans son serviteur Moïse.</p>",
  "readingsBiblicalReadingResponsory": "<p>R/ Grandes, merveilleuses sont tes œuvres,<br> SEIGNEUR, Dieu tout-puissant&nbsp;!</p> <p>Moïse chanta un cantique au SEIGNEUR,<br> magnifique en sainteté.</p> <p>Nous sommes passés de la mort à la vie&nbsp;:<br> demain nous chanterons le cantique de l’Agneau.</p>",
  "readingsPatristicReadingTitle": "CATÉCHÈSE BAPTISMALE DE SAINT JEAN CHRYSOSTOME",
  "readingsPatristicReadingSubtitle": "Le nouveau Moïse",
  "readingsPatristicReadingContent": "<p>Le peuple juif a vu des miracles. Toi aussi, tu en verras de plus grands et de beaucoup plus éclatants que lorsque les Juifs sont sortis d’Égypte. Tu n’as pas vu Pharaon noyé avec ses troupes, mais tu as vu le diable englouti avec ses armes. Le peuple juif a traversé la mer, toi, tu as traversé la mort. Ils ont été délivrés des Égyptiens, toi, tu as été affranchi des démons. Ils ont quitté un esclavage barbare, toi, l’esclavage beaucoup plus pénible du péché. Veux-tu savoir par d’autres raisons comment c’est bien toi qui as été favorisé de plus grands bienfaits&nbsp;? Les Juifs n’ont pas pu alors regarder le visage de Moïse resplendissant de gloire, lui qui pourtant n’était que leur compagnon de service et leur semblable. Mais toi, tu as vu le Christ dans sa gloire. Et Paul s’écrie&nbsp;: <i>Nous, à visage découvert, nous reflétons, comme dans un miroir, la gloire du Seigneur</i>. Ils avaient alors le Christ qui les suivait&nbsp;; mais à bien plus forte raison est-ce nous qu’il suit maintenant. Alors, en effet, le Seigneur les accompagnait par la grâce de Moïse&nbsp;; et vous, ce n’est pas seulement par la grâce du nouveau Moïse mais par votre obéissance. Pour le peuple juif, après l’Égypte, ce fut le désert&nbsp;; pour toi, après l’exode, c’est le ciel. Ils avaient, eux, un guide et un chef excellent en la personne de Moïse&nbsp;; nous avons, nous, un autre Moïse, Dieu lui-même, qui nous guide et nous commande. Quelle était, en effet, la caractéristique de ce Moïse&nbsp;? Moïse, dit l’Écriture, <i>était le plus doux de tous les hommes qui sont sur la terre</i>. On peut sans erreur en dire autant de notre Moïse. En effet, il est assisté de l’Esprit très doux, qui lui est intimement consubstantiel. Alors Moïse a levé les mains vers le ciel et en a fait descendre le pain des anges, la manne&nbsp;; notre Moïse lève les mains vers le ciel et nous apporte la nourriture éternelle. Celui-là frappa la pierre et fit couler des fleuves d’eau&nbsp;; celui-ci touche la table, frappe la table spirituelle et fait jaillir les sources de l’Esprit. C’est pourquoi, comme une source, la table de l’autel est placée au milieu de l’église afin que, de toutes parts, les troupeaux des fidèles affluent à la source pour s’abreuver à ses flots qui nous sauvent. Puisque nous avons là une telle source, une telle vie, que la table regorge de mille bienfaits et que, de toutes parts, elle nous comble de dons spirituels, approchons avec un cœur sincère et une conscience pure <i>pour obtenir grâce et miséricorde et recevoir du secours en temps voulu</i>. Par la grâce et la miséricorde du Fils unique de Dieu, notre Seigneur et Sauveur Jésus Christ, par qui et avec qui soient au Père et à l’Esprit qui donne la vie, gloire, honneur, puissance, maintenant et toujours, et pour les siècles des siècles. Amen.</p>",
  "readingsPatristicReadingResponsory": "<p>R/ Qui est vainqueur du monde,<br> sinon celui qui croit&nbsp;?</p> <p>Par la foi,<br> Moïse choisit d’être maltraité avec son peuple<br> plutôt que de jouir pour un temps du péché.</p> <p>Par la foi,<br> Moïse considéra l’humiliation du Christ<br> comme un trésor plus grand<br> que les richesses d’Égypte.</p>",
  "readingsOration": "Pour guérir nos âmes, Seigneur, tu nous prescris de discipliner nos corps&nbsp;; donne-nous de pouvoir nous garder du péché et de répondre ainsi aux exigences de ton amour.",
  "middleOfDayPsalm1Antiphon": "C’est l’amour que je veux, dit le Seigneur, et non les sacrifices.",
  "middleOfDaySexteReadingRef": "Ez 18, 23",
  "middleOfDaySexteReadingContent": "<p>Est-ce donc la mort du méchant que je désire, déclare le Seigneur, n’est-ce pas plutôt qu’il se détourne de sa conduite et qu’il vive&nbsp;?</p>",
  "middleOfDayTierceReadingRef": "Sg 11, 23-24a",
  "middleOfDayTierceReadingContent": "<p>Seigneur, tu as pitié de tous les hommes, parce que tu peux tout. Tu fermes les yeux sur leurs péchés, pour qu’ils se convertissent. Tu aimes en effet tout ce qui existe, tu n’as de répulsion envers aucune de tes œuvres.</p>",
  "middleOfDayNoneReadingRef": "Is 58, 7",
  "middleOfDayNoneReadingContent": "<p>Partage ton pain avec celui qui a faim, recueille chez toi le malheureux sans abri, couvre celui que tu verras sans vêtement, ne te dérobe pas à ton semblable.</p>",
  "middleOfDaySexteResponsory": "<p>V/ Détourne ta face de mes fautes,<br>—  enlève tous mes péchés.</p>",
  "middleOfDayNoneResponsory": "<p>V/ Le sacrifice qui plaît à Dieu, c’est un esprit brisé&nbsp;:<br>—  ne repousse pas, mon Dieu, un cœur brisé, broyé.</p>",
  "middleOfDayTierceResponsory": "<p>V/ Crée en moi un cœur pur, ô mon Dieu,<br>—  renouvelle et raffermis au fond de moi mon esprit.</p>",
  "middleOfDayOration": "Pour guérir nos âmes, Seigneur, tu nous prescris de discipliner nos corps&nbsp;; donne-nous de pouvoir nous garder du péché et de répondre ainsi aux exigences de ton amour.",
  "morningPsalm1": "PSALM_41",
  "morningPsalm2": "AT_15",
  "morningPsalm3": "PSALM_18A",
  "readingsPsalm1": "PSALM_30_1",
  "readingsPsalm2": "PSALM_30_2",
  "readingsPsalm3": "PSALM_30_3",
  "middleOfDayPsalm1": "PSALM_118_6",
  "middleOfDayPsalm2": "PSALM_39_1",
  "middleOfDayPsalm3": "PSALM_39_2",
  "vespersPsalm1": "PSALM_44_1",
  "vespersPsalm2": "PSALM_44_2",
  "vespersPsalm3": "NT_4"
}