{
  "invitatoryAntiphon": "Aujourd'hui, ne fermons pas notre cœur, mais écoutons la voix du Seigneur.",
  "invitatoryAntiphon2": "Les yeux fixés sur Jésus Christ, entrons dans le combat de Dieu.",
  "morningPsalm3Antiphon": "Dieu nous a faits, et nous sommes à lui.",
  "morningPsalm2Antiphon": "Quand nous confessons nos péchés, toi qui es fidèle, tu les pardonnes.",
  "morningEvangelicAntiphon": "Voici le premier des commandements&nbsp;: Tu aimeras de tout ton cœur le Seigneur ton Dieu.",
  "morningPsalm1Antiphon": "Crée en moi un cœur pur, ô mon Dieu, rends-moi la joie d’être sauvé.",
  "morningReadingRef": "Is 53, 11b-12",
  "morningReading": "Parce qu’il a connu la souffrance, le juste, mon serviteur, justifiera les multitudes, il se chargera de leurs péchés. C’est pourquoi je lui donnerai la multitude en partage, les puissants seront la part qu’il recevra, car il s’est dépouillé lui-même jusqu’à la mort, il a été compté avec les pécheurs, alors qu’il portait le péché des multitudes et qu’il intercédait pour les pécheurs.",
  "morningIntercession": "<p>Levons les yeux vers le Fils de Dieu, mort sur la croix, vivant pour les siècles&nbsp;:</p> <p>R/ Par ta souffrance et par ta croix, sauve-nous.</p> <p>Tu as lutté contre Satan.</p> <p>Tu as connu la soif et la faim.</p> <p>Tu as enduré la fatigue du chemin.</p> <p>Tu n’avais pas d’endroit où reposer ta tête.</p> <p>Tu as été rejeté par ton peuple.</p> <p>Tu as été abandonné par les tiens.</p> <p>Tu as fait la volonté du Père.</p> ",
  "morningResponsory": "<p>R/ Tu nous as rachetés, Seigneur,<br> au prix de ton sang.<br> V/ Hommes de toute race, langue, peuple et nation.&nbsp;R/ <br> Gloire au Père et au Fils et au Saint-Esprit.&nbsp;R/ <br></p>",
  "morningOration": "Répands ta grâce en nos cœurs, Dieu de bonté&nbsp;: que nous sachions refréner nos désirs terrestres pour mieux entendre ta parole.",
  "vespersPsalm2Antiphon": "Le Seigneur rend justice à son peuple, il prend en pitié ses serviteurs.",
  "vespersPsalm3Antiphon": "Toi seul es saint, toi seul es le Seigneur&nbsp;!",
  "vespersEvangelicAntiphon": "Aimer son prochain comme soi-même vaut mieux que tous les sacrifices.",
  "vespersPsalm1Antiphon": "Tout ce que veut le Seigneur, il le fait, au ciel et sur la terre.",
  "vespersReadingRef": "Jc 5, 16. 19-20",
  "vespersReading": "Reconnaissez vos péchés les uns devant les autres, et priez les uns pour les autres afin d’être guéris, car la supplication du juste agit avec beaucoup de puissance. Mes frères, si l’un de vous s’égare loin de la vérité et si quelqu’un l’amène à se convertir, alors, sachez-le&nbsp;: celui qui ramène un pécheur du chemin où il s’égarait se sauvera lui-même et couvrira une multitude de péchés.",
  "vespersIntercession": "<p>Prions le Christ, notre Sauveur, qui nous délivre par sa mort et sa résurrection&nbsp;:</p> <p>R/ Seigneur Jésus, prends pitié de nous.</p> <p>Tu es monté à Jérusalem pour souffrir la passion et entrer dans ta gloire&nbsp;:<br> conduis ton Église jusqu’à la Pâque éternelle.</p> <p>Sur la croix, tu as exaucé le malfaiteur repenti&nbsp;:<nr> ouvre ton paradis aux pécheurs que nous sommes.</p> <p>Ton cœur a été percé par la lance&nbsp;:<br> purifie-nous dans l’eau et le sang.</p> <p>Tu as changé la croix en arbre de vie&nbsp;:<br> donne-nous de manger le fruit du salut.</p> <p>Tu es descendu au séjour des morts avant de monter vers ton Père&nbsp;:<br> arrache à la servitude ceux qui attendent leur libération.</p> ",
  "vespersResponsory": "<p>R/ Guéris-moi, Dieu très saint,<br>  *  Car j’ai péché contre toi.<br> V/ Prends pitié de moi, relève-moi.  * <br> Gloire au Père et au Fils et au Saint-Esprit.&nbsp;R/ <br></p>",
  "vespersOration": "Répands ta grâce en nos cœurs, Dieu de bonté&nbsp;: que nous sachions refréner nos désirs terrestres pour mieux entendre ta parole.",
  "readingsPsalm2Antiphon": "Ma grâce te suffit, dit le Seigneur, car ma puissance s’accomplit dans la faiblesse.",
  "readingsPsalm3Antiphon": "Ma grâce te suffit, dit le Seigneur, car ma puissance s’accomplit dans la faiblesse.",
  "readingsPsalm1Antiphon": "Ma grâce te suffit, dit le Seigneur, car ma puissance s’accomplit dans la faiblesse.",
  "readingsVerse": "<p>V/ Revenons au Seigneur notre Dieu,<br>car il est tendre et miséricordieux.</p>",
  "readingsBiblicalReadingTitle": "Œuvres d’art pour l’Éternel",
  "readingsBiblicalReadingRef": "Ex 35, 30 –&nbsp;36, 1; 37, 1-9",
  "readingsBiblicalReadingContent": "<p>Moïse dit aux fils d’Israël&nbsp;: «&nbsp;Voyez&nbsp;: Le SEIGNEUR a appelé par son nom Beçalel, fils d’Ouri, fils de Hour, de la tribu de Juda. Il l’a rempli de l’esprit de Dieu&nbsp;: sagesse, intelligence, savoir, en toute sorte d’ouvrages, pour concevoir des œuvres d’art et les réaliser avec l’or, l’argent, le bronze, pour tailler les pierres à sertir, sculpter sur bois et pour exécuter toute œuvre d’art. Il a mis en son cœur le don de transmettre le savoir, comme en celui d’Oholiab, fils d’Ahisamak, de la tribu de Dane. Il a rempli leur cœur de sagesse pour exécuter tout le travail du ciseleur, du brodeur, du brocheur de pourpre violette et pourpre rouge, cramoisi éclatant et lin, ainsi que le travail du tisserand. Ce sont des artisans de toute sorte, de véritables artistes. Beçalel, Oholiab et tout artisan habile à qui le SEIGNEUR a donné sagesse et intelligence pour concevoir et exécuter les travaux au service du sanctuaire, tous exécuteront ce que le SEIGNEUR a ordonné.&nbsp;» Beçalel fit l’arche en bois d’acacia de deux coudées et demie de long sur une coudée et demie de large et une coudée et demie de haut. Il la plaqua d’or pur à l’intérieur et à l’extérieur, et il l’entoura d’une moulure en or. Il coula quatre anneaux d’or, qu’il attacha aux quatre pieds de l’arche&nbsp;: deux anneaux sur un côté, deux anneaux sur l’autre. Il fit des barres en bois d’acacia, il les plaqua d’or et il les introduisit dans les anneaux des côtés de l’arche pour qu’on puisse la porter. Il fit un propitiatoire en or pur, long de deux coudées et demie et large d’une coudée et demie. Et il forgea deux kéroubim en or, qu’il plaça aux deux extrémités du propitiatoire, un kéroub à une extrémité, et l’autre kéroub à l’autre extrémité&nbsp;; il fit donc les kéroubim aux deux extrémités du propitiatoire. Les kéroubim avaient les ailes déployées vers le haut et protégeaient le propitiatoire de leurs ailes&nbsp;; ils se faisaient face, le regard tourné vers le propitiatoire.</p>",
  "readingsBiblicalReadingResponsory": "<p>R/ Mon cœur et ma chair sont un cri<br> vers le Dieu vivant&nbsp;!</p> <p>Voici la demeure de Dieu avec les hommes&nbsp;:<br> il demeurera avec eux.</p> <p>De quel amour j’aime ta demeure.<br> Dieu de l’univers&nbsp;!</p>",
  "readingsPatristicReadingTitle": "COMMENTAIRE DE SAINT GRÉGOIRE LE GRAND SUR LE LIVRE DE JOB",
  "readingsPatristicReadingSubtitle": "«&nbsp;Vous avez été rachetés par un sang précieux&nbsp;»",
  "readingsPatristicReadingContent": "<p>Le bienheureux Job, préfigurant l’Église, parle tantôt au nom du corps, tantôt au nom de la tête. Et, alors que les membres sont l’objet de ses discours, il s’élève tout à coup aux paroles dites par la tête. C’est pourquoi, il dit&nbsp;: <i>J’ai souffert tout cela sans qu’il y ait aucun crime dans mes mains, et alors que je présentais à Dieu des prières pures</i>. En effet, il a souffert <i>sans qu’il y ait eu aucun crime dans ses mains, celui qui n’a jamais commis de péché ni proféré de mensonge </i>; pourtant, il a subi le supplice de la croix pour nous racheter. Contrairement à tous, lui seul <i>a présenté des prières pures</i>, puisque, jusque dans le supplice de la passion, il faisait cette prière pour ses persécuteurs&nbsp;: <i>Père, pardonne-leur&nbsp;; ils ne savent pas ce qu’ils font</i>. Que peut-on dire, que peut-on penser de plus pur, dans la prière, que d’intercéder avec miséricorde pour ceux qui vous font souffrir&nbsp;? C’est pourquoi le sang de notre Rédempteur, que ses persécuteurs furieux avaient répandu, les croyants l’ont bu par la suite et ont proclamé que Jésus est le Fils de Dieu. Au sujet de ce sang, il est dit ensuite avec à-propos&nbsp;: <i>Terre, ne couvre point mon sang, et n’arrête pas mon cri</i>. L’homme, après son péché, avait entendu cette sentence&nbsp;: <i>Tu es terre, et tu retourneras à la terre</i>. Or, cette terre n’a pas caché le sang de notre Rédempteur, parce que tout homme pécheur, buvant le sang qui a payé sa rédemption, la proclame, en rend grâce et la fait connaître à tous ceux qu’il approche. Et la terre n’a pas recouvert son sang, parce que la sainte Église a proclamé déjà maintenant le mystère de sa rédemption dans toutes les parties du monde. Remarquez ce qui suit&nbsp;: <i>N’arrête pas mon cri</i>. En effet, ce sang de notre rédemption, qui nous est donné à boire, est le cri de notre Rédempteur. Ce qui fait dire à saint Paul&nbsp;: <i>Son sang répandu parle plus fort que celui d’Abel.</i> Du sang d’Abel il avait été dit&nbsp;: <i>Le sang de ton frère, de la terre crie vers moi</i>. Mais le sang de Jésus <i>parle plus fort que celui d’Abel,</i> parce que le sang d’Abel a demandé la mort du meurtrier de son frère, tandis que le sang du Seigneur a obtenu la vie pour ses persécuteurs. Afin que le sacrement de la passion du Seigneur ne soit pas inefficace en nous, nous devons imiter ce qui nous est donné à boire et proclamer aux autres ce que nous vénérons. En effet, <i>son cri est arrêté en nous</i>, si la langue tient caché ce que l’âme a cru, Mais, pour que <i>son cri ne soit pas arrêté en nous</i>, il reste que chacun, selon sa capacité, fasse connaître à ceux qu’il approche le mystère qui le fait vivre.</p>",
  "readingsPatristicReadingResponsory": "<p>R/ Mon cœur et ma chair sont un cri<br> vers le Dieu vivant&nbsp;!</p> <p>Au prix du sang qu’il a versé,<br> Jésus nous conduit vers le Père.</p> <p>Son sang nous purifie des œuvres de mort&nbsp;:<br> nous servirons le Dieu vivant.</p>",
  "readingsOration": "Répands ta grâce en nos cœurs, Dieu de bonté&nbsp;: que nous sachions refréner nos désirs terrestres pour mieux entendre ta parole.",
  "middleOfDayPsalm1Antiphon": "Pour avoir connu la souffrance, le juste justifiera les multitudes.",
  "middleOfDaySexteReadingRef": "Cf. Jr 3, 12.14a",
  "middleOfDaySexteReadingContent": "<p>Revenez à moi, dit le Seigneur, ma présence ne vous sera plus accablante. Oui, je suis fidèle - oracle du Seigneur -&nbsp;; je ne tiens pas rigueur pour toujours. Revenez, fils apostats - oracle du Seigneur.</p>",
  "middleOfDayTierceReadingRef": "Is 55, 3",
  "middleOfDayTierceReadingContent": "<p>Prêtez l’oreille&nbsp;! Venez à moi&nbsp;! Écoutez et vous vivrez, je ferai avec vous une Alliance éternelle, qui confirmera ma bienveillance envers David.</p>",
  "middleOfDayNoneReadingRef": "Jc 1, 27",
  "middleOfDayNoneReadingContent": "<p>Devant Dieu notre Père, la manière pure et irréprochable de pratiquer la religion, c’est de venir en aide aux orphelins et aux veuves dans leur malheur, et de se garder propre au milieu du monde.</p>",
  "middleOfDaySexteResponsory": "<p>V/ Détourne ta face de mes fautes,<br>—  enlève tous mes péchés.</p>",
  "middleOfDayNoneResponsory": "<p>V/ Le sacrifice qui plaît à Dieu, c’est un esprit brisé&nbsp;:<br>—  ne repousse pas, mon Dieu, un cœur brisé, broyé.</p>",
  "middleOfDayTierceResponsory": "<p>V/ Crée en moi un cœur pur, ô mon Dieu,<br>—  renouvelle et raffermis au fond de moi mon esprit.</p>",
  "middleOfDayOration": "Répands ta grâce en nos cœurs, Dieu de bonté&nbsp;: que nous sachions refréner nos désirs terrestres pour mieux entendre ta parole.",
  "morningPsalm1": "PSALM_50",
  "morningPsalm2": "AT_34",
  "morningPsalm3": "PSALM_99",
  "readingsPsalm1": "PSALM_68_1",
  "readingsPsalm2": "PSALM_68_2",
  "readingsPsalm3": "PSALM_68_3",
  "middleOfDayPsalm1": "PSALM_21_1",
  "middleOfDayPsalm2": "PSALM_21_2",
  "middleOfDayPsalm3": "PSALM_21_3",
  "vespersPsalm1": "PSALM_134_1",
  "vespersPsalm2": "PSALM_134_2",
  "vespersPsalm3": "NT_11"
}