{
  "invitatoryAntiphon": "Aujourd'hui, ne fermons pas notre cœur, mais écoutons la voix du Seigneur.",
  "invitatoryAntiphon2": "Les yeux fixés sur Jésus Christ, entrons dans le combat de Dieu.",
  "morningPsalm3Antiphon": "Tu es, Seigneur, le Très-Haut sur toute la terre&nbsp;!",
  "morningEvangelicAntiphon": "Le Fils de l’homme est venu non pour être servi, mais pour servir et donner sa vie en rançon pour la multitude.",
  "morningPsalm2Antiphon": "Béni soit Dieu qui rabaisse les puissants et relève le faible&nbsp;!",
  "morningPsalm1Antiphon": "Grande est la patience de Dieu qui laisse à chacun le temps du repentir.",
  "morningReadingRef": "Dt 7, 6. 8-9",
  "morningReading": "Tu es un peuple consacré au Seigneur ton Dieu&nbsp;: c’est toi qu’il a choisi pour être son peuple particulier, parmi tous les peuples de la terre. C’est par amour pour vous, et par fidélité au serment fait à vos pères, que le Seigneur vous a fait sortir par la force de sa main, et vous a délivrés de la maison d’esclavage et de la main de Pharaon, roi d’Égypte. Vous saurez donc que le Seigneur votre Dieu est le vrai Dieu, le Dieu fidèle qui garde son Alliance et son amour pour mille générations à ceux qui l’aiment et gardent ses commandements.",
  "morningIntercession": "<p>Jour après jour, cherchons le Seigneur&nbsp;:<br> qu’il mette en nous le désir de le suivre.</p> <p>R/ Seigneur, fais-nous connaître tes chemins.</p> <p>Toi qui nous invites à la pénitence,<br> tu nous appelles à la vie.</p> <p>Enseigne-nous le jeûne que tu préfères&nbsp;:<br> ouvrir les prisons, nourrir les affamés.</p> <p>Apprends-nous à donner sans retour<br> ce que nous avons et ce que nous sommes.</p> <p>Donne-nous de marcher dans la voie de pauvreté<br> où tu conduisais Marie, ta servante.</p> ",
  "morningResponsory": "<p>R/ Dieu nous a aimés le premier.<br>  * Il a fait alliance avec nous.<br> V/ Sa tendresse est sans mesure. * <br> Gloire au Père et au Fils et au Saint-Esprit.&nbsp;R/ <br></p>",
  "morningOration": "Donne à ta famille, Seigneur, de progresser en faisant toujours ce qui est bon&nbsp;; assure-lui le nécessaire en cette vie pour la conduire aux biens du Royaume.",
  "vespersPsalm2Antiphon": "Que les peuples, Dieu, te rendent grâce&nbsp;; qu’ils te rendent grâce tous ensemble&nbsp;!",
  "vespersEvangelicAntiphon": "Le Fils de l’homme sera livré aux païens pour être crucifié&nbsp;; et le troisième jour, il se lèvera d’entre les morts.",
  "vespersPsalm3Antiphon": "R/ Gloire à toi, premier-né d’entre les morts.",
  "vespersPsalm1Antiphon": "Venez à moi, vous tous qui peinez, et vous trouverez le repos.",
  "vespersReadingRef": "Ph 2, 12b-15a",
  "vespersReading": "Travaillez à votre salut dans la crainte de Dieu et en tremblant. Car c’est l’action de Dieu qui produit en vous la volonté et l’action, parce qu’il veut votre bien. Faites tout sans récriminer et sans discuter&nbsp;; ainsi vous serez irréprochables et purs, vous qui êtes des enfants de Dieu sans tache.",
  "vespersIntercession": "<p>N’oublions pas que l’amour du Seigneur est de toujours à toujours, supplions le Christ, ami des hommes&nbsp;:</p> <p>R/ Souviens-toi que nous sommes poussière.</p> <p>Toi qui guéris la fille de la Cananéenne,</p> <p>Toi qui renouvelles la chair du lépreux,</p> <p>Toi qui délivres les possédés,</p> <p>Toi qui t’assieds à la table des pécheurs,</p> <p>Toi qui connais le cœur de Madeleine,</p> <p>Toi qui pardonnes le reniement de Pierre,</p> <p>Toi qui réclames à la tombe la vie de Lazare.</p> ",
  "vespersResponsory": "<p>R/ Sur Dieu, dont j’exalte la parole,<br>  *  Sur Dieu je prends appui.<br> V/ Plus rien ne me fait peur.  * <br> Gloire au Père et au Fils et au Saint-Esprit.&nbsp;R/ <br></p>",
  "vespersOration": "Donne à ta famille, Seigneur, de progresser en faisant toujours ce qui est bon&nbsp;; assure-lui le nécessaire en cette vie pour la conduire aux biens du Royaume.",
  "readingsPsalm2Antiphon": "Il est bon pour l’homme d’attendre en silence le salut de Dieu.",
  "readingsPsalm3Antiphon": "La vigne entière est émondée, pour qu’elle ait plus de fruits.",
  "readingsPsalm1Antiphon": "Il est bon pour l’homme d’attendre en silence le salut de Dieu.",
  "readingsVerse": "<p>V/ Convertissez-vous et faites pénitence,<br>faites-vous un cœur nouveau et un esprit nouveau.</p>",
  "readingsBiblicalReadingTitle": "L’eau jaillie du rocher",
  "readingsBiblicalReadingRef": "Ex 17, 1-16",
  "readingsBiblicalReadingContent": "<p>Toute la communauté des fils d’Israël partit du désert de Sine, en observant les étapes prescrites par le SEIGNEUR. Ils campèrent à Rephidim. Comme il n’y avait pas d’eau à boire, le peuple chercha querelle à Moïse&nbsp;: «&nbsp;Donne-nous de l’eau à boire&nbsp;!&nbsp;» Moïse leur répondit&nbsp;: «&nbsp;Pourquoi me cherchez-vous querelle&nbsp;? Pourquoi mettez-vous le SEIGNEUR à l’épreuve&nbsp;?&nbsp;» Là, le peuple souffrit de la soif. Il récrimina contre Moïse et dit&nbsp;: «&nbsp;Pourquoi nous as-tu fait monter d’Égypte&nbsp;? Était-ce pour nous faire mourir de soif avec nos fils et nos troupeaux&nbsp;?&nbsp;» Moïse cria vers le SEIGNEUR&nbsp;: «&nbsp;Que vais-je faire de ce peuple&nbsp;? Encore un peu, et ils me lapideront&nbsp;!&nbsp;» Le SEIGNEUR dit à Moïse&nbsp;: «&nbsp;Passe devant le peuple, emmène avec toi plusieurs des anciens d’Israël, prends en main le bâton avec lequel tu as frappé le Nil, et va&nbsp;! Moi, je serai là, devant toi, sur le rocher du mont Horeb. Tu frapperas le rocher, il en sortira de l’eau, et le peuple boira&nbsp;!&nbsp;» Et Moïse fit ainsi sous les yeux des anciens d’Israël. Il donna à ce lieu le nom de Massa (c’est-à-dire&nbsp;: Épreuve) et Mériba (c’est-à-dire&nbsp;: Querelle), parce que les fils d’Israël avaient cherché querelle au SEIGNEUR, et parce qu’ils l’avaient mis à l’épreuve, en disant&nbsp;: «&nbsp;Le SEIGNEUR est-il au milieu de nous, oui ou non&nbsp;?&nbsp;» Les Amalécites survinrent et attaquèrent Israël à Rephidim. Moïse dit alors à Josué&nbsp;: «&nbsp;Choisis des hommes, et va combattre les Amalécites. Moi, demain, je me tiendrai sur le sommet de la colline, le bâton de Dieu à la main.&nbsp;» Josué fit ce que Moïse avait dit&nbsp;: il mena le combat contre les Amalécites. Moïse, Aaron et Hour étaient montés au sommet de la colline. Quand Moïse tenait la main levée, Israël était le plus fort. Quand il la laissait retomber, Amalec était le plus fort. Mais les mains de Moïse s’alourdissaient&nbsp;; on prit une pierre, on la plaça derrière lui, et il s’assit dessus. Aaron et Hour lui soutenaient les mains, l’un d’un côté, l’autre de l’autre. Ainsi les mains de Moïse restèrent fermes jusqu’au coucher du soleil. Et Josué triompha des Amalécites au fil de l’épée. Alors le SEIGNEUR dit à Moïse&nbsp;: «&nbsp;Écris cela dans le Livre pour en faire mémoire et déclare à Josué que j’effacerai complètement le souvenir d’Amalec de dessous les cieux&nbsp;!&nbsp;» Moïse bâtit un autel et l’appela&nbsp;: «&nbsp;Le-SEIGNEUR-est-mon-étendard.&nbsp;» Et il dit&nbsp;: «&nbsp;Puisqu’une main s’est levée contre le trône du SEIGNEUR, le SEIGNEUR est en guerre contre Amalec, de génération en génération.&nbsp;»</p>",
  "readingsBiblicalReadingResponsory": "<p>R/ Allons dans la joie puiser aux sources du salut&nbsp;!</p> <p>Celui qui boira de l’eau que je lui donnerai<br> n’aura plus jamais soif.</p> <p>L’eau que je vous donnerai deviendra en vous<br> source jaillissant en vie éternelle.</p>",
  "readingsPatristicReadingTitle": "TRAITÉ DE SAINT IRÉNÉE CONTRE LES HÉRÉSIES",
  "readingsPatristicReadingSubtitle": "Les figures du monde à venir",
  "readingsPatristicReadingContent": "<p>Depuis le commencement, Dieu a modelé l’homme en vue de ses dons&nbsp;; il a choisi les patriarches en vue de leur salut&nbsp;; il formait d’avance le peuple, pour apprendre aux ignorants à suivre Dieu&nbsp;; il préparait les prophètes, pour habituer l’homme sur la terre à porter son Esprit et à être en communion avec Dieu. Lui qui n’avait besoin de rien accorde sa communion à ceux qui ont besoin de lui&nbsp;; pour ceux qui lui plaisaient, il dessinait comme un architecte l’édifice du salut&nbsp;; à ceux qui ne le voyaient pas en Égypte, il servait lui-même de guide&nbsp;; aux turbulents dans le désert, il donnait la loi pleinement adaptée&nbsp;; à ceux qui entraient dans une bonne terre, il donnait l’héritage approprié&nbsp;; pour ceux qui revenaient vers le Père, il immolait le veau gras, et leur offrait la meilleure robe. Bref, de bien des manières, il disposait le genre humain à l’harmonie du salut. Voilà pourquoi Jean dit dans l’Apocalypse&nbsp;: <i>Et sa voix était pareille à la voix des multiples eaux</i>. Oui, elles sont nombreuses, les eaux de l’Esprit de Dieu, —&nbsp;car le Père est riche et grand&nbsp;— et passant à travers elles toutes, le Verbe apportait généreusement son assistance à ceux qui lui étaient soumis, prescrivant à toute créature la loi nécessaire et appropriée. Ainsi par la Loi, il déterminait la construction du tabernacle, l’édification du Temple, le choix des Lévites, les sacrifices et les oblations, les purifications, et tout le reste du service du culte. Lui-même n’a nul besoin de tout cela&nbsp;: car il est toujours comblé de tous biens, et a en lui toute odeur de suavité, et toutes les fumées de parfums, même avant que Moïse fût. Mais il éduquait le peuple enclin à retourner aux idoles&nbsp;: il le disposait, par de nombreuses prestations, à persévérer dans le service de Dieu, il l’appelait par les choses secondaires aux principales, c’est-à-dire par les figuratives aux véritables, par les temporelles aux éternelles, par les charnelles aux spirituelles, par les terrestres aux célestes. Qu’est ce qui fut dit à Moïse&nbsp;: <i>Tu feras tout selon le modèle de ce que tu as vu sur la montagne</i>. En effet, pendant quarante jours, il apprit à retenir les paroles de Dieu, les caractères célestes, les images spirituelles, et les figures des choses à venir. Ainsi le dit Paul&nbsp;: <i>Ils buvaient au rocher qui les suivait, car le rocher était le Christ</i>. Puis ayant rappelé le contenu de la loi, il ajoute&nbsp;: <i>Toutes ces choses leur arrivaient en figures&nbsp;; elles ont été écrites pour être instruction, à nous en qui est arrivée la fin des siècles</i>. Par ces figures, ils apprenaient à craindre Dieu et à persévérer dans son service. Ainsi la loi était pour eux un enseignement, en même temps qu’une prophétie de l’avenir.</p>",
  "readingsPatristicReadingResponsory": "<p>Long cri vers Dieu dans la détresse Stance<br> mains levées, cœur ouvert,<br> remise totale au Père,<br> force de la faiblesse,<br> Jésus, notre prière,<br> ouvre-nous le chemin vers le Père.</p> <p>R/ Ouvre-nous le chemin vers le Père.</p> <p>Toi qui as dit&nbsp;:<br> «&nbsp;Demandez et vous recevrez&nbsp;»,</p> <p>Toi qui as dit&nbsp;:<br> «&nbsp;Celui qui cherche trouve&nbsp;»,</p> <p>Toi qui as dit&nbsp;:<br> «&nbsp;À celui qui frappe on ouvrira&nbsp;»,</p> <p>Toi qui as dit&nbsp;:<br> «&nbsp;Demandez l’Esprit, il vous sera donné&nbsp;».</p>",
  "readingsOration": "Donne à ta famille, Seigneur, de progresser en faisant toujours ce qui est bon&nbsp;; assure-lui le nécessaire en cette vie pour la conduire aux biens du Royaume.",
  "middleOfDayPsalm1Antiphon": "Avec un grand cri et des larmes, il priait celui qui pouvait le sauver de la mort.",
  "middleOfDayNoneReadingRef": "Dn 4, 24b",
  "middleOfDayNoneReadingContent": "<p>Rachète tes péchés par la justice, et tes fautes en ayant pitié des pauvres&nbsp;! Peut-être Dieu te pardonnera-t-il&nbsp;!</p>",
  "middleOfDayTierceReadingRef": "Ez 18, 30b-32",
  "middleOfDayTierceReadingContent": "<p>Revenez à moi, détournez-vous de vos péchés, et vous ne risquerez plus de tomber dans le mal. Rejetez tous vos péchés, faites-vous un cœur nouveau et un esprit nouveau. Pourquoi vouloir mourir, maison d’Israël&nbsp;? Je ne prends plaisir à la mort de personne, déclare le Seigneur, convertissez-vous et vivez.</p>",
  "middleOfDaySexteReadingRef": "Za 1, 3b-4b",
  "middleOfDaySexteReadingContent": "<p>Revenez à moi et je reviendrai à vous, dit le Seigneur, le Tout-Puissant. N’imitez pas vos pères, eux que les prophètes de jadis ont interpellés en ces termes&nbsp;: «&nbsp;Revenez donc, renoncez à vos chemins mauvais et à votre conduite mauvaise&nbsp;».</p>",
  "middleOfDayTierceResponsory": "<p>V/ Crée en moi un cœur pur, ô mon Dieu,<br>—  renouvelle et raffermis au fond de moi mon esprit.</p>",
  "middleOfDayNoneResponsory": "<p>V/ Le sacrifice qui plaît à Dieu, c’est un esprit brisé&nbsp;:<br>—  ne repousse pas, mon Dieu, un cœur brisé, broyé.</p>",
  "middleOfDaySexteResponsory": "<p>V/ Détourne ta face de mes fautes,<br>—  enlève tous mes péchés.</p>",
  "middleOfDayOration": "Donne à ta famille, Seigneur, de progresser en faisant toujours ce qui est bon&nbsp;; assure-lui le nécessaire en cette vie pour la conduire aux biens du Royaume.",
  "morningPsalm1": "PSALM_76",
  "morningPsalm2": "AT_3",
  "morningPsalm3": "PSALM_96",
  "readingsPsalm1": "PSALM_38_1",
  "readingsPsalm2": "PSALM_38_2",
  "readingsPsalm3": "PSALM_51",
  "middleOfDayPsalm1": "PSALM_118_8",
  "middleOfDayPsalm2": "PSALM_54_1_2",
  "middleOfDayPsalm3": "PSALM_54_3",
  "vespersPsalm1": "PSALM_61",
  "vespersPsalm2": "PSALM_66",
  "vespersPsalm3": "NT_6"
}