{
  "invitatoryAntiphon": "Aujourd'hui, ne fermons pas notre cœur, mais écoutons la voix du Seigneur.",
  "invitatoryAntiphon2": "Les yeux fixés sur Jésus Christ, entrons dans le combat de Dieu.",
  "morningEvangelicAntiphon": "Qui peut ouvrir les yeux d’un aveugle de naissance sinon le Christ, le Fils de Dieu&nbsp;?",
  "morningPsalm1Antiphon": "Tu es mon Dieu, je te rends grâce, mon Dieu, je t’exalte.",
  "morningPsalm3Antiphon": "Louez Dieu pour ses actions éclatantes&nbsp;!",
  "morningPsalm2Antiphon": "Dieu fort, arrache-nous à la main du puissant, délivre-nous, Seigneur.",
  "morningReadingRef": "Ne 8, 9.10",
  "morningReading": "Ce jour est consacré au Seigneur votre Dieu. Ne prenez pas le deuil, ne pleurez pas&nbsp;! Car ce jour est consacré à notre Dieu&nbsp;! Ne vous affligez pas&nbsp;: la joie du Seigneur est votre rempart&nbsp;!",
  "morningIntercession": "<p>Jésus, ami des hommes, assailli par la tentation, tu nous apprends l’obéissance dans l’amour.</p> <p>R/ Notre Seigneur et notre frère, louange à toi&nbsp;!</p> <p>Jésus, Fils de Dieu, transfiguré sur la montagne,<br> tu nous révèles que la croix est le chemin de ta gloire.</p> <p>Jésus, don de Dieu, source vive,<br> tu apaises notre soif de la vie véritable.</p> <p>Jésus, lumière du monde, tu rends la vue aux aveugles<br> et nous te reconnaissons Fils de Dieu.</p> <p>Jésus, vainqueur de la mort, tu as tiré Lazare du tombeau<br> et tu nous appelles tous à la résurrection.</p> ",
  "morningResponsory": "<p>R/ La joie du Seigneur est notre rempart&nbsp;!<br> V/ Tu es béni, Seigneur notre Dieu,<br>d’éternité en éternité.&nbsp;R/ <br> V/ Que soit béni ton nom glorieux, <br>que terre et ciel te chantent sans fin.&nbsp;R/ <br> V/ Gloire et puissance au Père et au Fils, <br>au Saint-Esprit qui chante en nos cœurs.&nbsp;R/ <br></p>",
  "morningOration": "Dieu qui as réconcilié avec toi toute l’humanité en lui donnant ton propre Fils, augmente la foi du peuple chrétien, pour qu’il se hâte avec amour au-devant des fêtes pascales qui approchent.",
  "vespersEvangelicAntiphon": "Il fallait se réjouir et festoyer, car ton frère était mort et le voici vivant.",
  "vespersPsalm1Antiphon": "Dieu l’a choisi pour juger les vivants et les morts.",
  "vespersPsalm2Antiphon": "Heureux celui qui fait miséricorde, jamais il ne tombera.",
  "vespersPsalm3Antiphon": "Quand le Messie souffrait sa Passion, Dieu accomplissait les paroles des prophètes.",
  "vespersReadingRef": "1 Co 9, 24-25",
  "vespersReading": "Vous savez bien que, dans les courses du stade, tous les coureurs prennent le départ, mais un seul gagne le prix. Alors, vous, courez de manière à l’emporter. Tous les athlètes à l’entraînement s’imposent une discipline sévère&nbsp;; ils le font pour gagner une couronne de laurier qui va se faner, et nous, pour une couronne qui ne se fane pas.",
  "vespersIntercession": "<p>Toi qui nous donnes la grâce de croire en toi, Sei­gneur, écoute notre prière pour nos frères humains&nbsp;:</p> <p>R/ Nous t’implorons, Seigneur&nbsp;!</p> <p>Pour les hommes qui travaillent à la paix en ce monde,<br> afin que leur amour de l’humanité cherche ton amour,</p> <p>Pour les hommes aveuglés par le péché du monde,<br> afin qu’ils s’exposent sans prévention à ton espérance,</p> <p>Pour les croyants qui n’ouvrent pas leurs yeux sur le monde,<br> afin qu’ils n’étouffent pas au fond d’eux la lumière,</p> <p>Pour les hommes dont le regard s’est éteint,<br> afin qu’ils s’éveillent à ton jour,</p> ",
  "vespersResponsory": "<p>R/ Pour le combat tu m’emplis de vaillance,<br>  *  Dieu de ma victoire.<br> V/ Que ta justice me conduise,  * <br> Gloire au Père et au Fils et au Saint-Esprit.&nbsp;R/ <br></p>",
  "vespersOration": "Dieu qui as réconcilié avec toi toute l’humanité en lui donnant ton propre Fils, augmente la foi du peuple chrétien, pour qu’il se hâte avec amour au-devant des fêtes pascales qui approchent.",
  "readingsPsalm1Antiphon": "Le Seigneur et le Maître, le Fils de l’homme élevé de terre, attire à lui tous les hommes.",
  "readingsPsalm2Antiphon": "Pour le salut de tout homme, il fallait que le Christ souffre la mort.",
  "readingsPsalm3Antiphon": "Pour le salut de tout homme, il fallait que le Christ souffre la mort.",
  "readingsVerse": "<p>V/ Tes paroles, Seigneur, sont pour nous l’esprit et la vie.<br>Tu as les paroles de la vie éternelle.</p>",
  "readingsBiblicalReadingTitle": "Les consacrés et leur mise à part",
  "readingsBiblicalReadingRef": "Lv 8, 1-17; 9, 22-24",
  "readingsBiblicalReadingContent": "<p>Le SEIGNEUR parla à Moïse et dit&nbsp;: «&nbsp;Prends Aaron et ses fils avec lui, prends les vêtements sacerdotaux, l’huile d’onction, le taureau du sacrifice pour la faute, les deux béliers et la corbeille des pains sans levain. Puis, rassemble toute la communauté à l’entrée de la tente de la Rencontre.&nbsp;» Moïse fit ce que lui avait ordonné le SEIGNEUR, et la communauté se rassembla à l’entrée de la tente de la Rencontre. Et Moïse dit à la communauté&nbsp;: «&nbsp;Voici ce que le SEIGNEUR a ordonné de faire.&nbsp;» Alors Moïse fit approcher Aaron et ses fils&nbsp;; il les lava avec de l’eau. Il mit la tunique à Aaron, lui passa la ceinture, le revêtit du manteau et plaça sur lui l’éphod. Puis il le ceignit de l’écharpe de l’éphod et la fixa sur lui. Il mit sur lui le pectoral, dans lequel il plaça les Ourim et les Toummim. Il plaça le turban sur sa tête, et sur le devant du turban le fleuron d’or, le saint diadème, comme le SEIGNEUR l’avait ordonné à Moïse. Moïse prit l’huile d’onction, fit l’onction sur la Demeure et sur tout ce qui s’y trouvait, et les consacra. Il en aspergea sept fois l’autel et fit l’onction de l’autel et de ses accessoires, de la cuve et de son support, pour les consacrer. Il versa un peu de l’huile d’onction sur la tête d’Aaron, lui donnant l’onction pour le consacrer. Alors Moïse fit approcher les fils d’Aaron, les revêtit de tuniques, leur mit une ceinture et les coiffa de tiares, comme le SEIGNEUR le lui avait ordonné. Il fit avancer le taureau du sacrifice pour la faute. Aaron et ses fils posèrent la main sur la tête du taureau du sacrifice pour la faute, et celui-ci fut immolé. Moïse prit le sang et, avec son doigt, il en mit sur les cornes de l’autel, tout autour, pour ôter de l’autel la faute. Puis il versa le sang à la base de l’autel. Alors il consacra l’autel en accomplissant sur lui le rite d’expiation. Moïse prit toute la graisse qui est au-dessus des entrailles, le lobe du foie, et les deux rognons avec leur graisse, et il les fit fumer à l’autel. Mais le reste du taureau, sa peau, sa chair et ses excréments, furent brûlés au feu hors du camp, comme le SEIGNEUR l’avait ordonné à Moïse. Aaron leva alors les mains sur le peuple, et le bénit. Puis il descendit de l’autel, après avoir fait le sacrifice pour la faute, l’holocauste et les sacrifices de paix. Moïse et Aaron entrèrent ensuite dans la tente de la Rencontre. Quand ils en ressortirent, ils bénirent le peuple. Alors la gloire du SEIGNEUR apparut à tout le peuple&nbsp;: un feu sortit de devant le SEIGNEUR et dévora l’holocauste et les graisses sur l’autel. Le peuple vit cela, tous crièrent de joie et tombèrent face contre terre.</p>",
  "readingsBiblicalReadingResponsory": "<p>R/ Jésus, tu es prêtre pour l’éternité&nbsp;!</p> <p>Tu demeures pour l’éternité,<br> tu sauves pour toujours<br> ceux qui par toi s’approchent de Dieu.</p> <p>Tu as prié ton Père&nbsp;:<br> «&nbsp;Pour eux je me consacre moi-même.&nbsp;»<br> Toujours vivant, tu intercèdes pour nous.</p>",
  "readingsOration": "Dieu qui as réconcilié avec toi toute l’humanité en lui donnant ton propre Fils, augmente la foi du peuple chrétien, pour qu’il se hâte avec amour au-devant des fêtes pascales qui approchent.",
  "middleOfDayPsalm1Antiphon": "Passerais-je un ravin de ténèbres, je ne crains aucun mal.",
  "middleOfDaySexteReadingRef": "Is 30, 15.18",
  "middleOfDaySexteReadingContent": "<p>Le Seigneur, le Dieu saint d’Israël, vous l’a dit&nbsp;: «&nbsp; Vous serez sauvés si vous revenez et si vous restez calmes, votre courage sera de rester tranquilles et d’avoir confiance.&nbsp;» Le Seigneur attend pour vous faire grâce, il se dressera pour vous montrer sa tendresse, car le Seigneur est le Dieu juste&nbsp;: heureux ceux qui attendent tout de lui.</p>",
  "middleOfDayNoneReadingRef": "Dt 4, 29-31",
  "middleOfDayNoneReadingContent": "<p>Tu rechercheras le Seigneur ton Dieu&nbsp;: tu le trouveras si tu le cherches de tout ton cœur, de tout ton être. Quand tu seras dans la détresse, quand tout cela t’arrivera, dans les jours à venir, tu reviendras au Seigneur ton Dieu, et tu écouteras sa voix. Car le Seigneur ton Dieu est un Dieu miséricordieux&nbsp;: il ne te délaissera pas, il ne te détruira pas, il n’oubliera pas l’alliance jurée à tes pères.</p>",
  "middleOfDayTierceReadingRef": "1 Th 4, 1.7",
  "middleOfDayTierceReadingContent": "<p>Frères, vous avez appris de nous comment il faut vous conduire pour plaire à Dieu&nbsp;; et c’est ainsi que vous vous conduisez déjà. Faites donc de nouveaux progrès, nous vous en prions, frères, nous vous le demandons dans le Seigneur Jésus. Si Dieu nous a appelés, ce n’est pas pour que nous restions dans l’impureté, mais pour que nous vivions dans la sainteté.</p>",
  "middleOfDaySexteResponsory": "<p>V/ Détourne ta face de mes fautes,<br>—  enlève tous mes péchés.</p>",
  "middleOfDayTierceResponsory": "<p>V/ Crée en moi un cœur pur, ô mon Dieu,<br>—  renouvelle et raffermis au fond de moi mon esprit.</p>",
  "middleOfDayNoneResponsory": "<p>V/ Le sacrifice qui plaît à Dieu, c’est un esprit brisé&nbsp;:<br>—  ne repousse pas, mon Dieu, un cœur brisé, broyé.</p>",
  "middleOfDayOration": "Dieu qui as réconcilié avec toi toute l’humanité en lui donnant ton propre Fils, augmente la foi du peuple chrétien, pour qu’il se hâte avec amour au-devant des fêtes pascales qui approchent.",
  "morningPsalm1": "PSALM_117",
  "morningPsalm2": "AT_40",
  "morningPsalm3": "PSALM_150",
  "readingsPsalm1": "PSALM_23",
  "readingsPsalm2": "PSALM_65_1",
  "readingsPsalm3": "PSALM_65_2",
  "middleOfDayPsalm1": "PSALM_22",
  "middleOfDayPsalm2": "PSALM_75_1",
  "middleOfDayPsalm3": "PSALM_75_2",
  "vespersPsalm1": "PSALM_109",
  "vespersPsalm2": "PSALM_111",
  "vespersPsalm3": "NT_8"
}