{
  "invitatoryAntiphon": "Aujourd'hui, ne fermons pas notre cœur, mais écoutons la voix du Seigneur.",
  "invitatoryAntiphon2": "Les yeux fixés sur Jésus Christ, entrons dans le combat de Dieu.",
  "morningPsalm2Antiphon": "Voici le Dieu qui me sauve, plus de crainte pour moi.",
  "morningPsalm1Antiphon": "Reviens vers nous, Seigneur, que nous revenions à toi&nbsp;!",
  "morningPsalm3Antiphon": "Écoute, ô mon peuple&nbsp;; c’est moi, le Seigneur ton Dieu.",
  "morningEvangelicAntiphon": "S’ils n’écoutent ni Moïse, ni les pro­phètes, croiront-ils celui qui sortira de chez les morts&nbsp;?",
  "morningReadingRef": "cf. 1 R 8, 51-53a",
  "morningReading": "Nous sommes, Seigneur, ton peuple et ton héritage. Que tes yeux soient ouverts à la supplication de ton serviteur et d’Israël, ton peuple, écoute-les toutes les fois qu’ils crieront vers toi. Car c’est toi qui les as mis à part pour toi comme héritage, parmi tous les peuples de la terre.",
  "morningIntercession": "<p>Malgré nos fautes, Seigneur, ne ferme pas ton oreille, inspire-nous la vraie prière&nbsp;:</p> <p>R/ Kyrie, eleison.</p> <p>Viens à notre aide, nous périssons.</p> <p>Dis seulement une parole, et nous serons sauvés.</p> <p>Si tu le veux, tu peux nous guérir.</p> <p>Viens au secours de notre incroyance.</p> <p>Que nos yeux s’ouvrent et nous te suivrons.</p> <p>Souviens-toi de nous quand tu viendras dans ton Royaume.</p> <p>Apprends-nous toi-même à prier&nbsp;: Notre Père...</p> ",
  "morningResponsory": "<p>R/ Nous sommes ton peuple, Seigneur.<br>  * Pitié, nous crions vers toi.<br> V/ Nous ployons sous le poids de nos fautes. * <br> V/ Écrasés de maux et de peines. * <br></p>",
  "morningOration": "Dieu qui aimes l’innocence et la fais recouvrer, oriente vers toi le cœur de tes fidèles, pour que, dociles à ton Esprit, ils soient fermes dans la foi et vraiment efficaces.",
  "vespersPsalm3Antiphon": "Il a pris possession de son règne, le Seigneur Dieu, Maître de tout&nbsp;!",
  "vespersPsalm1Antiphon": "Cherchez le Seigneur, tous les humbles de la terre, cherchez la justice et la vérité.",
  "vespersPsalm2Antiphon": "Il aura souci du malheureux&nbsp;; il sauvera le pauvre et le faible.",
  "vespersEvangelicAntiphon": "Le pauvre Lazare fut emporté par les anges dans le sein d’Abraham.",
  "vespersReadingRef": "Jc 4, 7-8. 10",
  "vespersReading": "Soumettez-vous à Dieu, et résistez au démon&nbsp;: il s’enfuira loin de vous. Approchez-vous de Dieu, et lui s’approchera de vous. Pécheurs, enlevez la souillure de vos mains&nbsp;; hommes partagés, purifiez vos cœurs. Abaissez-vous devant le Seigneur, et il vous élèvera.",
  "vespersIntercession": "<p>Seigneur, à qui pourrions-nous aller&nbsp;? Tu as les paroles de la vie éternelle.</p> <p>R/ Que ta parole soit notre lumière&nbsp;!</p> <p>Tu as dit&nbsp;: Vous êtes le sel de la terre,<br> vous êtes la lumière du monde.</p> <p>Tu as dit&nbsp;: Aimez vos ennemis,<br> faites du bien à ceux qui vous haïssent.</p> <p>Tu as dit&nbsp;: Soyez parfaits<br> comme votre Père est parfait.</p> <p>Tu as dit&nbsp;: Priez dans le secret,<br> demandez et vous recevrez.</p> <p>Tu as dit&nbsp;: Cherchez d’abord le Royaume,<br> entrez par la porte étroite.</p>",
  "vespersResponsory": "<p>R/ Seigneur, entends ma prière.<br>  *  Que mon cri parvienne jusqu’à toi&nbsp;!<br> V/ Le jour où j’appelle, écoute-moi.  * <br> Gloire au Père et au Fils et au Saint-Esprit.&nbsp;R/ <br></p>",
  "vespersOration": "Dieu qui aimes l’innocence et la fais recouvrer, oriente vers toi le cœur de tes fidèles, pour que, dociles à ton Esprit, ils soient fermes dans la foi et vraiment efficaces.",
  "readingsPsalm1Antiphon": "Tu nous rejettes au dernier rang, tu nous livres en spectacle aux hommes et aux anges.",
  "readingsPsalm2Antiphon": "Tu nous rejettes au dernier rang, tu nous livres en spectacle aux hommes et aux anges.",
  "readingsPsalm3Antiphon": "Tu nous rejettes au dernier rang, tu nous livres en spectacle aux hommes et aux anges.",
  "readingsVerse": "<p>V/ Celui qui médite la loi du Seigneur<br>donne du fruit en son temps.</p>",
  "readingsBiblicalReadingTitle": "Judicieux conseils de Jéthro",
  "readingsBiblicalReadingRef": "Ex 18, 13-27",
  "readingsBiblicalReadingContent": "<p>Le lendemain, Moïse siégea pour rendre la justice au peuple, et le peuple resta devant Moïse du matin jusqu’au soir. Le beau-père de Moïse vit tout ce que celui-ci faisait pour le peuple. Il lui dit&nbsp;: «&nbsp;Que fais-tu là pour le peuple&nbsp;? Pourquoi es-tu seul à siéger, tandis que tout le peuple est debout devant toi du matin jusqu’au soir&nbsp;?&nbsp;» Moïse dit à son beau-père&nbsp;: «&nbsp;C’est que le peuple vient à moi pour consulter Dieu. S’ils ont un litige, ils viennent me trouver&nbsp;; je leur rends justice, et je fais connaître les décrets de Dieu et ses lois.&nbsp;» Le beau-père de Moïse lui dit&nbsp;: «&nbsp;Ta façon de faire n’est pas la bonne. Tu vas t’épuiser complètement, ainsi que ce peuple qui est avec toi. La tâche est trop lourde pour toi, tu ne peux l’accomplir seul. Maintenant, écoute-moi&nbsp;! Je vais te donner un conseil, et que Dieu soit avec toi&nbsp;! Tiens-toi face à Dieu au nom du peuple&nbsp;: tu présenteras les litiges devant Dieu, tu informeras les gens des décrets et des lois, tu leur feras connaître le chemin à suivre et la conduite à tenir. Toi, tu distingueras, dans tout le peuple, des hommes de valeur, craignant Dieu, dignes de confiance, incorruptibles, et tu les institueras officiers de millier, officiers de centaine, officiers de cinquantaine et officiers de dizaine. Ils auront à juger le peuple en tout temps. Les affaires importantes, ils te les présenteront, mais les affaires mineures, ils les jugeront eux-mêmes. Allège ainsi ta charge. Qu’ils la portent avec toi&nbsp;! Si tu fais cela, et que Dieu te l’ordonne, tu pourras tenir et, de plus, tout ce peuple rentrera chez lui en paix.&nbsp;» Moïse écouta la voix de son beau-père et fit tout ce qu’il avait dit. Parmi tout Israël, Moïse choisit des hommes de valeur et les plaça à la tête du peuple&nbsp;: officiers de millier, officiers de centaine, officiers de cinquantaine et officiers de dizaine. Ils jugeaient le peuple en tout temps. Les affaires difficiles, ils les présentaient à Moïse, et les affaires de moindre importance, ils les jugeaient eux-mêmes. Et Moïse laissa partir son beau-père, qui s’en retourna dans son pays.</p>",
  "readingsBiblicalReadingResponsory": "<p>R/ Mettons au service les uns des autres<br> les dons reçus de l’Esprit.</p> <p>Pour porter devant Dieu la cause de ses frères,<br> Moïse plaça à leur tête des hommes valeureux.</p> <p>Pour se consacrer à la prière et à la Parole,<br> les Apôtres désignèrent, au service de leurs frères,<br> des hommes remplis de l’Esprit.</p>",
  "readingsPatristicReadingTitle": "COMMENTAIRE DE SAINT HILAIRE SUR LE PSAUME 127",
  "readingsPatristicReadingSubtitle": "La vraie crainte de Dieu",
  "readingsPatristicReadingContent": "<p><i>Heureux seront ceux qui craignent le Seigneur, qui marchent sur ses chemins</i>. Toutes les fois que l’on parle de la crainte du Seigneur dans les Écritures, il faut remarquer qu’elle n’est jamais présentée seule, comme si elle suffisait à la perfection de notre foi&nbsp;; on lui préfère ou on lui substitue une quantité de choses qui font comprendre quelle est la nature la perfection de cette crainte du Seigneur. Nous connaissons par là ce que dit Salomon dans les Proverbes&nbsp;: <i>Si tu demandes la sagesse, si tu appelles l’intelligence, si tu la cherches comme l’argent et si tu creuses comme un chercheur de trésor, alors tu comprendras la crainte du Seigneur.</i> Nous voyons ainsi à travers quelles étapes on parvient à la crainte du Seigneur. D’abord, il faut demander la sagesse, consacrer tous ses efforts à comprendre la parole de Dieu, rechercher et approfondir dans la sagesse&nbsp;; et c’est après que l’on comprendra la crainte du Seigneur. Or, dans l’opinion commune des hommes, on ne comprend pas ainsi la crainte. La crainte est l’effroi de la faiblesse humaine qui redoute de souffrir des accidents dont elle ne veut pas. Elle naît et elle s’ébranle en nous du fait de la culpabilité de notre conscience, du droit d’un plus puissant, de l’assaut d’un ennemi mieux armé, d’une cause de maladie, de la rencontre d’une bête sauvage, bref la crainte naît de tout ce qui peut nous apporter de la souffrance. Une telle crainte ne s’enseigne donc pas&nbsp;: elle naît naturellement de notre faiblesse. Nous n’apprenons pas quels sont les maux à craindre, mais d’eux-mêmes ces maux nous inspirent de la crainte. Au contraire, au sujet de la crainte du Seigneur, il est écrit ceci&nbsp;: <i>Venez, mes fils, écoutez-moi&nbsp;: la crainte du Seigneur, je vous l’enseignerai</i>. Il faut donc apprendre la crainte de Dieu, puisqu’elle est enseignée. En effet, elle n’est pas dans la terreur, elle est dans la logique de l’enseignement. Elle ne vient pas du tremblement de la nature, mais de l’observance du précepte&nbsp;; elle doit commencer par l’activité d’une vie innocente et par la connaissance de la vérité. Pour nous, la crainte de Dieu est tout entière dans l’amour, et la charité parfaite mène à son achèvement la peur qui est en elle. La fonction propre de notre amour envers lui est de se soumettre aux avertissements, d’obéir aux décisions, de se fier aux promesses. Écoutons donc l’Écriture, qui nous dit&nbsp;: <i>Et maintenant, lsraël, qu’est-ce que le Seigneur te demande&nbsp;? Sinon que tu craignes le Seigneur ton Dieu, que tu marches sur tous ses chemins, que tu l’aimes et que tu observes, de tout ton cœur et de toute ton âme, les commandements qu’il t’a donnés pour ton bonheur.</i> Nombreux sont les chemins du Seigneur, bien qu’il soit lui-même le chemin. Mais lorsqu’il parle de lui-même, il se nomme le chemin et il en montre la raison lorsqu’il dit&nbsp;: <i>Personne ne va vers le Père sans passer par moi</i>. Il faut donc interroger beaucoup de chemins et nous devons en fouler beaucoup pour trouver le seul qui soit bon&nbsp;; c’est-à- dire que nous trouverons l’unique chemin de la vie éternelle en traversant la doctrine de chemins nombreux. Car il y a des chemins dans la Loi, des chemins chez les prophètes, des chemins dans les évangiles, des chemins chez les Apôtres&nbsp;; il y a aussi des chemins dans toutes les actions qui accomplissent les commandements, et c’est en les prenant que ceux qui marchent dans la crainte de Dieu trouvent le bonheur.</p>",
  "readingsPatristicReadingResponsory": "<p>R/ C’est le Seigneur ton Dieu que tu craindras,<br> c’est lui que tu serviras.</p> <p>Le cœur de l’homme cherche sa voie,<br> mais c’est le Seigneur qui affermit ses pas.</p> <p>La crainte du Seigneur est école de sagesse&nbsp;;<br> celui qui s’abaisse sera élevé.</p>",
  "readingsOration": "Dieu qui aimes l’innocence et la fais recouvrer, oriente vers toi le cœur de tes fidèles, pour que, dociles à ton Esprit, ils soient fermes dans la foi et vraiment efficaces.",
  "middleOfDayPsalm1Antiphon": "C’est pour mon bien que j’ai souffert, ainsi ai-je appris tes commandements.",
  "middleOfDayTierceReadingRef": "Is 55, 6-7",
  "middleOfDayTierceReadingContent": "<p>Cherchez le Seigneur tant qu’il se laisse trouver. Invoquez-le tant qu’il est proche. Que le méchant abandonne son chemin, et l’homme pervers, ses pensées&nbsp;! Qu’il revienne vers le Seigneur, qui aura pitié de lui, vers notre Dieu, qui est riche en pardon.</p>",
  "middleOfDayNoneReadingRef": "He 10, 35-36",
  "middleOfDayNoneReadingContent": "<p>Ne perdez pas votre confiance&nbsp;; grâce à elle vous serez largement récompensés. Car vous avez bien besoin d’endurance pour accomplir la volonté de Dieu et obtenir ainsi la réalisation des promesses.</p>",
  "middleOfDaySexteReadingRef": "Dt 30, 2-3a",
  "middleOfDaySexteReadingContent": "<p>Tu reviendras au Seigneur ton Dieu, toi et tes fils, tu écouteras sa voix de tout ton cœur et de toute ton âme, tu observeras tout ce que je te commande aujourd’hui. Alors le Seigneur changera ton sort, il aura pitié de toi.</p>",
  "middleOfDayNoneResponsory": "<p>V/ Le sacrifice qui plaît à Dieu, c’est un esprit brisé&nbsp;:<br>—  ne repousse pas, mon Dieu, un cœur brisé, broyé.</p>",
  "middleOfDayTierceResponsory": "<p>V/ Crée en moi un cœur pur, ô mon Dieu,<br>—  renouvelle et raffermis au fond de moi mon esprit.</p>",
  "middleOfDaySexteResponsory": "<p>V/ Détourne ta face de mes fautes,<br>—  enlève tous mes péchés.</p>",
  "middleOfDayOration": "Dieu qui aimes l’innocence et la fais recouvrer, oriente vers toi le cœur de tes fidèles, pour que, dociles à ton Esprit, ils soient fermes dans la foi et vraiment efficaces.",
  "morningPsalm1": "PSALM_79",
  "morningPsalm2": "AT_19",
  "morningPsalm3": "PSALM_80",
  "readingsPsalm1": "PSALM_43_1",
  "readingsPsalm2": "PSALM_43_2",
  "readingsPsalm3": "PSALM_43_3",
  "middleOfDayPsalm1": "PSALM_118_9",
  "middleOfDayPsalm2": "PSALM_55",
  "middleOfDayPsalm3": "PSALM_56",
  "vespersPsalm1": "PSALM_71_1",
  "vespersPsalm2": "PSALM_71_2",
  "vespersPsalm3": "NT_10"
}