{
  "invitatoryAntiphon": "Allez vers le Seigneur parmi les chants d’allégresse.",
  "sundayEvangelicAntiphonA": "Prenez sur vous mon joug, il est doux et léger.",
  "sundayEvangelicAntiphonB": "Ceux qui entendaient Jésus s’étonnaient&nbsp;: N’est-ce pas le charpentier, le fils de Marie&nbsp;?",
  "sundayEvangelicAntiphonC": "Dans chaque maison où vous entrerez, vous direz&nbsp;: Paix à cette maison.",
  "readingsBiblicalReadingTitle": "Préparatifs pour la construction du temple",
  "readingsBiblicalReadingRef": "1Ch 22, 5-19",
  "readingsBiblicalReadingContent": "<p>David disait&nbsp;: «&nbsp;Mon fils Salomon est jeune et faible, et la Maison qu’il faut bâtir pour le SEIGNEUR doit être absolument grandiose, pour que son nom et sa splendeur soient connus dans tous les pays. Je veux donc en faire pour lui les préparatifs.&nbsp;» Ainsi, avant sa mort, David fit de grands préparatifs. Puis il appela son fils Salomon et lui donna l’ordre de bâtir une maison pour le SEIGNEUR, Dieu d’Israël. David dit à Salomon&nbsp;: «&nbsp;Mon fils, j’avais à cœur de bâtir une maison pour le nom du SEIGNEUR mon Dieu. Mais la parole du SEIGNEUR me fut adressée&nbsp;: “Tu as répandu beaucoup de sang et livré de grandes batailles&nbsp;; ce n’est donc pas toi qui bâtiras une maison pour mon nom car tu as répandu devant moi beaucoup de sang sur la terre. Voici qu’un fils te naîtra, lui sera un homme tranquille, et je lui procurerai la tranquillité du côté de tous les ennemis qui l’entourent. Son nom sera Salomon (c’est-à-dire&nbsp;: Pacifique), et, pendant sa vie, je donnerai la paix et le calme à Israël. C’est lui qui bâtira une maison pour mon nom. Il sera pour moi un fils et je serai pour lui un père, et je rendrai stable pour toujours le trône de sa royauté sur Israël.” Maintenant, mon fils, que le SEIGNEUR soit avec toi, pour que tu réussisses à bâtir la maison du SEIGNEUR ton Dieu, comme il l’a promis à ton sujet. Qu’il daigne t’accorder prudence et intelligence, quand il te donnera autorité sur Israël, pour que tu observes la Loi du SEIGNEUR ton Dieu&nbsp;! Alors, tu réussiras si tu observes et mets en pratique les décrets et les ordonnances que le SEIGNEUR a prescrits à Moïse pour Israël. Sois fort et courageux&nbsp;! Ne crains pas, ne t’effraie pas&nbsp;! Voici que, dans ma peine, j’ai pu mettre de côté pour la maison du SEIGNEUR cent mille talents d’or, un million de talents d’argent, et une telle quantité de bronze et de fer qu’on ne peut les peser. J’ai aussi entreposé du bois et des pierres, et tu en ajouteras encore. Tu as avec toi de nombreux artisans, ouvriers pour les carrières, ouvriers de la pierre et du bois, tous habiles pour tous les ouvrages. Quant à l’or, à l’argent, au bronze et au fer, on ne saurait les compter. Lève-toi&nbsp;! Au travail&nbsp;! et que le SEIGNEUR soit avec toi.&nbsp;» Alors David donna ordre à tous les princes d’Israël de prêter main-forte à son fils Salomon&nbsp;: «&nbsp;Le SEIGNEUR, votre Dieu, n’est-il pas avec vous&nbsp;? Il vous a donné partout la tranquillité, puisqu’il a livré entre mes mains les habitants du pays, et que le pays a été soumis au SEIGNEUR et à son peuple. Maintenant, appliquez votre cœur et votre âme à chercher le SEIGNEUR, votre Dieu. Levez-vous, bâtissez le sanctuaire du SEIGNEUR Dieu, et faites entrer l’arche de l’Alliance du SEIGNEUR et les objets sacrés de Dieu dans la Maison bâtie au nom du SEIGNEUR.&nbsp;»</p>",
  "readingsBiblicalReadingResponsory": "<p>R/ De quel amour j’aime ta demeure,<br> Seigneur, Dieu de l’univers&nbsp;!</p> <p>David a dit à son fils&nbsp;:<br> Que maintenant le Seigneur soit avec toi,<br> pour que tu achèves sa maison, comme il l’a promis.</p> <p>Donnez votre cœur et votre âme<br> à la recherche du Seigneur votre Dieu.<br> Allez, bâtissez-lui un sanctuaire.</p>",
  "readingsPatristicReadingTitle": "SERMON DE SAINT AMBROISE SUR LE PSAUME 118",
  "readingsPatristicReadingSubtitle": "«&nbsp;Nous ferons chez lui notre demeure&nbsp;»",
  "readingsPatristicReadingContent": "<p><i>Le Père et moi, nous viendrons et nous ferons chez lui notre demeure</i>. ~ Ouvre ta porte à celui qui vient, ouvre ton âme, élargis l’accueil de ton esprit afin qu’il découvre les richesses de la simplicité, les trésors de la paix, la douceur de la grâce. Dilate ton cœur, viens vers le soleil de la lumière éternelle <i>qui éclaire tout homme</i>. Sans doute, la vraie lumière brille pour tous&nbsp;; mais celui qui ferme ses fenêtres se privera de l’éternelle lumière. Donc, le Christ lui-même est laissé dehors, si tu fermes la porte de ton esprit. Bien qu’il soit capable d’entrer, il ne veut pas s’introduire de force, il ne veut pas contraindre ceux qui le refusent. Issu de la Vierge, il est sorti de son sein en rayonnant sur tout l’univers, afin de briller pour tous. Ils le reçoivent, ceux qui désirent la clarté d’une lumière perpétuelle que la nuit ne vient jamais interrompre. Car le soleil que nous voyons de nos yeux est supplanté par l’obscurité de la nuit&nbsp;; mais le soleil de justice ne se couche jamais parce que le mal ne supplante jamais la sagesse. Heureux donc celui à la porte duquel frappe le Christ. Notre porte, c’est la foi, qui, si elle est solide, défend toute la maison. C’est par cette porte que le Christ fait son entrée. Aussi l’Église dit-elle dans le Cantique&nbsp;: <i>J’entends mon frère qui frappe à la porte</i>. Écoute celui qui frappe, écoute celui qui désire entrer&nbsp;: <i>Ouvre-moi, ma sœur, mon épouse, ma colombe, ma parfaite&nbsp;! Car ma tête est couverte de rosée, mes boucles, des gouttes de la nuit</i>. Comprends avec quelle force le Dieu Verbe frappe à ta porte lorsque sa tête est couverte de la rosée nocturne. Car il daigne visiter ceux qui sont exposés à l’épreuve et aux tentations, pour qu’ils ne risquent pas d’être vaincus et de succomber à leurs difficultés. Sa tête est donc couverte de rosée ou de pluie quand son corps est dans la peine. C’est alors qu’il faut veiller, de peur que l’Époux, quand il viendra, ne se retire parce que la maison lui sera fermée. Si tu dors, et si ton cœur ne veille pas, il se retire avant d’avoir frappé. Si ton cœur veille, il frappe et il demande qu’on lui ouvre la porte. Nous savons donc quelle est l’entrée de notre âme, nous savons aussi quelles sont ces portes dont il est dit&nbsp;: <i>Portes, élevez vos linteaux, élevez-vous, portes éternelles, et le Roi de gloire entrera</i>. Si tu veux élever ces portes de ta foi, le Roi de gloire entrera auprès de toi, paré du triomphe de sa passion. La justice aussi a des portes. Car nous lisons à leur sujet ce que Jésus dit par son prophète&nbsp;: <i>Ouvrez-moi les portes de la justice</i>. ~ C’est donc l’âme qui a une entrée, qui a des portes. Le Christ vient à cette entrée et il frappe, il frappe aux portes. Ouvre-lui donc&nbsp;: il veut entrer, il veut trouver son Épouse éveillée.</p>",
  "readingsPatristicReadingResponsory": "<p>R/ Voix de mon Bien-aimé qui frappe à la porte&nbsp;:<br> «&nbsp;Ouvre-moi»&nbsp;! alléluia&nbsp;!</p> <p>Si quelqu’un entend ma voix,<br> ensemble, nous prendrons notre repas,<br> moi près de lui, lui près de moi.</p> <p>Si quelqu’un garde ma parole,<br> mon Père l’aimera,<br> et nous viendrons à lui.</p>",
  "readingsOration": "Dieu qui as relevé le monde par les abaissements de ton Fils, donne à tes fidèles une joie sainte&nbsp;: tu les as tirés de l’esclavage du péché&nbsp;; fais-leur connaître le bonheur impérissable."
}