{
  "invitatoryAntiphon": "Approchons-nous de Dieu en rendant grâce.",
  "sundayEvangelicAntiphonA": "Allez sur les routes du monde&nbsp;: annoncer le Royaume de Dieu.",
  "sundayEvangelicAntiphonC": "Tes péchés sont pardonnés&nbsp;; ta foi t’a sauvé&nbsp;: va en paix.",
  "sundayEvangelicAntiphonB": "Nuit et jour, germe et grandit la semence du Royaume.",
  "readingsBiblicalReadingTitle": "Debora, juge et prophète",
  "readingsBiblicalReadingRef": "Jg 4, 1-24",
  "readingsBiblicalReadingContent": "<p>Après la mort d’Éhoud, les fils d’Israël recommencèrent à faire ce qui est mal aux yeux du SEIGNEUR. Le SEIGNEUR les vendit à Yabine, roi de Canaan, qui régnait à Haçor. Le chef de son armée était Sissera&nbsp;; celui-ci habitait Harosheth-ha-Goïm. Les fils d’Israël crièrent vers le SEIGNEUR, car Yabine avait neuf cents chars de fer et il avait opprimé durement les fils d’Israël pendant vingt ans. Or, Débora, une prophétesse, femme de Lappidoth, jugeait Israël en ce temps-là. Elle siégeait sous le Palmier de Débora, entre Rama et Béthel, dans la montagne d’Éphraïm, et les fils d’Israël venaient vers elle pour faire arbitrer leurs litiges. Elle fit appeler Baraq, fils d’Abinoam, de Qèdesh en Nephtali, et elle lui dit&nbsp;: «&nbsp;Le SEIGNEUR, Dieu d’Israël, n’a-t-il pas donné cet ordre&nbsp;? “Va, fais venir au mont Tabor et prends avec toi dix mille hommes parmi les fils de Nephtali et les fils de Zabulon. Je ferai venir vers toi, au torrent de Qishone, Sissera, le chef de l’armée de Yabine, avec ses chars et ses troupes, et je le livrerai entre tes mains.”&nbsp;» Baraq lui dit&nbsp;: «&nbsp;Si tu marches avec moi, j’irai&nbsp;; mais si tu ne marches pas avec moi, je n’irai pas.&nbsp;» Elle dit&nbsp;: «&nbsp;Je marcherai donc avec toi. Mais, sur la voie où tu marches, l’honneur ne sera pas pour toi&nbsp;: car c’est à une femme que le SEIGNEUR abandonnera Sissera.&nbsp;» Débora se leva et se rendit avec Baraq à Qèdesh. Baraq convoqua Zabulon et Nephtali à Qèdesh. Dix mille hommes le suivirent, et Débora partit avec lui. Hèber le Qénite s’était séparé de Qaïn et des fils de Hobab, parent de Moïse. Il avait dressé sa tente non loin du chêne de Saanaïm, près de Qèdesh. On annonça à Sissera que Baraq, fils d’Abinoam, était arrivé au mont Tabor. Alors, Sissera convoqua tous ses chars, neuf cents chars de fer, ainsi que tout le peuple qui était avec lui, depuis Harosheth-ha-Goïm jusqu’au torrent de Qishone. Débora dit à Baraq&nbsp;: «&nbsp;Lève-toi&nbsp;! Car c’est aujourd’hui que le SEIGNEUR livre Sissera entre tes mains&nbsp;! Le SEIGNEUR n’est-il pas sorti devant toi&nbsp;?&nbsp;» Baraq descendit du mont Tabor avec dix mille hommes derrière lui. Alors, le SEIGNEUR frappa de panique Sissera, tous les chars et toute l’armée, qui fut passée au fil de l’épée devant Baraq. Sissera descendit de son char et s’enfuit à pied. Baraq poursuivit les chars et l’armée jusqu’à Harosheth-ha-Goïm, et toute l’armée de Sissera tomba au fil de l’épée&nbsp;; il n’en resta pas un seul. Or Sissera s’était enfui à pied vers la tente de Yaël, femme de Hèber le Qénite, car la paix régnait entre Yabine, roi de Haçor, et la maison de Hèber le Qénite. Yaël sortit au-devant de Sissera et lui dit&nbsp;: «&nbsp;Arrête-toi, mon seigneur, arrête-toi chez moi&nbsp;; ne crains rien.&nbsp;» Il s’arrêta chez elle, dans sa tente, et elle le recouvrit d’une couverture. Il lui dit&nbsp;: «&nbsp;Peux-tu me donner à boire un peu d’eau, car j’ai soif.&nbsp;» Elle ouvrit l’outre de lait, le fit boire et le recouvrit. Il lui dit&nbsp;: «&nbsp;Tiens-toi à l’entrée de la tente, et si quelqu’un vient, t’interroge et demande&nbsp;: “Y a-t-il quelqu’un ici&nbsp;?”, tu répondras&nbsp;: “Non.”&nbsp;» Mais Yaël, femme de Hèber, prit un piquet de la tente, saisit un marteau dans sa main, vint près de lui doucement, et lui enfonça dans la tempe le piquet, qui alla se planter dans la terre. Sissera qui, épuisé, était profondément endormi, mourut. Or, voici que Baraq poursuivait Sissera&nbsp;! Yaël sortit à sa rencontre et lui dit&nbsp;: «&nbsp;Viens, et je te ferai voir l’homme que tu cherches.&nbsp;» Il entra chez elle, et voilà que Sissera gisait, mort, le piquet dans la tempe&nbsp;! En ce jour-là, Dieu abaissa Yabine, roi de Canaan, devant les fils d’Israël. La main des fils d’Israël se fit de plus en plus lourde contre Yabine, roi de Canaan, jusqu’à ce qu’ils aient abattu Yabine, roi de Canaan.</p>",
  "readingsBiblicalReadingResponsory": "<p>R/ De mes faiblesses surtout je me vanterai,<br> sur moi reposera la puissance de Dieu.</p> <p>Ce qu’il y a de faible dans le monde,<br> Dieu l’a choisi pour confondre la force.</p> <p>Ce que l’on méprise, Dieu l’a choisi,<br> afin que personne n’aille se glorifier devant lui.</p>",
  "readingsPatristicReadingTitle": "COMMENTAIRE DE SAINT CYPRIEN SUR LA PRIÈRE DU SEIGNEUR",
  "readingsPatristicReadingSubtitle": "Notre prière est publique et communautaire",
  "readingsPatristicReadingContent": "<p>Avant tout, le Christ, Docteur de la paix et Maître de l’unité, n’a pas voulu que la prière soit individuelle et privée, comme si l’on ne priait que pour soi. Nous ne disons pas&nbsp;: «&nbsp;Mon Père, qui es aux cieux&nbsp;», ni&nbsp;: «&nbsp;Donne-moi aujourd’hui mon pain de ce jour&nbsp;». Chacun ne demande pas pour lui seul que sa dette lui soit remise, qu’il ne soit pas soumis à la tentation et qu’il soit délivré du Mal. Notre prière est publique et communautaire, et quand nous prions, ce n’est pas pour un seul, mais pour tout le peuple, car nous, le peuple entier, nous ne faisons qu’un. Le Dieu de la paix et le Maître de la concorde, qui nous a enseigné l’unité, a voulu qu’un seul prie pour tous comme lui-même a porté tous les hommes en lui seul. Les trois jeunes Hébreux, jetés à la fournaise, ont observé cette loi de la prière. Lorsqu’ils priaient, leurs voix n’en faisaient qu’une, leurs esprits étaient accordés, ils n’avaient qu’un seul cœur. Nous pouvons croire ce que déclare l’Écriture&nbsp;: en nous enseignant comment ils priaient, elle donne un exemple que nous pouvons imiter dans nos prières, pour que nous puissions être exaucés comme eux. <i>Alors</i>, dit-elle, <i>tous trois, d’une seule voix, chantaient un hymne et bénissaient Dieu</i>. Ils priaient d’une seule voix, et, pourtant, le Christ ne leur avait pas encore enseigné à prier. Leur prière méritait d’être exaucée, elle fut efficace parce que la faveur du Seigneur était acquise à une prière pacifique, humble et spirituelle. Nous voyons les Apôtres prier ainsi avec les disciples, après l’ascension du Seigneur&nbsp;: <i>D’un seul cœur, ils participaient fidèlement à la prière, avec quelques femmes et Marie, la mère de Jésus, et avec ses frères</i>. D’un seul cœur, ils participaient fidèlement à la prière&nbsp;: l’assiduité en même temps que la concorde de leur prière montrait que Dieu, <i>qui fait habiter dans sa maison ceux qui ont un seul cœur</i>, n’admet dans sa demeure éternelle que ceux qui prient d’un seul cœur. Comme les mystères de la prière du Seigneur, frères bien-aimés, sont nombreux et profonds&nbsp;! Ils sont contenus dans de brèves paroles, mais avec quelle richesse de vertu spirituelle&nbsp;! Absolument rien n’est omis, parmi tout ce que nous pouvons demander dans la prière, dans ce condensé de l’enseignement divin&nbsp;: <i>Priez ainsi</i>, dit le Seigneur&nbsp;: <i>Notre Père qui es aux cieux</i>. ~ L’homme nouveau, régénéré et rendu à son Dieu par la grâce divine, commence par dire <i>Père</i>, parce que désormais il est devenu fils. Le Verbe, dit saint Jean, <i>est venu chez les siens, et les siens ne l’ont pas reçu. Mais, tous ceux qui l’ont reçu, ceux qui croient en son nom, il leur a donné de pouvoir devenir fils de Dieu</i>. Celui qui a cru en son nom et qui est devenu fils de Dieu doit donc commencer à rendre grâce et à professer qu’il est fils de Dieu, en appelant son Père le Dieu qui est aux cieux.</p>",
  "readingsPatristicReadingResponsory": "<p>R/ Notre Père ...</p>",
  "readingsOration": "Dans ton amour inépuisable, Dieu éternel et tout-puissant, tu combles ceux qui t’implorent, bien au-delà de leurs mérites et de leurs désirs&nbsp;; répands sur nous ta miséricorde en délivrant notre conscience de ce qui l’inquiète et en donnant plus que nous n’osons demander."
}