{
  "invitatoryAntiphon": "Au son de la joie et de la fête, allons à la rencontre du Seigneur.",
  "sundayEvangelicAntiphonC": "Malheur à qui amasse pour lui-même&nbsp;! Heureux qui est riche en vue de Dieu&nbsp;!",
  "sundayEvangelicAntiphonB": "Ne cherchez pas la nourriture qui périt, mais celle qui fait vivre pour l’éternité.",
  "sundayEvangelicAntiphonA": "Prenant les pains, Jésus rendit grâce, les rompit et les donna. Et tous mangèrent à leur faim.",
  "readingsBiblicalReadingTitle": "Crimes de Juda et crimes d’Israël",
  "readingsBiblicalReadingRef": "Am 2, 4-16",
  "readingsBiblicalReadingContent": "<p>Ainsi parle le SEIGNEUR&nbsp;: À cause de trois crimes de Juda, et même de quatre, je l’ai décidé sans retour&nbsp;! Parce qu’ils ont rejeté la Loi du SEIGNEUR, et n’ont pas gardé ses décrets, parce que leurs idoles les ont égarés, celles que leurs pères avaient suivies, j’enverrai un feu en Juda, et il dévorera les palais de Jérusalem. Ainsi parle le SEIGNEUR&nbsp;: À cause de trois crimes d’Israël, et même de quatre, je l’ai décidé sans retour&nbsp;! Ils vendent le juste pour de l’argent, le malheureux pour une paire de sandales. Ils écrasent la tête des faibles dans la poussière, aux humbles ils ferment la route. Le fils et le père vont vers la même fille et profanent ainsi mon saint nom. Auprès des autels, ils se couchent sur les vêtements qu’ils ont pris en gage. Dans la maison de leur Dieu, ils boivent le vin de ceux qu’ils ont frappés d’amende. Moi, pourtant, j’avais détruit devant eux l’Amorite, dont la stature égalait celle des cèdres et la vigueur, celle des chênes&nbsp;! Je l’avais anéanti de haut en bas, depuis les fruits jusqu’aux racines. Moi, je vous avais fait monter du pays d’Égypte et je vous avais, pendant quarante ans, conduits à travers le désert, pour vous donner en héritage le pays de l’Amorite. J’avais suscité des prophètes parmi vos fils et, parmi vos jeunes gens, des naziréens (c’est-à-dire des hommes voués à Dieu). Oui ou non, est-ce vrai, fils d’Israël&nbsp;? —&nbsp;oracle du SEIGNEUR. Mais vous faites boire du vin aux naziréens, et aux prophètes vous donnez cet ordre&nbsp;: «&nbsp;Ne prophétisez pas&nbsp;!&nbsp;» Eh bien, moi, maintenant, je vous écraserai sur place, comme un char plein de gerbes écrase tout sur son passage. L’homme le plus rapide ne pourra pas fuir, le plus fort ne pourra pas montrer sa vigueur, même le héros ne sauvera pas sa vie. L’archer ne tiendra pas, le coureur n’échappera pas, le cavalier ne sauvera pas sa vie. Le plus brave s’enfuira tout nu, ce jour-là, — oracle du SEIGNEUR.</p>",
  "readingsBiblicalReadingResponsory": "<p>R/ Nous n’avons pas compris tes merveilles,<br> nous avons méconnu ton grand amour.</p> <p>Je vous ai envoyé mes prophètes&nbsp;;<br> vous les avez réduits au silence.</p> <p>Mon peuple n’a pas écouté ma voix&nbsp;;<br> les miens ne m’ont pas reçu.</p> <p>Nous avons failli comme nos pères,<br> nous avons dévié, nous t’avons renie.</p>",
  "readingsPatristicReadingTitle": "DE LA LETTRE ATTRIBUÉE À BARNABÉ",
  "readingsPatristicReadingSubtitle": "La loi nouvelle",
  "readingsPatristicReadingContent": "<p>Dieu a rejeté les anciens sacrifices afin que la loi nouvelle de notre Seigneur Jésus Christ, affranchie du joug de la contrainte, comporte une offrande qui ne soit pas faite par l’homme. Il dit encore aux Juifs&nbsp;: <i>Est-ce que j’ai commandé à vos pères, quand ils sont sortis d’Égypte, de m’offrir des holocaustes et des sacrifices&nbsp;? Non, mais voici ce que je leur ai prescrit&nbsp;: Que nul d’entre vous n’ait de pensées mauvaises contre son prochain&nbsp;; et n’aimez pas le faux serment</i>. Nous devons donc comprendre. Si nous ne sommes pas dénués d’intelligence, ce que veut notre Père dans sa bonté. Car, s’il nous parle, c’est pour que nous recherchions comment nous approcher de lui, sans tomber dans la même erreur que ces gens-là. Voici donc ce qu’il dit à notre adresse&nbsp;: <i>Le sacrifice qui plaît à Dieu, c’est un cœur brisé, le parfum de bonne odeur pour le Seigneur, c’est un esprit qui glorifie son Créateur</i>. Nous devons donc, mes frères, veiller avec beaucoup de soin à notre salut pour éviter que le Mauvais ne s’insinue en nous pour nous égarer et nous rejeter loin de ce qui est notre vie. Le Seigneur dit encore aux Juifs, à ce sujet&nbsp;: <i>Pourquoi jeûnez-vous pour moi ~ afin de vous faire entendre aujourd’hui à force de crier&nbsp;? Ce n’est pas là le jeûne que j’avais choisi, ~ je n’ai pas voulu que l’homme se mortifie de cette façon</i>. ~ Mais il dit à notre adresse&nbsp;: <i>Voici le jeûne que j’ai choisi&nbsp;: Brise toutes les chaînes injustes, délie les obligations imposées par les violents, renvoie libres les opprimés et déchire tout contrat injuste. Partage ton pain avec les affamés, habille ceux que tu vois sans vêtements, conduis les sans-abri dans ta maison</i>. ~ Pour que l’Ennemi ne s’insinue pas en nous, fuyons le néant des idoles, détestons radicalement les actions de la voie mauvaise. Ne vous repliez pas sur vous-mêmes, ne vivez pas dans l’isolement, comme si vous étiez déjà justifiés, mais rassemblez-vous pour rechercher ensemble ce qui concerne le salut de tous. L’Écriture dit en effet&nbsp;: <i>Malheureux ceux qui se croient des sages, qui sont intelligents à leurs propres yeux&nbsp;!</i> Devenons des spirituels, devenons pour Dieu un temple parfait. Autant que nous le pouvons, appliquons-nous à la crainte de Dieu et luttons pour garder ses commandements, afin de trouver notre joie dans ses volontés. Dieu jugera le monde <i>sans faire de différence entre les hommes</i>. Chacun recevra selon ce qu’il a fait. S’il est bon, sa justice marchera devant lui&nbsp;; s’il est mauvais, le salaire de son mal le rejoindra. Évitons de nous reposer sous prétexte que nous sommes appelés, de peur que nous ne nous endormions dans nos péchés et que le Prince du mal ne prenne autorité sur nous pour nous chasser hors du royaume du Seigneur. Comprenez encore ceci, mes frères&nbsp;: quand vous voyez comment les Israélites ont été abandonnés, après des signes et des prodiges comme ceux qui se sont produits chez eux, prenons garde à ce que, chez nous aussi, il ne se trouve, comme dit l’Écriture, <i>beaucoup d’appelés et peu d’élus</i>.</p>",
  "readingsPatristicReadingResponsory": "<p>R/ Partager son pain avec l’affamé,<br> voilà le jeûne qui plaît à Dieu.</p> <p>Ouvre ton cœur au pauvre&nbsp;: c’est ton frère.<br> Et si tu cries, le Seigneur répondra&nbsp;;<br> à tes appels, il dira&nbsp;: Me voici&nbsp;!</p> <p>Ouvre ton cœur au pauvre&nbsp;: c’est ton frère.<br> Et quand le Fils de l’homme viendra, il te dira&nbsp;:<br> J’avais faim et tu m’as donné à manger.</p>",
  "readingsOration": "Aux appels de ton peuple en prière, réponds, Seigneur, en ta bonté&nbsp;: donne à chacun la claire vision de ce qu’il doit faire et la force de l’accomplir."
}