{
  "firstVespersPsalm1": "PSALM_140",
  "firstVespersPsalm2": "PSALM_141",
  "firstVespersPsalm3": "NT_5",
  "firstVespersHymn": [
    "il-viendra"
  ],
  "firstVespersPsalm3Antiphon": "Jésus Christ est Seigneur, à la gloire de Dieu le Père&nbsp;!",
  "firstVespersPsalm2Antiphon": "Tu es ma part, ô Seigneur, sur la terre des vivants.",
  "firstVespersPsalm2Antiphon2": "Délivre-moi, Seigneur&nbsp;: que je rende grâce à ton nom.",
  "firstVespersPsalm1Antiphon": "Que ma prière devant toi s’élève comme un encens&nbsp;; et mes mains, comme l’offrande du soir.",
  "firstVespersPsalm1Antiphon2": "Seigneur, je t’appelle&nbsp;: accours vers moi&nbsp;!",
  "firstVespersEvangelicAntiphon": "Pâque nouvelle, ô Christ ressuscité, tu as vaincu la mort, tu nous donnes la vie, alléluia.",
  "firstVespersReadingRef": "Rm 11, 33-36",
  "firstVespersReading": "Quelle profondeur dans la richesse, la sagesse et la science de Dieu&nbsp;! Ses décisions sont insondables, ses chemins sont impénétrables&nbsp;! Qui a connu la pensée du Seigneur&nbsp;? Qui a été son conseiller&nbsp;? Qui lui a donné en premier et mériterait de recevoir en retour&nbsp;? Car tout est de lui, et par lui, et pour lui. À lui la gloire pour l’éternité&nbsp;! Amen.",
  "firstVespersIntercession": "<p>Pour rendre gloire au Père, au Fils et à l’Esprit, prions et supplions&nbsp;:<br> <p>R/ Sauve-nous, Dieu de l’univers&nbsp;!</p> <p>Béni sois-tu, Seigneur, pour le monde et ses merveilles&nbsp;:&nbsp;<br> —&nbsp;que ta justice et ton amour emplissent la terre.</p> <p>Béni sois-tu, Seigneur, Parole vivante du Père&nbsp;:&nbsp;<br> —&nbsp;que ton Évangile parvienne à toutes les nations.</p> <p>Béni sois-tu, Seigneur, Esprit de vie&nbsp;:&nbsp;<br> —&nbsp;que ton souffle renouvelle la face de la terre.</p> <p>Béni sois-tu, Seigneur de ton peuple&nbsp;:&nbsp;<br> —&nbsp;que ton Église témoigne pour l’espérance.</p> <p>Béni sois-tu, Seigneur des vivants&nbsp;:&nbsp;<br> —&nbsp;fais entrer les défunts dans l’éternelle joie.</p> ",
  "firstVespersResponsory": "<p>R/ Louez le Seigneur du haut des cieux&nbsp;!<br>  *  Louez-le, tous les univers&nbsp;!<br> V/ Louez-le aux profondeurs des abîmes&nbsp;!  * <br> V/ Louez-le, tous les peuples de la terre&nbsp;!  * <br> V/ Louez-le, tous ses fidèles&nbsp;!  * <br> Gloire au Père et au Fils et au Saint-Esprit.&nbsp;R/ <br></p>",
  "invitatoryAntiphon": "Venez, crions de joie pour Dieu, notre Sauveur&nbsp;!",
  "morningHymn": [
    "n-allons-plus-nous-derobant"
  ],
  "morningEvangelicAntiphon": "Bénissez le Seigneur notre Dieu, faites retentir sa louange&nbsp;: il nous a rendu la vie, alléluia.",
  "morningPsalm3Antiphon": "Alléluia&nbsp;!",
  "morningPsalm3Antiphon2": "À toi, le peuple des humbles, la joie de ton Dieu, ton créateur&nbsp;!",
  "morningPsalm1Antiphon": "Mon âme a soif de toi, toi que je cherche dès l’aube.",
  "morningPsalm1Antiphon2": "Je veux te bénir tout au long de ma vie, alléluia.",
  "morningReadingRef": "Ap 7, 10.12",
  "morningReading": "Le salut est donné par notre Dieu, lui qui siège sur le Trône, et par l’Agneau&nbsp;! Louange, gloire, sagesse et action de grâce, honneur, puissance et force à notre Dieu pour les siècles des siècles&nbsp;! Amen&nbsp;!",
  "morningIntercession": "<p>Louons le Christ Seigneur, soleil de notre jour, qui éclaire tout homme et ne connaît pas de déclin&nbsp;:</p> <p>R/ Tu es la Vie, Seigneur, tu es le Salut&nbsp;!</p> <p>Nous accueillons le jour que ta bonté nous accorde,<br> –&nbsp;le jour où tu surgis de la mort.</p> <p>Par l’eau du baptême, tu nous as fait renaître,<br> –&nbsp;fais-nous vivre du souffle de ton Esprit.</p> <p>À la table de ta Parole et de ton Corps, tu nous invites,<br> –&nbsp;rassemble-nous dans la joie et la simplicité du cœur.</p> <p>Pour tant de grâce, nous te rendons grâce&nbsp;:<br> –&nbsp;fais que nous passions avec toi de ce monde au Père.</p> ",
  "morningResponsory": "<p>R/ Ô Christ, le Fils du Dieu vivant<br>  * Pitié pour nous.<br> V/ Toi qui es assis à la droite du Père. * <br> Gloire au Père et au Fils et au Saint-Esprit.&nbsp;R/ <br></p>",
  "vespersHymn": [
    "reste-avec-nous-seigneur-jesus"
  ],
  "vespersEvangelicAntiphon": "Baptisés dans le Christ, vous avez revêtu le Christ, alléluia.",
  "vespersPsalm2Antiphon": "Devant la face du Seigneur, l’eau vive jaillira, alléluia&nbsp;!",
  "vespersPsalm2Antiphon2": "Baptisé dans la mort du Seigneur, nous vivrons avec lui.",
  "vespersPsalm1Antiphon": "Oracle du Seigneur à mon seigneur&nbsp;: Siège à ma droite.",
  "vespersPsalm1Antiphon2": "Dieu a tiré le Christ de la mort et l’a fait siéger dans sa gloire.",
  "vespersReadingRef": "2 Co 1, 3-4",
  "vespersReading": "Béni soit Dieu, le Père de notre Seigneur Jésus Christ, le Père plein de tendresse, le Dieu de qui vient tout réconfort. Dans toutes nos détresses, il nous réconforte&nbsp;; ainsi, nous pouvons réconforter tous ceux qui sont dans la détresse, grâce au réconfort que nous recevons nous-mêmes de Dieu.",
  "vespersIntercession": "<p>Adorons le Christ, Seigneur. Il est la tête&nbsp;; nous sommes les membres de son corps&nbsp;:</p> <p>R/ Vienne ton règne, Seigneur&nbsp;!</p> <p>Christ, ami des hommes, tu as établi ton Église signe de salut pour les peuples&nbsp;:<br> –&nbsp;qu’elle soit fidèle à sa mission.</p> <p>Tu veux rassembler tes frères en un seul Corps&nbsp;;<br> –&nbsp;avive en nous le désir de l’unité.</p> <p>Garde en communion le pape et les évêques&nbsp;;<br> –&nbsp;qu’ils servent ton peuple au milieu des nations.</p> <p>Accorde au monde la paix&nbsp;;<br> –&nbsp;fais-nous les artisans de ta justice.</p> <p>Ta résurrection nous a ouvert les portes de la vie&nbsp;:<br> –&nbsp;qu’ils entrent, ceux qui ont mis leur espérance en toi.</p> ",
  "vespersResponsory": "<p>R/ Béni soit le Seigneur&nbsp;;<br>  *  Alléluia, alléluia&nbsp;!<br> V/ Du levant au couchant du soleil.  * <br> V/ Maintenant et pour les siècles des siècles.  * <br> Gloire au Père et au Fils et au Saint-Esprit.&nbsp;R/ <br></p>",
  "readingHymn": "au-commencement",
  "readingsPsalm3Antiphon": "Tu es pour moi un bouclier, Seigneur, la gloire qui me tient la tête haute.",
  "readingsPsalm2Antiphon": "Voici le roi que j’établis sur ma sainte montagne&nbsp;: c’est mon Fils bien-aimé. Alléluia.",
  "readingsPsalm1Antiphon": "L’arbre de vie, c’est ta croix, Seigneur, alléluia.",
  "readingsVerse": "<p>V/ Que la parole du Christ habite en vous dans sa richesse.<br>Instruisons-nous les uns les autres en toute sagesse.</p>",
  "middleOfDayPsalm3Antiphon": "Alléluia.",
  "middleOfDayPsalm2Antiphon": "Alléluia.",
  "middleOfDayPsalm1Antiphon": "Alléluia.",
  "middleOfDayNoneReadingRef": "Ga 6, 9-10",
  "middleOfDayNoneReadingContent": "<p>Ne nous lassons pas de faire le bien&nbsp;; en son temps viendra la récolte, si nous ne nous relâchons pas. Ainsi donc, tant que nous en avons l’occasion, pratiquons le bien à l’égard de tous et surtout de nos frères dans la foi.</p>",
  "middleOfDayTierceReadingRef": "1 Jn 4, 16",
  "middleOfDayTierceReadingContent": "<p>Nous avons reconnu et nous avons cru que l’amour de Dieu est parmi nous. Dieu est amour&nbsp;: celui qui demeure dans l’amour demeure en Dieu et Dieu en lui.</p>",
  "middleOfDaySexteReadingRef": "Ga 6, 7b-8",
  "middleOfDaySexteReadingContent": "<p>Dieu ne se laisse pas narguer, car ce que l’homme sème, il le récoltera. Celui qui sème pour sa propre chair récoltera ce que produit la chair&nbsp;: la corruption. Celui qui sème pour l’Esprit récoltera ce que produit l’Esprit&nbsp;: la vie éternelle.</p>",
  "middleOfDayTierceResponsory": "<p>V/ Incline mon cœur vers tes exigences,<br>—  que tes chemins me fassent vivre.</p>",
  "middleOfDayNoneResponsory": "<p>V/ J’appelle de tout cœur, réponds-moi<br>—  je garderai tes commandements</p>",
  "middleOfDaySexteResponsory": "<p>V/ Pour toujours, ta parole, Seigneur,<br>—  ta fidélité demeure d’âge en âge.</p>",
  "morningPsalm1": "PSALM_62",
  "morningPsalm2": "AT_41",
  "morningPsalm3": "PSALM_149",
  "readingsPsalm1": "PSALM_1",
  "readingsPsalm2": "PSALM_2",
  "readingsPsalm3": "PSALM_3",
  "middleOfDayPsalm1": "PSALM_117_1",
  "middleOfDayPsalm2": "PSALM_117_2",
  "middleOfDayPsalm3": "PSALM_117_3",
  "vespersPsalm1": "PSALM_109",
  "vespersPsalm2": "PSALM_113A",
  "vespersPsalm3": "NT_12"
}