{
  "invitatoryAntiphon": "Rendons grâce à Dieu&nbsp;: éternel est son amour.",
  "morningHymn": [
    "puisqu-il-est-avec-nous"
  ],
  "morningPsalm2Antiphon": "Dieu juste et sauveur, pas d’autre Dieu que toi&nbsp;!",
  "morningPsalm2Antiphon2": "Par le Seigneur seulement, la justice et la force&nbsp;!",
  "morningPsalm1Antiphon": "De ma faute, Seigneur, purifie-moi.",
  "morningPsalm1Antiphon2": "Jésus, Fils de Dieu, prends pitié de moi, pécheur.",
  "morningPsalm3Antiphon": "Dieu nous a faits et nous sommes à lui.",
  "morningPsalm3Antiphon2": "Allez vers le Seigneur avec des chants de joie&nbsp;!",
  "morningEvangelicAntiphon": "La lumière a brillé dans les ténèbres, et les ténèbres ne l’ont pas arrêtée.",
  "morningReadingRef": "Ep 4, 29-32",
  "morningReading": "Aucune parole mauvaise ne doit sortir de votre bouche&nbsp;; mais, s’il y en a besoin, dites une parole bonne et constructive, bienveillante pour ceux qui vous écoutent. En vue du jour de votre délivrance, vous avez reçu en vous la marque du Saint-Esprit de Dieu&nbsp;: ne le contristez pas. Faites disparaître de votre vie tout ce qui est amertume, emportement, colère, éclats de voix ou insultes, ainsi que toute espèce de méchanceté. Soyez entre vous pleins de générosité et de tendresse. Pardonnez-vous les uns aux autres, comme Dieu vous a pardonné dans le Christ.",
  "morningIntercession": "<p>Par sa mort sur la croix, le Christ a sauvé le genre humain. Bénissons-le&nbsp;:</p> <p>R/ Béni sois-tu, ô Christ, notre Sauveur&nbsp;!</p> <p>Du ciel, tu es descendu comme la lumière.</p> <p>De Marie, tu es né comme le germe divin.</p> <p>De la croix, tu es tombé comme le fruit.</p> <p>Au ciel tu es monté, prémices des vivants.</p> <p>Tu te présentes au Père comme l’offrande parfaite.</p> ",
  "morningResponsory": "<p>R/ Celui qui aime son frère<br> demeure dans la lumière.<br> V/ Comme je vous ai aimés, <br>aimez-vous les uns les autres. R/ <br> V/ Vous saurez que vous aimez le Père <br>si vous gardez ma Parole. R/ </p>",
  "morningOration": "Seigneur, tu demandes à ton Église d’être le lieu où l’Évangile est annoncé en contradiction avec l’esprit du monde. Donne à tes enfants assez de foi pour ne pas déserter mais témoigner de toi devant les hommes en prenant appui sur ta parole. Par Jésus Christ, ton Fils, notre Seigneur, qui vit et règne avec toi dans l’unité du Saint-Esprit, Dieu, pour les siècles des siècles. Amen.",
  "vespersHymn": [
    "r-le-soir-peut-revenir"
  ],
  "vespersPsalm3Antiphon": "Toi seul es saint, toi seul es le Seigneur&nbsp;!",
  "vespersPsalm1Antiphon": "Guéris mon âme, Seigneur, et je saurai que tu m’aimes.",
  "vespersPsalm1Antiphon2": "Heureux qui pense au pauvre et au faible&nbsp;: le Seigneur le sauve au jour du malheur.",
  "vespersEvangelicAntiphon": "Tu nous as sauvés, Seigneur, nous te rendons grâce à jamais.",
  "vespersReadingRef": "Rm 15, 1-3",
  "vespersReading": "C’est un devoir pour nous, les forts, de porter l’infirmité des faibles et de ne pas rechercher ce qui nous plaît. Que chacun de nous cherche à plaire à son prochain, en vue du bien, pour édifier. Le Christ, en effet, n’a pas recherché ce qui lui plaisait mais, comme il est écrit&nbsp;: «&nbsp;Les insultes de tes insulteurs sont tombées sur moi.&nbsp;»",
  "vespersIntercession": "<p>À l’heure où le Christ souffrit sur la croix, nous prions pour les membres souffrants de son Corps&nbsp;:</p> <p>R/ Kyrie, eleison.</p> <p>Libérateur des prisonniers,</p> <p>Justice des condamnés,</p> <p>Force des malades,</p> <p>Espoir des mourants,</p> <p>Lumière des aveugles,</p> <p>Richesse des pauvres,</p> <p>Pain des affamés,</p> <p>Toi, l’ami des hommes.</p> ",
  "vespersResponsory": "<p>R/ Qui perd sa vie la trouvera&nbsp;!<br> V/ Pas de plus grand amour que de donner sa vie<br> pour celui qu’on aime.&nbsp;R/ <br> V/ Sans regarder à ce qui plaît,<br> le Christ s’est livré lui-même.&nbsp;R/ <br></p>",
  "vespersOration": "Seigneur notre Dieu, que la passion de ton Fils illumine nos esprits pour nous rendre prêts à porter le joug que son amour nous fera trouver léger. Lui qui règne avec toi et le Saint-Esprit, maintenant et pour les siècles des siècles. Amen.",
  "readingHymn": "dieu-cache",
  "readingsPsalm1Antiphon": "Lève-toi, Seigneur&nbsp;! Viens à mon aide.",
  "readingsPsalm2Antiphon": "Tire-moi de ce désastre, Seigneur&nbsp;!",
  "readingsPsalm3Antiphon": "Tout le jour, je me redirai ta justice.",
  "readingsVerse": "<p>V/ Mon fils, garde mes paroles,<br>garde mes préceptes et tu vivras.</p>",
  "readingsBiblicalReadingTitle": "Grandeur de Dieu dans les merveilles de la nature",
  "readingsBiblicalReadingRef": "Si 43, 13-33",
  "readingsBiblicalReadingContent": "<p>Le Très-Haut n’a qu’un ordre à donner pour que tombe la neige, il précipite les éclairs qui exécutent son décret. Alors s’ouvrent les réservoirs célestes, et les nuages prennent leur envol comme des oiseaux. Dans sa puissance, il durcit les nuages qui se pulvérisent en grêlons. À sa vue, les montagnes chancellent&nbsp;; quand il le veut, souffle le vent du sud, la voix de son tonnerre invective la terre avec l’ouragan du nord et les cyclones. Il répand la neige comme un vol d’oiseaux qui se pose, elle descend comme les sauterelles s’abattent. L’œil s’émerveille de l’éclat de sa blancheur, et l’esprit reste ébahi de la voir tomber. Comme de sel il couvre la terre de givre, et le gel le transforme en pointes d’épines. Le vent froid souffle du nord, et la glace se forme sur l’eau&nbsp;; elle recouvre toute l’étendue des eaux, qu’elle revêt comme une cuirasse&nbsp;; et le vent dévore les montagnes, brûle le désert, il consume la verdure comme un feu. À tout cela une brume soudaine porte remède&nbsp;; la rosée se dépose après le vent brûlant et ramène la joie. Selon son dessein, le Très-Haut a dompté l’abîme, il y a planté des îles. Ceux qui naviguent sur la mer en décrivent les périls, nous n’en croyons pas nos oreilles. Et là, ce sont choses étranges, merveilleuses, animaux de toute sorte et monstres marins de la création. Celui que Dieu envoie y trouve son chemin&nbsp;: tout s’ordonne selon sa parole. Nous parlerions longtemps sans en dire assez, un mot suffit&nbsp;: Il est le Tout. Où trouver la force pour le glorifier&nbsp;? Car il est le Grand, qui dépasse toutes ses œuvres. Le Seigneur est redoutable et souverainement grand, sa puissance est merveilleuse. Quand vous le glorifiez, exaltez le Seigneur autant que vous pouvez&nbsp;: il sera encore au-delà. Exaltez-le de toute votre force et ne vous découragez pas&nbsp;: vous ne sauriez en dire assez. Qui l’a vu et pourrait le décrire&nbsp;? Qui le magnifiera à la mesure de ce qu’il est&nbsp;? Il reste beaucoup de mystères plus grands que ceux-là, car nous ne voyons qu’une faible partie de ses œuvres. Le Seigneur a créé toutes choses&nbsp;; il donne la sagesse à qui est religieux.</p>",
  "readingsBiblicalReadingResponsory": "<p>R/ Ô abîme de la richesse<br> et de la sagesse de Dieu&nbsp;:<br> tout est de lui, par lui et pour lui.</p> <p>Où trouver la force de le glorifier&nbsp;?<br> Il est le Très-Haut, au-dessus de toutes ses œuvres.</p> <p>Que vos louanges exaltent le Seigneur,<br> sans vous lasser, car vous n’en finirez pas.</p> <p>C’est le Seigneur qui a tout créé,<br> et à ceux qui l’aiment il a donné la sagesse.</p>",
  "readingsPatristicReadingTitle": "Traité de Saint Athanase contre les païens",
  "readingsPatristicReadingSubtitle": "Le Verbe de Dieu réalise l’harmonie de l’univers",
  "readingsPatristicReadingContent": "<p>Il n’y a rien de ce qui existe et de ce qui prend naissance qui ne prenne naissance et ne subsiste dans le Verbe et par le Verbe, comme nous l’enseigne Jean le Théologien&nbsp;: <i>Au commencement était le Verbe, et le Verbe était avec Dieu, et le Verbe était Dieu. Par lui tout s’est fait, et sans lui rien ne s’est fait.</i> Comme un musicien qui vient d’accorder sa lyre assemble par son art les notes graves avec les notes aiguës, les notes moyennes avec les autres, pour exécuter une seule mélodie&nbsp;: ainsi la Sagesse de Dieu, le Verbe, tenant l’univers comme une lyre, unit les êtres de l’air avec ceux de la terre, et les êtres du ciel avec ceux de l’air&nbsp;; il combine l’ensemble avec les parties, il conduit tout par son commandement et sa volonté&nbsp;; il produit ainsi, dans la beauté et l’harmonie, un seul monde et un seul ordre du monde. Lui-même reste immuable auprès du Père, tandis qu’il meut toutes choses par l’ordonnance qui vient de lui, selon ce que son Père a décidé. ~ Tous les êtres qui, selon leur nature, reçoivent de lui la vie et la subsistance, composent, grâce à lui, une harmonie admirable et vraiment divine. Pour faire comprendre une si grande chose par un exemple, prenons l’image d’un chœur composé de nombreux chanteurs. Ce chœur comporte des exécutants variés&nbsp;: hommes, enfants, femmes, vieillards et jeunes gens&nbsp;; sous la direction d’un seul chef, chacun chante selon sa nature et ses possibilités&nbsp;: l’homme comme un homme, l’enfant comme un enfant, le vieillard comme un vieillard, le jeune homme comme un jeune homme&nbsp;; mais tous exécutent une seule harmonie. Ou encore, notre âme met en mouvement à la fois nos différents sens&nbsp;; selon l’activité de chacun en présence d’un même objet, elle les incite tous en même temps&nbsp;: l’œil à voir, l’oreille à entendre, la main à toucher, l’odorat à sentir, le goût à savourer, et souvent d’autres membres encore à se mouvoir, comme les pieds à marcher. ~ C’est ainsi que tout se passe dans la création&nbsp;; ces comparaisons sont imparfaites, mais il faut savoir les appliquer à des réalités plus hautes. Oui, par une seule impulsion, par le commandement du Verbe qui est Dieu, toutes choses sont organisées, chacune agit selon ce qui lui appartient en propre, et toutes ensemble réalisent un ordre unique.</p>",
  "readingsPatristicReadingResponsory": "<p>R/ Tu es digne, ô notre Dieu,<br> de recevoir gloire et puissance,<br> car c’est toi qui créas l’univers.</p> <p>Par sa parole, le Seigneur a fait ses œuvres,<br> et la création obéit à sa volonté.</p> <p>Que toutes ses œuvres sont aimables&nbsp;:<br> comme une étincelle que l’on pourrait contempler.</p> <p>Dès son lever, le soleil proclame&nbsp;:<br> Quelle merveille, l’œuvre du Très-Haut&nbsp;!</p>",
  "readingsOration": "Dans ton amour inlassable, Seigneur, veille sur ta famille&nbsp;; et puisque ta grâce est notre unique espoir, garde-nous sous ta constante protection.",
  "middleOfDayPsalm1Antiphon": "Relève-moi, Seigneur, je te suivrai.",
  "middleOfDayPsalm2Antiphon": "J’ai devant les yeux ton amour&nbsp;: Seigneur, prends pitié de moi&nbsp;!",
  "middleOfDayPsalm3Antiphon": "J’ai fait confiance au Seigneur, et lui m’a guéri.",
  "middleOfDaySexteReadingRef": "2 Co 13, 4",
  "middleOfDaySexteReadingContent": "<p>Certes, le Christ a été crucifié dans sa faiblesse, mais il est vivant par la puissance de Dieu. Et nous aussi sommes faibles avec lui, mais nous serons vivants avec lui par la puissance de Dieu envers tous.</p>",
  "middleOfDayNoneReadingRef": "Col 3, 12-13",
  "middleOfDayNoneReadingContent": "<p>Puisque vous avez été choisis par Dieu, que vous êtes ses fidèles et ses bien-aimés, revêtez votre cœur de tendresse et de bonté, d’humilité, de douceur, de patience. Supportez-vous mutuellement et pardonnez, si vous avez des reproches à vous faire. Agissez comme le Seigneur&nbsp;: il vous a pardonné, faites de même.</p>",
  "middleOfDayTierceReadingRef": "Ph 2, 2b-4",
  "middleOfDayTierceReadingContent": "<p>Ayez les mêmes dispositions, le même amour, les mêmes sentiments&nbsp;; recherchez l’unité. Ne soyez jamais intrigants ni vantards, mais ayez assez d’humilité pour estimer les autres supérieurs à vous-mêmes. Que chacun de vous ne soit pas préoccupé de lui-même, mais plutôt des autres.</p>",
  "middleOfDaySexteResponsory": "<p>V/ Mon âme est collée à la poussière&nbsp;;<br>—  fais-moi vivre selon ta parole.</p>",
  "middleOfDayTierceResponsory": "<p>V/ Les voies du Seigneur sont amour et vérité&nbsp;:<br>— il enseigne aux humbles son chemin.</p>",
  "middleOfDayNoneResponsory": "<p>V/ Le Seigneur est tendresse et pitié,<br>— lent à la colère et plein d’amour.</p>",
  "middleOfDayNoneOration": "Seigneur Jésus Christ, toi qui as fait passer de la croix dans ton Royaume le malfaiteur qui reconnaissait ses fautes, nous te supplions en confessant nos péchés&nbsp;: ouvre-nous, dès notre mort, les portes du paradis. Toi qui règnes pour les siècles des siècles. Amen.",
  "middleOfDayTierceOration": "Nous te supplions instamment, Seigneur Jésus, à l’heure où tu fus conduit à la croix pour le salut du monde&nbsp;: pardonne-nous les fautes commises et protège-nous pour l’avenir. Toi qui règnes pour les siècles des siècles. Amen.",
  "middleOfDaySexteOration": "Nous te prions, Seigneur Jésus Christ, à l’heure où tu fus élevé sur la croix pour le rachat du monde et où les ténèbres couvraient toute la terre&nbsp;: accorde-nous toujours la lumière qui nous guidera jusqu’à la vraie vie. Toi qui règnes pour les siècles des siècles. Amen.",
  "morningPsalm1": "PSALM_50",
  "morningPsalm2": "AT_27",
  "morningPsalm3": "PSALM_99",
  "readingsPsalm1": "PSALM_34_1",
  "readingsPsalm2": "PSALM_34_2",
  "readingsPsalm3": "PSALM_34_3",
  "middleOfDayPsalm1": "PSALM_118_4",
  "middleOfDayPsalm2": "PSALM_25",
  "middleOfDayPsalm3": "PSALM_27",
  "vespersPsalm1": "PSALM_40",
  "vespersPsalm2": "PSALM_45",
  "vespersPsalm3": "NT_11"
}