{
  "invitatoryAntiphon": "Le Seigneur est notre roi&nbsp;: venez, adorons-le.",
  "sundayEvangelicAntiphonC": "Qui demande recevra&nbsp;; qui cherche trouvera&nbsp;; à celui qui frappe on ouvrira.",
  "sundayEvangelicAntiphonB": "À la vue des miracles de Jésus, les foules disaient&nbsp;: C’est vraiment lui le grand Prophète qui vient dans le monde.",
  "sundayEvangelicAntiphonA": "Comme un trésor caché dans un champ, le Royaume de Dieu dans le monde.",
  "readingsBiblicalReadingTitle": "Dieu ne se laisse pas vaincre en générosité",
  "readingsBiblicalReadingRef": "2Co 9, 1-15",
  "readingsBiblicalReadingContent": "<p>Au sujet du service destiné aux fidèles de Jérusalem, je n’ai plus besoin de vous écrire, car je connais votre ardeur et, pour vous, j’en tire fierté devant les Macédoniens. Je leur dis que la Grèce se tient prête depuis l’an dernier, et votre zèle a stimulé la plupart d’entre eux. Je vous envoie cependant les frères pour que la fierté que nous mettons en vous ne soit pas, sur ce point-là, vidée de son sens&nbsp;; je vous les envoie pour que vous vous teniez prêts comme je le disais, et pour éviter que, si jamais des Macédoniens viennent avec moi et ne vous trouvent pas prêts, cette situation ne tourne à notre honte —&nbsp;sans parler de la vôtre&nbsp;! J’ai donc estimé nécessaire d’inviter les frères à nous devancer chez vous, et à organiser d’avance votre largesse, promise depuis longtemps&nbsp;: ainsi, quand elle sera préparée, ce sera une vraie largesse, et non une mesquinerie. Rappelez-vous le proverbe&nbsp;: “<i>À semer trop peu, on récolte trop peu&nbsp;; à semer largement, on récolte largement”.</i> Que chacun donne comme il a décidé dans son cœur, sans regret et sans contrainte, car Dieu aime celui qui donne joyeusement. Et Dieu est assez puissant pour vous donner toute grâce en abondance, afin que vous ayez, en toute chose et toujours, tout ce qu’il vous faut, et même que vous ayez en abondance de quoi faire toute sorte de bien. L’Écriture dit en effet de l’homme juste&nbsp;: <i>Il distribue, il donne aux pauvres&nbsp;; sa justice demeure à jamais.</i> Dieu, qui fournit <i>la semence au semeur et le pain pour la nourriture</i>, vous fournira la graine&nbsp;; il la multipliera, il donnera la croissance à ce que vous accomplirez dans la justice. Il vous rendra riches en générosité de toute sorte, ce qui suscitera notre action de grâce envers Dieu. Car notre collecte est un ministère qui ne comble pas seulement les besoins des fidèles de Jérusalem, mais déborde aussi en une multitude d’actions de grâce envers Dieu. Les fidèles apprécieront ce ministère à sa valeur, et ils rendront gloire à Dieu pour cette soumission avec laquelle vous professez l’Évangile du Christ, et pour la générosité qui vous met en communion avec eux et avec tous. En priant pour vous, ils vous manifesteront leur attachement à cause de la grâce incomparable que Dieu vous a faite. Rendons grâce à Dieu pour le don ineffable qu’il nous fait.</p>",
  "readingsBiblicalReadingResponsory": "<p>R/ Gloire à Dieu qui donne avec générosité.</p> <p>Dieu aime qui donne avec joie&nbsp;;<br> il a le pouvoir de vous combler.</p> <p>Celui qui fournit au laboureur<br> la semence et le pain<br> vous donnera, à vous aussi,<br> la semence en abondance.</p> <p>Votre générosité ne pourvoit pas seulement<br> aux besoins de vos frères,<br> elle est encore source d’action de grâce<br> envers Dieu.</p>",
  "readingsPatristicReadingTitle": "Homélie de saint Basile de Césarée, sur la richesse",
  "readingsPatristicReadingContent": "<p><b>«&nbsp;Faites-vous des semailles de justice, moissonnez pour vous une récolte de bonté&nbsp;»</b> Fais comme la terre, toi qui m’écoutes. Porte du fruit comme elle, ne te montre pas inférieur à la nature inanimée. Elle ne nourrit pas ses fruits pour en jouir elle-même, mais pour te rendre service. Toi, au contraire, tous les fruits de la bienfaisance que tu montres, tu les recueilles pour toi-même, car la récompense méritée par les bonnes œuvres revient aux bienfaiteurs. Tu as donné à celui qui avait faim, mais ce que tu as donné reste à toi et même te revient avec des intérêts. De même que le blé, lorsqu’il est tombé en terre, procure du bien à celui qui l’a semé, de même le pain présenté à celui qui a faim te procurera dans la suite beaucoup de profit. Lorsque tu auras achevé de travailler la terre, alors commenceront les semailles célestes. Comme dit l’Écriture&nbsp;: <i>Faites-vous des semailles de justice.</i> ~ Tu devras abandonner ton argent ici-bas, même si tu ne le veux pas. Au contraire, tu emporteras devant le Maître l’honneur mérité par tes bonnes œuvres, lorsque tout un peuple réuni autour de toi, devant le Juge commun, t’appellera nourricier, bienfaiteur, et te donnera tous les titres qui qualifient la bonté envers les hommes. Ne vois-tu pas, au théâtre, des gens qui jettent leur fortune à des champions de boxe, à des comédiens, à des hommes qui luttent avec les bêtes fauves et dont le seul aspect inspire le dégoût&nbsp;? Ils font ces prodigalités pour la gloriole d’un moment, pour recevoir les acclamations et les applaudissements de la foule. Et toi, tu restreins les dépenses dont tu vas retirer une si grande gloire&nbsp;? Dieu t’approuvera, les anges t’acclameront, tous les hommes, depuis la création du monde, te proclameront bienheureux. Tu recevras la gloire éternelle, la couronne de justice, le Royaume des cieux, pour te récompenser d’avoir bien géré des richesses périssables. Mais tout cela te laisse indifférent, et tu méprises les biens que tu devrais espérer, par attachement à ceux qui sont ici. Allons&nbsp;! Distribue ta richesse de mille manières, sois généreux et magnifique dans tes dépenses pour les malheureux. Alors, on pourra dire de toi&nbsp;: <i>À pleine main, il donne aux pauvres&nbsp;; sa justice demeurera toujours.</i> ~ Toi qui es riche et qui repousses le pauvre, comme tu devrais être reconnaissant envers le pauvre, ton bienfaiteur, comme tu devrais être joyeux et fier de l’honneur qui t’est fait, car tu n’as pas besoin d’aller réclamer à la porte d’autrui, puisque ce sont les autres qui assiègent la tienne. Mais tu es maussade et inabordable&nbsp;; tu évites les rencontres pour ne pas être obligé de laisser échapper la moindre aumône. Tu ne connais qu’une parole&nbsp;: «&nbsp;Je n’ai rien, je ne donnerai rien, car je suis pauvre.&nbsp;» Oui, tu es pauvre, tu ne possèdes aucun bien&nbsp;: tu es pauvre d’amour, pauvre de bonté, pauvre de foi en Dieu, pauvre d’espérance éternelle.</p>",
  "readingsPatristicReadingResponsory": "<p>R/ Partager son pain avec l’affamé,<br> voilà le jeûne qui plaît à Dieu.</p> <p>Ouvre ton cœur au pauvre&nbsp;: c’est ton frère.<br> Et si tu cries, le Seigneur répondra&nbsp;;<br> à tes appels, il dira&nbsp;: Me voici&nbsp;!</p> <p>Ouvre ton cœur au pauvre&nbsp;: c’est ton frère.<br> Et quand le Fils de l’homme viendra, il te dira&nbsp;:<br> J’avais faim et tu m’as donné à manger.</p>",
  "readingsOration": "Dieu éternel et tout-puissant, augmente en nous la foi, l’espérance et la charité&nbsp;; et pour que nous puissions obtenir ce que tu promets, fais-nous aimer ce que tu commandes."
}