{
  "invitatoryAntiphon": "Venez, adorons le Maître du monde.",
  "sundayEvangelicAntiphonC": "Tu aimeras ton Dieu de tout ton cœur&nbsp;; tu aimeras ton frère comme toi-même.",
  "sundayEvangelicAntiphonB": "N’emportez rien pour la route&nbsp;; chassez les démons; guérissez les malades.",
  "sundayEvangelicAntiphonA": "Dieu a visité la terre&nbsp;: le semeur est sorti pour semer la Parole.",
  "readingsBiblicalReadingTitle": "Enlèvement d’Élie",
  "readingsBiblicalReadingRef": "2R 2, 1-15",
  "readingsBiblicalReadingContent": "<p>Voici comment le SEIGNEUR enleva Élie au ciel dans un ouragan. Ce jour-là, Élie et Élisée étaient partis de Guilgal. Élie dit à Élisée&nbsp;: «&nbsp;Arrête-toi ici&nbsp;; et moi, le SEIGNEUR m’envoie à Béthel.&nbsp;» Élisée répliqua&nbsp;: «&nbsp;Par le SEIGNEUR qui est vivant, et par ta vie, je ne te quitterai pas.&nbsp;» Ils allèrent tous deux à Béthel. Les frères-prophètes de Béthel sortirent à la rencontre d’Élisée et lui dirent&nbsp;: «&nbsp;Sais-tu qu’aujourd’hui le SEIGNEUR va enlever ton maître au-dessus de ta tête&nbsp;?&nbsp;» Élisée répondit&nbsp;: «&nbsp;Oui, je le sais. Taisez-vous&nbsp;!&nbsp;» Élie lui dit de nouveau&nbsp;: «&nbsp;Arrête-toi ici&nbsp;; et moi, le SEIGNEUR m’envoie à Jéricho.&nbsp;» Élisée répliqua&nbsp;: «&nbsp;Par le SEIGNEUR qui est vivant, et par ta vie, je ne te quitterai pas.&nbsp;» Ils allèrent tous deux à Jéricho. Les frères-prophètes de Jéricho s’approchèrent d’Élisée et lui dirent&nbsp;: «&nbsp;Sais-tu bien qu’aujourd’hui le SEIGNEUR va enlever ton maître au-dessus de ta tête&nbsp;?&nbsp;» Élisée répondit&nbsp;: «&nbsp;Oui, je le sais. Taisez-vous&nbsp;!&nbsp;» Une troisième fois, Élie dit à Élisée&nbsp;: «&nbsp;Arrête-toi ici&nbsp;; et moi, le SEIGNEUR m’envoie au Jourdain.&nbsp;» Mais Élisée répliqua&nbsp;: «&nbsp;Par le SEIGNEUR qui est vivant, et par ta vie, je ne te quitterai pas.&nbsp;» Ils continuèrent donc tous les deux. Cinquante frères-prophètes, qui les avaient suivis, s’arrêtèrent à distance, pendant que tous deux se tenaient au bord du Jourdain. Élie prit son manteau, le roula et en frappa les eaux, qui s’écartèrent de part et d’autre. Ils traversèrent tous deux à pied sec. Pendant qu’ils passaient, Élie dit à Élisée&nbsp;: «&nbsp;Dis-moi ce que tu veux que je fasse pour toi avant d’être enlevé loin de toi.&nbsp;» Élisée répondit&nbsp;: «&nbsp;Que je reçoive une double part de l’esprit que tu as reçu&nbsp;!&nbsp;» Élie reprit&nbsp;: «&nbsp;Tu demandes quelque chose de difficile&nbsp;: tu l’obtiendras si tu me vois lorsque je serai enlevé loin de toi. Sinon, tu ne l’obtiendras pas.&nbsp;» Ils étaient en train de marcher tout en parlant lorsqu’un char de feu, avec des chevaux de feu, les sépara. Alors, Élie monta au ciel dans un ouragan. Élisée le vit et se mit à crier&nbsp;: «&nbsp;Mon père&nbsp;!... Mon père&nbsp;!... Char d’Israël et ses cavaliers&nbsp;!&nbsp;» Puis il cessa de le voir. Il saisit ses vêtements et les déchira en deux. Il ramassa le manteau qu’Élie avait laissé tomber, il revint et s’arrêta sur la rive du Jourdain. Avec le manteau d’Élie, il frappa les eaux, mais elles ne s’écartèrent pas. Élisée dit alors&nbsp;: «&nbsp;Où est donc le SEIGNEUR, le Dieu d’Élie&nbsp;?&nbsp;» Il frappa encore une fois, les eaux s’écartèrent, et il traversa. Depuis l’autre rive, les frères-prophètes, ceux de Jéricho, l’aperçurent et dirent&nbsp;: «&nbsp;L’esprit d’Élie repose sur Élisée&nbsp;». Ils vinrent donc à sa rencontre et se prosternèrent jusqu’à terre devant lui.</p>",
  "readingsBiblicalReadingResponsory": "<p>R/ Que vienne le prophète,<br> il ouvrira le chemin du Seigneur&nbsp;!</p> <p>Il ramènera le cœur des pères vers leurs fils,<br> et le cœur des fils vers leurs pères.</p> <p>Jean sera grand aux yeux du Seigneur&nbsp;:<br> il marchera devant lui<br> avec l’esprit et la puissance d’Élie.</p>",
  "readingsPatristicReadingTitle": "TRAITÉ DE SAINT AMBROISE SUR LES MYSTÈRES",
  "readingsPatristicReadingSubtitle": "Le sacrement que tu reçois est produit par la parole du Christ",
  "readingsPatristicReadingContent": "<p>Nous constatons que la grâce a plus de puissance que la nature. Et cependant, nous mesurons encore la grâce de la bénédiction des prophètes. Si la bénédiction d’un homme a été assez puissante pour changer la nature, que dirons-nous de la consécration faite par Dieu, où ce sont les paroles mêmes du Sauveur qui agissent&nbsp;? Car ce sacrement que tu reçois est produit par la parole du Christ. Si la parole d’Élie a été assez puissante pour faire tomber le feu du ciel, la parole du Christ n’aura-t-elle pas la puissance de changer la nature des éléments&nbsp;? Tu connais cette parole, à propos des œuvres de l’univers entier&nbsp;: <i>Il a dit et ce fut fait, il a ordonné et ce fut créé</i>. La parole du Christ qui a pu faire de rien ce qui n’existait pas auparavant ne peut-elle donc pas changer les choses qui existent en ce qu’elles n’étaient pas&nbsp;? Car il n’est pas moins difficile de donner aux choses leur première nature que de changer cette nature. Mais pourquoi employer des raisonnements&nbsp;? Employons des exemples concernant le Christ, et appuyons la vérité de ce mystère sur les mystères de l’Incarnation. Lorsque Jésus est né de Marie, était-ce à la suite d’un processus naturel&nbsp;? Si nous examinons l’ordre de la nature, il est normal que la femme engendre après s’être unie à l’homme. Il est donc évident que la Vierge a engendré hors de l’ordre naturel. Eh bien, le corps que nous produisons, c’est le corps né de la Vierge. Pourquoi cherches-tu l’ordre naturel pour le corps du Christ, alors que l’enfantement du Seigneur Jésus par la Vierge est en dehors du cours de la nature&nbsp;? Le corps du Christ dans le sacrement est vraiment la chair du Christ, celle qui a été crucifiée et ensevelie. Ce sacrement est donc vraiment le sacrement de sa chair. Le Seigneur Jésus le proclame lui-même&nbsp;: <i>Ceci est mon corps</i>. Avant la bénédiction par les paroles célestes, on nomme une autre substance. Après la consécration, c’est son corps que l’on désigne. Lui-même parle de son sang. Avant la consécration, on parle autrement&nbsp;; après la consécration, on nomme le sang, Et tu dis&nbsp;: «&nbsp;Amen&nbsp;», c’est-à-dire&nbsp;: «&nbsp;C’est vrai.&nbsp;» Ce que la bouche prononce, que l’âme le reconnaisse. Ce que la bouche exprime, que le cœur en ait la conviction. ~ Aussi l’Église, voyant une si grande grâce, exhorte ses enfants, exhorte ses amis à accourir vers les sacrements en leur disant&nbsp;: <i>Mangez et buvez, mes amis, enivrez-vous, mes frères&nbsp;!</i> Ce que nous avons à manger et à boire, le Saint-Esprit l’a exprimé ailleurs par la bouche du prophète, en disant&nbsp;: <i>Goûtez et voyez que le Seigneur est bon. Heureux l’homme qui met en lui sa confiance</i>. Le Christ est dans ce sacrement, parce que celui-ci est le corps du Christ. Ce n’est donc pas une nourriture corporelle, mais une nourriture spirituelle. C’est pourquoi saint Paul dit, en parlant de sa préfiguration&nbsp;: <i>Nos pères ont mangé un aliment spirituel, ils ont bu une boisson spirituelle</i>. Car le corps de Dieu est un corps spirituel, le corps du Christ est le corps de l’Esprit divin, car le Christ est Esprit, comme dit l’Écriture&nbsp;: <i>L’Esprit qui est devant nous, c’est le Christ Seigneur</i>. Et nous lisons dans la lettre de Pierre&nbsp;: <i>Le Christ est mort pour nous</i>. Enfin, comme l’a rappelé le prophète, cette nourriture <i>fortifie notre cœur et cette boisson réjouit le cœur de l’homme</i>.</p>",
  "readingsPatristicReadingResponsory": "<p>R/ Nous partageons le Pain nouveau,<br> la table fraternelle,<br> le Corps brisé, la chair du Fils de Dieu,<br> Pâque des chrétiens.</p> <p>Nous célébrons le Vin nouveau,<br> la coupe de lumière,<br> le sang jailli du Cœur de Jésus Christ,<br> vie des baptisés.</p> <p>Nous entonnons le chant nouveau,<br> la gamme de louange,<br> l’action de grâce, l’hymne à la Trinité,<br> psaume des vivants.</p>",
  "readingsOration": "Dieu puissant de qui vient tout don parfait, enracine en nos cœurs l’amour de ton nom&nbsp;; resserre nos liens avec toi, pour développer ce qui est bon en nous&nbsp;; veille sur nous avec sollicitude, pour protéger ce que tu as fait grandir."
}