{
  "invitatoryAntiphon": "Venez, adorons le Maître du monde.",
  "morningHymn": [
    "qui-donc-est-dieu-pour-nous-aimer-ainsi"
  ],
  "morningPsalm2Antiphon": "Ma force et mon chant, c’est le Seigneur&nbsp;: il est pour moi le salut.",
  "morningPsalm2Antiphon2": "Chantons le Seigneur&nbsp;: éclatante est sa gloire&nbsp;!",
  "morningPsalm3Antiphon": "Alléluia&nbsp;!",
  "morningPsalm1Antiphon": "Mes yeux devancent l’aurore, car j’espère en ta parole, Seigneur.",
  "morningEvangelicAntiphon": "Lumière des nations, Sauveur des hommes, béni sois-tu, Seigneur&nbsp;!",
  "morningReadingRef": "2 P 1, 10-11",
  "morningReading": "Frères, redoublez d’efforts pour confirmer l’appel et le choix dont vous avez bénéficié&nbsp;; en agissant ainsi, vous ne risquez pas de tomber. C’est ainsi que vous sera généreusement accordée l’entrée dans le royaume éternel de notre Seigneur et Sauveur Jésus Christ.",
  "morningIntercession": "<p>Avec toutes les générations qui ont chanté la gloire de la Vierge Marie, disons à Dieu notre reconnaissance&nbsp;:</p> <p>R/ Nous te louons, Seigneur, et nous te bénissons&nbsp;!</p> <p>Pour l’humilité de la Vierge, et sa docilité à ta Parole,</p> <p>Pour son allégresse et pour l’œuvre en elle de l’Esprit,</p> <p>Pour l’enfant qu’elle a porté, qu’elle a couché dans la mangeoire,</p> <p>Pour son offrande au Temple et son obéissance à la Loi,</p> <p>Pour sa présence à Cana, pour sa tranquille prière,</p> <p>Pour sa foi dans l’épreuve, pour sa force au calvaire,</p> <p>Pour sa joie au matin de Pâques, et parce qu’elle est notre mère.</p> ",
  "morningResponsory": "<p>R/ Voyez quel grand amour nous est donné&nbsp;!<br> V/ Enfants de Dieu, nous le sommes <br>dans le Fils unique&nbsp;! R/ <br> V/ Au-delà de toute souffrance, <br>une joie sans fin nous attend. R/ </p>",
  "morningOration": "Écoute-nous, Seigneur, et accorde-nous la paix profonde que nous te demandons. Ainsi en te cherchant tous les jours de notre vie, et soutenus par la prière de la Vierge Marie, nous parviendrons sans encombre jusqu’à toi. Par Jésus Christ, ton Fils, notre Seigneur, qui vit et règne avec toi dans l’unité du Saint-Esprit, Dieu, pour les siècles des siècles. Amen.",
  "readingHymn": "le-seigneur-passe",
  "readingsPsalm3Antiphon": "Dieu lui donnera le trône de David et son règne n’aura pas de fin.",
  "readingsPsalm2Antiphon": "D’un cœur simple et joyeux, Seigneur, j’ai tout donné.",
  "readingsPsalm1Antiphon": "Qui se fera petit comme un enfant sera le plus grand dans le Royaume des cieux.",
  "readingsVerse": "<p>V/ Venez, voyez l’œuvre de Dieu&nbsp;:<br>sur la terre, il fait des merveilles.</p>",
  "readingsBiblicalReadingTitle": "Éloge des Pères : d’Hénok à Moïse",
  "readingsBiblicalReadingRef": "Si 44, 1-2.16 —&nbsp;45, 5",
  "readingsBiblicalReadingContent": "<p>Faisons l’éloge de ces hommes glorieux qui sont nos ancêtres. Le Seigneur a créé la gloire à profusion&nbsp;; il manifeste sa grandeur depuis toujours. Hénok fut agréable au Seigneur qui l’a retiré de ce monde&nbsp;; c’est un exemple pour que se convertissent toutes les générations. Noé fut trouvé juste, parfait&nbsp;; au temps de la colère, il a été l’instrument de la réconciliation. Grâce à lui, un reste fut épargné sur la terre, lorsque le déluge arriva. Le Seigneur fit une alliance avec lui pour toujours&nbsp;: les vivants ne seraient plus anéantis par un déluge. Abraham fut grand, d’une multitude de peuples il est le père, personne n’a jamais égalé sa gloire. Il observa la loi du Très-Haut et entra dans son alliance. Il inscrivit cette alliance dans sa chair et, jusque dans l’épreuve, il a été trouvé fidèle. Aussi Dieu lui a-t-il assuré par serment que les nations seraient bénies en sa descendance, qu’il le multiplierait autant que la poussière sur la terre, qu’il exalterait ses descendants comme les étoiles&nbsp;; il leur donnerait un héritage allant de la mer à la mer, et du Fleuve jusqu’à l’extrémité de la terre. À Isaac il donna la même assurance à cause de son père Abraham. La bénédiction pour tous les hommes et l’Alliance, Dieu les a fait reposer sur la tête de Jacob&nbsp;; il l’a confirmé dans ses bénédictions et lui a donné un héritage, qu’il a divisé en lots et partagé entre les douze tribus. De Jacob, Dieu fit sortir un homme de miséricorde, qui trouva grâce aux yeux de tous et fut aimé de Dieu et des hommes&nbsp;: Moïse, dont la mémoire est en bénédiction. Dieu lui a donné une gloire pareille à celle des anges, il l’a rendu grand, redouté de ses ennemis. Par la parole de Moïse, il fit s’abattre des fléaux&nbsp;; Dieu l’a glorifié à la face des rois, il lui a donné des commandements pour son peuple et lui a montré quelque chose de sa gloire. Il l’a consacré pour sa fidélité et sa douceur et l’a choisi entre tous les vivants. Il lui a fait entendre sa voix et l’a introduit dans la nuée obscure&nbsp;; face à face, il lui a donné ses commandements, loi de vie et de savoir, pour enseigner l’Alliance à Jacob et ses décrets à Israël.</p>",
  "readingsBiblicalReadingResponsory": "<p>R/ Enveloppés d’une si grande nuée de témoins,<br> fixons nos regards sur le Christ.</p> <p>Étrangers sur la terre,<br> ils aspiraient à une patrie meilleure,<br> la cité céleste que Dieu leur préparait.</p> <p>En mourant ils ont salué de loin la promesse,<br> mais Dieu avait préparé mieux encore&nbsp;:<br> la promesse, pour nous, allait se réaliser.</p>",
  "readingsPatristicReadingTitle": "LETTRE DE SAINT CLÉMENT DE ROME AUX CORINTHIENS",
  "readingsPatristicReadingSubtitle": "C’est par la foi que Dieu nous a justifiés dès le commencement",
  "readingsPatristicReadingContent": "<p>Attachons-nous à la bénédiction de Dieu et voyons quels en sont les chemins. Reprenons les faits depuis le commencement. Pourquoi Abraham notre père fut-il béni&nbsp;? N’est-ce pas pour avoir pratiqué justice et vérité dans la foi&nbsp;? Isaac, avec confiance, sachant ce qui allait arriver, se laissa volontiers conduire au sacrifice. Jacob, avec humilité, quitta son pays à cause de son frère, s’en alla chez Laban et le servit, et c’est à lui que furent attribuées les douze tribus d’lsraël. Si l’on considère un par un, d’un regard sincère, les dons faits par Dieu, on reconnaîtra leur grandeur. C’est de Jacob en effet que viennent les prêtres et les lévites, tous ceux qui servent à l’autel de Dieu. C’est de lui que le Seigneur Jésus descend selon la chair. C’est de lui, par Juda, que viennent les rois, les princes et les chefs. Et les autres tribus d’Israël ont beaucoup de gloire, selon la promesse de Dieu&nbsp;: <i>Ta descendance sera nombreuse comme les étoiles du ciel.</i> Tous ont reçu gloire et grandeur, non par eux-mêmes ni par leurs œuvres ou par la justice qu’ils auraient pratiquée, mais par la volonté de Dieu. Et nous, appelés par sa volonté dans le Christ Jésus, ce n’est pas par nous-mêmes que nous sommes devenus des justes. Et c’est ni par notre sagesse, notre intelligence, notre piété, ni par les actions que nous aurions accomplies dans la pureté du cœur, mais par la foi. Depuis le commencement, tous les hommes que Dieu a rendus justes, c’est par la foi qu’il les a justifiés. À lui la gloire pour les siècles des siècles. Amen. Que ferons-nous donc, mes frères&nbsp;? Allons-nous cesser de faire le bien, allons-nous abandonner la charité&nbsp;? Que le Maître ne nous le permette jamais&nbsp;! Empressons-nous, au contraire, avec ardeur et courage, d’accomplir toute œuvre bonne. Car le Créateur lui-même, le Maître de l’univers, se réjouît de ses œuvres. Par sa toute-puissance souveraine, il a fixé les cieux, et dans son incompréhensible sagesse, il en a réglé le bel agencement. Il a séparé la terre de l’eau qui l’environnait et l’a établie sur les solides fondations de sa volonté. Par son commandement, il a donné l’existence aux animaux qui vont et viennent sur elle. Il a préparé la mer et les êtres qui y vivent, puis leur a donné des limites par sa puissance. Par-dessus tout, de ses mains sacrées et parfaites, il a modelé l’être excellent et souverain&nbsp;: l’homme, marqué de sa propre image. Car Dieu l’a bien dit&nbsp;: <i>Faisons l’homme à notre image, à notre ressemblance. ~ Dieu créa l’homme, il les créa homme et femme</i>. Et lorsqu’il eut achevé toutes ses œuvres, il les loua et les bénit, puis il dit&nbsp;: Soyez féconds et multipliez-vous. Constatons que tous les justes se sont parés d’œuvres bonnes, et que Dieu lui-même s’est réjoui d’en être paré. Puisque nous avons un pareil modèle, appliquons-nous sans retard à faire sa volonté&nbsp;; de toutes nos forces, travaillons à l’œuvre de la justice.</p>",
  "readingsPatristicReadingResponsory": "<p>R/ Tu es digne, ô notre Dieu,<br> de recevoir gloire et puissance,<br> car c’est toi qui créas l’univers.</p> <p>Par sa parole, le Seigneur a fait ses œuvres,<br> et la création obéit à sa volonté.</p> <p>Que toutes ses œuvres sont aimables&nbsp;:<br> comme une étincelle que l’on pourrait contempler.</p> <p>Dès son lever, le soleil proclame&nbsp;:<br> Quelle merveille, l’œuvre du Très-Haut&nbsp;!</p>",
  "readingsOration": "Dieu qui veut habiter les cœurs droits et sincères, donne-nous de vivre selon ta grâce, alors tu pourras venir en nous pour y faire ta demeure.",
  "middleOfDayPsalm3Antiphon": "Qui cherche le Seigneur ne manquera d’aucun bien.",
  "middleOfDayPsalm2Antiphon": "Qui cherche le Seigneur ne manquera d’aucun bien.",
  "middleOfDayPsalm1Antiphon": "Guide-moi, Seigneur, au chemin de ta loi.",
  "middleOfDayTierceReadingRef": "1 R 8, 60-61",
  "middleOfDayTierceReadingContent": "<p>Tous les peuples de la terre sauront que le Seigneur est Dieu, et qu’il n’y en a pas d’autre. Alors votre cœur sera tout entier au Seigneur notre Dieu, observant ses lois et gardant ses commandements.</p>",
  "middleOfDayNoneReadingRef": "Sg 7, 27a; 8,1",
  "middleOfDayNoneReadingContent": "<p>Comme elle est unique, la Sagesse de Dieu peut tout&nbsp;; et sans sortir d’elle-même, elle renouvelle l’univers. Elle déploie sa vigueur d’un bout du monde à l’autre, elle gouverne l’univers avec douceur.</p>",
  "middleOfDaySexteReadingRef": "Jr 17, 9-10",
  "middleOfDaySexteReadingContent": "<p>Le cœur de l’homme est compliqué et malade&nbsp;! qui peut le connaître&nbsp;? Moi, le Seigneur, qui pénètre les cœurs et qui scrute les reins, afin de rendre à chacun selon ses actes, selon les fruits qu’il porte.</p>",
  "middleOfDayNoneResponsory": "<p>V/ Que tes œuvres sont grandes, Seigneur,<br>—  combien sont profondes tes pensées&nbsp;!</p>",
  "middleOfDayTierceResponsory": "<p>V/ Seigneur, fais-moi connaître ta route,<br>—  dirige-moi par ta vérité.</p>",
  "middleOfDaySexteResponsory": "<p>V/ Je suis à toi, sauve-moi,<br>—  fais-moi vivre selon ton amour.</p>",
  "middleOfDaySexteOration": "Seigneur, foyer brûlant de charité, accorde-nous une telle ferveur que nous soyons capables de t’aimer plus que tout et d’aimer nos frères à cause de toi. Par Jésus, le Christ, notre Seigneur. Amen.",
  "middleOfDayTierceOration": "Seigneur Dieu, Père tout-puissant, donne à tes serviteurs les lumières de l’Esprit Saint&nbsp;; sans rien craindre de l’adversaire, qu’ils trouvent leur joie à te louer. Par Jésus, le Christ, notre Seigneur. Amen.",
  "middleOfDayNoneOration": "Seigneur, notre Dieu, que la splendeur de la Résurrection nous illumine pour que nous puissions échapper à l’ombre de la mort et parvenir à la lumière éternelle dans ton Royaume. Par Jésus, le Christ, notre Seigneur. Amen.",
  "morningPsalm1": "PSALM_118_19",
  "morningPsalm2": "AT_1",
  "morningPsalm3": "PSALM_116",
  "readingsPsalm1": "PSALM_130",
  "readingsPsalm2": "PSALM_131_1",
  "readingsPsalm3": "PSALM_131_2",
  "middleOfDayPsalm1": "PSALM_118_5",
  "middleOfDayPsalm2": "PSALM_33_1",
  "middleOfDayPsalm3": "PSALM_33_2"
}