{
  "invitatoryAntiphon": "Béni sois-tu, Seigneur, Dieu de tendresse et d’amour.",
  "sundayEvangelicAntiphonA": "Laissez grandir le blé et l’ivraie jusqu’au temps de la moisson.",
  "sundayEvangelicAntiphonB": "Voyant la foule, Jésus fut saisi de pitié&nbsp;: ils étaient comme des brebis sans berger.",
  "sundayEvangelicAntiphonC": "Marie a choisi la part la meilleure et cette part ne lui sera pas ôtée",
  "readingsBiblicalReadingTitle": "L’ambition de Paul : plaire au Christ et annoncer un monde nouveau",
  "readingsBiblicalReadingRef": "2Co 5, 1-21",
  "readingsBiblicalReadingContent": "<p>Nous le savons, en effet, même si notre corps, cette tente qui est notre demeure sur la terre, est détruit, nous avons un édifice construit par Dieu, une demeure éternelle dans les cieux qui n’est pas l’œuvre des hommes. En effet, actuellement nous gémissons dans l’ardent désir de revêtir notre demeure céleste par-dessus l’autre, si toutefois le Seigneur ne doit pas nous trouver dévêtus mais vêtus de notre corps. En effet, nous qui sommes dans cette tente, notre corps, nous sommes accablés et nous gémissons, car nous ne voudrions pas nous dévêtir, mais revêtir un vêtement par-dessus l’autre, pour que notre être mortel soit absorbé par la vie. Celui qui nous a formés pour cela même, c’est Dieu, lui qui nous a donné l’Esprit comme première avance sur ses dons. Ainsi, nous gardons toujours confiance, tout en sachant que nous demeurons loin du Seigneur, tant que nous demeurons dans ce corps&nbsp;; en effet, nous cheminons dans la foi, non dans la claire vision. Oui, nous avons confiance, et nous voudrions plutôt quitter la demeure de ce corps pour demeurer près du Seigneur. Mais de toute manière, que nous demeurions dans ce corps ou en dehors, notre ambition, c’est de plaire au Seigneur. Car il nous faudra tous apparaître à découvert devant le tribunal du Christ, pour que chacun soit rétribué selon ce qu’il a fait, soit en bien soit en mal, pendant qu’il était dans son corps. Sachant donc ce qu’est la crainte du Seigneur, nous cherchons à convaincre les hommes, et nous sommes à découvert devant Dieu. J’espère bien être aussi à découvert devant vos consciences. Il ne s’agit pas de nous recommander à vous une fois de plus, mais de vous donner l’occasion d’être fiers de nous, pour que vous ayez de quoi répondre à ceux qui mettent leur fierté dans les apparences, et non dans le cœur. Si nous avons perdu la tête, c’est pour Dieu&nbsp;; si nous sommes raisonnables, c’est pour vous. En effet, l’amour du Christ nous saisit quand nous pensons qu’un seul est mort pour tous, et qu’ainsi tous ont passé par la mort. Car le Christ est mort pour tous, afin que les vivants n’aient plus leur vie centrée sur eux-mêmes, mais sur lui, qui est mort et ressuscité pour eux. Désormais nous ne regardons plus personne d’une manière simplement humaine&nbsp;: si nous avons connu le Christ de cette manière, maintenant nous ne le connaissons plus ainsi. Si donc quelqu’un est dans le Christ, il est une créature nouvelle. Le monde ancien s’en est allé, un monde nouveau est déjà né. Tout cela vient de Dieu&nbsp;: il nous a réconciliés avec lui par le Christ, et il nous a donné le ministère de la réconciliation. Car c’est bien Dieu qui, dans le Christ, réconciliait le monde avec lui&nbsp;: il n’a pas tenu compte des fautes, et il a déposé en nous la parole de la réconciliation. Nous sommes donc les ambassadeurs du Christ, et par nous c’est Dieu lui-même qui lance un appel&nbsp;: nous le demandons au nom du Christ, laissez-vous réconcilier avec Dieu. Celui qui n’a pas connu le péché, Dieu l’a pour nous identifié au péché, afin qu’en lui nous devenions justes de la justice même de Dieu.</p>",
  "readingsBiblicalReadingResponsory": "<p>R/ De quel amour j’aime ta demeure,<br> Seigneur Dieu de l’univers&nbsp;!</p> <p>Si la tente de notre corps vient à se détruire,<br> nous avons une maison dans les cieux,<br> qui est l’œuvre de Dieu.</p> <p>Qu’il nous faille demeurer dans ce corps,<br> ou le quitter,<br> nous avons à cœur de plaire au Seigneur.</p> <p>Le Christ est mort pour que les hommes vivent,<br> et qu’ils vivent non plus pour eux, mais pour lui.</p>",
  "readingsPatristicReadingTitle": "DES CONFESSIONS DE SAINT AUGUSTIN",
  "readingsPatristicReadingSubtitle": "«&nbsp;Un seul médiateur entre Dieu et les hommes&nbsp;»",
  "readingsPatristicReadingContent": "<p>Le véritable médiateur, tu l’as envoyé et montré aux hommes dans le mystère de ta miséricorde, pour qu’à son exemple ils apprennent l’humilité. <i>Ce médiateur entre Dieu et les hommes, c’est un homme, le Christ Jésus</i>. Il s’est placé entre les pécheurs mortels et Dieu, juste et immortel. Il est mortel parmi les hommes, il est juste parce qu’il est Dieu. La vie et la paix sont le salaire de la justice. Or, par la justice qui l’unit à Dieu, il est venu pour anéantir la mort chez les impies devenus justes, cette mort qu’il a voulu avoir en commun avec eux. ~ Comme tu nous as aimés, Père très bon, toi <i>qui n’as pas refusé ton Fils unique, mais qui l’as livré</i> pour les impies que nous étions. Comme tu nous as aimés, nous pour qui sans <i>considérer comme une proie à saisir d’être égal à toi, il s’est fait obéissant jusqu’à la mort de la croix&nbsp;!</i> Seul <i>libre entre les morts, ayant le pouvoir de donner sa vie et le pouvoir de la reprendre</i>. Il est pour nous, à tes yeux, victorieux et victime, et victorieux parce que victime&nbsp;; pour nous, à tes yeux, sacrificateur et sacrifice, et sacrificateur parce que sacrifice&nbsp;; d’esclaves que nous étions, il a fait de nous tes enfants, en naissant de toi et en se faisant notre esclave. Il est bien juste que je mette en lui la ferme espérance que tu guériras toutes mes maladies par celui qui siège <i>à ta droite et qui t’interpelle pour nous</i>. Autrement, je serais dans le désespoir. Elles sont nombreuses et graves, mes maladies, nombreuses et graves&nbsp;! Mais ton remède est plus puissant. Nous aurions pu croire que ton Verbe était trop loin de toute union avec l’homme et désespérer de nous, s’il ne s’était pas fait chair et n’avait pas habité parmi nous. Terrifié par mes péchés et par le poids de ma misère, j’avais songé à fuir dans la solitude, j’en avais formé le projet. Mais tu me l’as interdit en me rassurant par ces paroles&nbsp;: <i>Le Christ est mort pour tous afin que les vivants n’aient plus leur vie centrée sur eux-mêmes, mais sur lui, qui est mort et ressuscité pour eux</i>. Tu vois, Seigneur, <i>je jette en toi mes soucis</i>, afin de vivre, et <i>je contemplerai les merveilles de ta loi</i>. Tu connais mon incapacité, ma faiblesse. Enseigne-moi, guéris-moi. Ton Fils unique, <i>en qui sont cachés tous les trésors de la sagesse et de la science</i> m’a racheté par son sang. <i>Que les orgueilleux cessent de me calomnier</i>, parce que je songe au prix de ma rançon, je le mange, je le bois, je le distribue&nbsp;; pauvre moi-même, je désire en être rassasié parmi <i>les pauvres&nbsp;: ils mangeront, ils seront rassasiés; ils loueront le Seigneur, ceux qui le cherchent.</i></p>",
  "readingsPatristicReadingResponsory": "<p>R/ Dieu a tant aimé le monde,<br> qu’il a donné son Fils unique.</p> <p>Ce n’est pas nous qui avons aimé Dieu&nbsp;:<br> lui, le premier, nous a aimés.</p> <p>Son Fils, son unique, il l’a offert<br> pour les péchés du monde entier.</p> <p>À tous ceux qui croient au Christ,<br> il donne la vie éternelle.</p>",
  "readingsOration": "Dans ton amour inépuisable, Dieu éternel et tout-puissant, tu combles ceux qui t’implorent, bien au-delà de leurs mérites et de leurs désirs&nbsp;; répands sur nous ta miséricorde en délivrant notre conscience de ce qui l’inquiète et en donnant plus que nous n’osons demander."
}