{
  "invitatoryAntiphon": "Rendons grâce à Dieu, éternel est son amour.",
  "sundayEvangelicAntiphonA": "Vers la fin de la nuit, Jésus s’avança en marchant sur la mer&nbsp;: C’est moi, ne craignez pas&nbsp;!",
  "sundayEvangelicAntiphonB": "Nul ne vient à moi, si le Père ne l’attire.",
  "sundayEvangelicAntiphonC": "Là où est ton trésor, là aussi sera ton cœur.",
  "readingsBiblicalReadingTitle": "Mon peuple, que t’ai-je fait ? Réponds-moi",
  "readingsBiblicalReadingRef": "Mi 6, 1-15",
  "readingsBiblicalReadingContent": "<p>Écoutez donc ce que dit le SEIGNEUR&nbsp;: Lève-toi&nbsp;! Engage un procès avec les montagnes, et que les collines entendent ta voix. Montagnes, écoutez le procès du SEIGNEUR, vous aussi, fondements inébranlables de la terre. Car le SEIGNEUR est en procès avec son peuple, il plaide contre Israël&nbsp;: Mon peuple, que t’ai-je fait&nbsp;? En quoi t’ai-je fatigué&nbsp;? Réponds-moi. Est-ce parce que je t’ai fait monter du pays d’Égypte, que je t’ai racheté de la maison d’esclavage, et que je t’ai donné comme guides Moïse, Aaron et Miryam&nbsp;? Ô mon peuple, souviens-toi, je te prie, du projet de Balac, roi de Moab, et de ce que lui répondit Balaam, fils de Béor. Souviens-toi du passage de Shittim jusqu’à Guilgal pour que tu reconnaisses les justes actions du SEIGNEUR. «&nbsp;Comment dois-je me présenter devant le SEIGNEUR&nbsp;? demande le peuple. Comment m’incliner devant le Très-Haut&nbsp;? Dois-je me présenter avec de jeunes taureaux pour les offrir en holocaustes&nbsp;? Prendra-t-il plaisir à recevoir des milliers de béliers, à voir des flots d’huile répandus sur l’autel&nbsp;? Donnerai-je mon fils aîné pour prix de ma révolte, le fruit de mes entrailles pour mon propre péché&nbsp;? Homme, répond le prophète, on t’a fait connaître ce qui est bien, ce que le SEIGNEUR réclame de toi&nbsp;: rien d’autre que respecter le droit, aimer la fidélité, et t’appliquer à marcher avec ton Dieu.&nbsp;» La voix du SEIGNEUR appelle la cité&nbsp;: «&nbsp;Écoutez... Puis-je supporter une mesure fausse, des biens acquis par fraude et un boisseau honteusement réduit&nbsp;? Puis-je tenir pour innocents ceux qui utilisent des balances fausses, et des sacoches de poids truqués&nbsp;? Les riches sont pleins de violence. Les habitants profèrent le mensonge, leur langage n’est que tromperie. Moi-même j’ai commencé à te frapper, à te dévaster à cause de tes péchés. Toi, tu mangeras, mais tu ne seras pas rassasiée, chez toi viendra la famine. Tu mettras de côté, mais tu ne pourras rien garder et ce que tu aurais gardé, je le livrerai à l’épée. Toi, tu sèmeras, mais tu ne moissonneras pas&nbsp;; tu presseras l’olive, mais tu ne t’enduiras pas d’huile, tu presseras le raisin, mais tu ne boiras pas de vin.</p>",
  "readingsBiblicalReadingResponsory": "<p>R/ Heureux sommes-nous&nbsp;:<br> ce qui plaît à Dieu nous est révélé&nbsp;!</p> <p>Il nous a donné la Sagesse,<br> il nous a envoyé son Esprit Saint,<br> ainsi ont été rendus droits nos chemins&nbsp;!</p> <p>Accomplir la justice, aimer avec tendresse,<br> marcher humblement devant Dieu,<br> voilà ce qui est bien&nbsp;!</p>",
  "readingsPatristicReadingTitle": "HOMÉLIE DE SAINT PACIEN DE BARCELONE SUR LE BAPTÊME",
  "readingsPatristicReadingSubtitle": "Le baptême, entrée dans l’humanité nouvelle",
  "readingsPatristicReadingContent": "<p>Le péché d’Adam s’était communiqué à tout le genre humain. Comme dit l’Apôtre&nbsp;: <i>Par un seul homme, le péché est entré dans le monde, et par le péché est venue la mort&nbsp;; ainsi la mort est passée en tous les hommes</i>. Donc, il est nécessaire que la justice du Christ soit communiquée au genre humain&nbsp;; et de même qu’Adam, par le péché, a perdu sa descendance, de même le Christ, par sa justice, donnera la vie à ses enfants. L’Apôtre y insiste&nbsp;: <i>De même que tous sont devenus pécheurs parce qu’un seul homme a désobéi, de même tous deviendront justes parce qu’un seul homme a obéi. Comme le péché avait régné pour la mort, ainsi, par la justice, la grâce régnera pour la vie éternelle</i>. Quelqu’un me dira&nbsp;: «&nbsp;Mais le péché d’Adam s’est communiqué à ses descendants parce qu’ils étaient engendrés par lui&nbsp;; est-ce que nous descendons du Christ, pour que nous puissions être sauvés par lui&nbsp;?&nbsp;» Que tes pensées ne se placent pas au niveau de la chair. Tu vas voir comment nous sommes engendrés par le Christ. À la fin des temps, certes, le Christ a reçu de Marie une âme avec la chair&nbsp;: cette chair, il est venu la sauver, il ne l’a pas abandonnée au séjour des morts, il l’a unie à son esprit et il l’a faite sienne. Ce sont là les noces du Seigneur, qui l’ont uni à une seule chair, afin que, selon <i>ce grand mystère</i>, ils soient <i>deux en une seule chair&nbsp;: le Christ et l’Église.</i> Le peuple chrétien est né de ces noces, sur lesquelles est descendu l’Esprit du Seigneur. Par l’infusion et le mélange d’une semence venue du ciel, aussitôt, avec les substances de nos âmes nous nous développons dans les entrailles de notre mère et, en grandissant dans son sein, nous vivons dans le Christ. C’est ce qui a fait dire à l’Apôtre&nbsp;: <i>Le premier Adam avait reçu la vie&nbsp;; le dernier Adam est un être spirituel qui donne la vie</i>. C’est ainsi que le Christ engendre des enfants dans l’Église par ses prêtres, selon l’Apôtre&nbsp;: <i>Dans le Christ, je vous ai engendrés</i>. Et c’est ainsi que la semence du Christ, c’est-à-dire l’Esprit de Dieu, fait naître l’homme nouveau qui remue dans le sein de sa mère, qui est mis au monde dans la fontaine baptismale, par les mains du prêtre, avec la foi pour témoin. ~ On doit donc admettre que le Christ engendre, puisque l’Apôtre Jean le dit&nbsp;: <i>Tous ceux qui l’ont reçu, il leur a donné de pouvoir devenir enfants de Dieu</i>. Cela ne peut s’accomplir que par le sacrement du baptême, par la chrismation, et par l’évêque. Le baptême en effet lave les péchés&nbsp;; la chrismation répand en outre le Saint-Esprit, et nous obtenons l’un et l’autre par la main et la bouche de l’évêque. C’est ainsi que l’homme tout entier naît de nouveau, et est renouvelé dans le Christ&nbsp;: <i>De même que le Christ est ressuscité des morts, ainsi mènerons-nous une vie nouvelle, nous aussi</i>, c’est-à-dire&nbsp;: pour qu’après avoir abandonné les erreurs de la vie ancienne ~, par l’Esprit, nous ayons une conduite nouvelle dans le Christ.</p>",
  "readingsPatristicReadingResponsory": "<p>R/ Maître, nous te suivrons partout, alléluia&nbsp;!</p> <p>Pour vous, Christ a souffert,<br> vous laissant un exemple<br> afin que vous suiviez ses traces.</p> <p>Devant vous s’est élancé<br> celui qui marche à votre tête.<br> Sortez, vous aussi, et portez sa souffrance.</p>",
  "readingsOration": "Dieu tout-puissant, force de ceux qui espèrent en toi, sois favorable à nos appels&nbsp;: puisque l’homme est fragile et que sans toi il ne peut rien, donne-nous toujours le secours de ta grâce, ainsi nous pourrons, en observant tes commandements, vouloir et agir de manière à répondre à ton amour."
}