{
  "invitatoryAntiphon": "Venez tous au Seigneur, adorons notre Maître.",
  "sundayEvangelicAntiphonC": "Tu aimeras ton Dieu de tout ton cœur&nbsp;; tu aimeras ton frère comme toi-même.",
  "sundayEvangelicAntiphonB": "N’emportez rien pour la route&nbsp;; chassez les démons; guérissez les malades.",
  "sundayEvangelicAntiphonA": "Dieu a visité la terre&nbsp;: le semeur est sorti pour semer la Parole.",
  "readingsBiblicalReadingTitle": "Mort du roi Akhab",
  "readingsBiblicalReadingRef": "1R 22, 1-9.15-23.29.34-38",
  "readingsBiblicalReadingContent": "<p>On resta tranquille pendant trois ans, sans guerre entre Aram et Israël. Mais la troisième année, Josaphat, roi de Juda, descendit auprès du roi d’Israël. Le roi d’Israël dit à ses serviteurs&nbsp;: «&nbsp;Savez-vous que la ville de Ramoth-de-Galaad nous appartient&nbsp;? Nous restons sans rien dire, au lieu de la reprendre des mains du roi d’Aram&nbsp;». Il dit à Josaphat&nbsp;: «&nbsp;Viendrais-tu avec moi pour combattre à Ramoth-de-Galaad&nbsp;?&nbsp;» Et Josaphat répondit au roi d’Israël&nbsp;: «&nbsp;Ce sera pour moi comme pour toi, pour mon peuple comme pour ton peuple, pour mes chevaux comme pour tes chevaux.&nbsp;» Josaphat dit au roi d’Israël&nbsp;: «&nbsp;Mais consulte d’abord la parole du SEIGNEUR.&nbsp;» Le roi d’Israël réunit les prophètes, au nombre d’environ quatre cents. Il leur demanda&nbsp;: «&nbsp;Irai-je à Ramoth-de-Galaad pour combattre, ou dois-je y renoncer&nbsp;?&nbsp;» Ils dirent&nbsp;: «&nbsp;Monte&nbsp;! Le SEIGNEUR livrera la ville aux mains du roi.&nbsp;» Mais Josaphat reprit&nbsp;: «&nbsp;N’y a-t-il ici aucun autre prophète du SEIGNEUR, par qui nous pourrions le consulter&nbsp;?&nbsp;» Le roi d’Israël répondit à Josaphat&nbsp;: «&nbsp;Il y a encore un homme par qui nous pourrions consulter le SEIGNEUR, mais moi, je le hais, car il ne prophétise rien de bon à mon sujet, mais seulement du mal. C’est Michée, fils de Yimla.&nbsp;» Josaphat répliqua&nbsp;: «&nbsp;Que le roi ne parle pas ainsi&nbsp;!&nbsp;» Le roi d’Israël appela un dignitaire et lui dit&nbsp;: «&nbsp;Vite, fais venir Michée, fils de Yimla&nbsp;!&nbsp;» Il entra chez le roi qui lui dit&nbsp;: «&nbsp;Michée, irons-nous à Ramoth-de-Galaad pour combattre, ou devons-nous y renoncer&nbsp;?&nbsp;» Il répondit&nbsp;: «&nbsp;Monte&nbsp;! Tu réussiras. Le SEIGNEUR livrera la ville aux mains du roi.&nbsp;» Le roi lui rétorqua&nbsp;: «&nbsp;Combien de fois devrai-je t’adjurer de me dire seulement la vérité au nom du SEIGNEUR&nbsp;?&nbsp;» Michée dit alors&nbsp;: «&nbsp;J’ai vu tout Israël dispersé sur les montagnes, comme des brebis sans berger. Le SEIGNEUR a dit&nbsp;: “Ces gens n’ont plus de maître&nbsp;; qu’ils retournent en paix, chacun dans sa maison”.&nbsp;» Le roi d’Israël dit à Josaphat&nbsp;: «&nbsp;Ne te l’avais-je pas dit&nbsp;? Il ne prophétise à mon sujet rien de bon, mais seulement du mal&nbsp;!&nbsp;» Michée reprit&nbsp;: «&nbsp;Eh bien&nbsp;! Écoute la parole du SEIGNEUR&nbsp;! J’ai vu le SEIGNEUR qui siégeait sur son trône&nbsp;; toute l’armée des cieux se tenait près de lui, à sa droite et à sa gauche. Le SEIGNEUR demanda&nbsp;: “Qui séduira Acab, pour qu’il monte et qu’il tombe à Ramoth-de-Galaad&nbsp;?” L’un répondit ceci, l’autre répondit cela. Alors un esprit s’avança et se tint en présence du SEIGNEUR. Il dit&nbsp;: “Moi, je le séduirai”. Le SEIGNEUR reprit&nbsp;: “De quelle manière&nbsp;?” Il répondit&nbsp;: “J’avancerai, je deviendrai esprit de mensonge dans la bouche de tous ses prophètes.” Le SEIGNEUR déclara&nbsp;: “Tu le séduiras, tu l’auras même en ton pouvoir. Avance, et fais comme tu as dit.”&nbsp;» Michée continua&nbsp;: «&nbsp;Maintenant donc, voici que le SEIGNEUR a mis un esprit de mensonge dans la bouche de tous tes prophètes qui sont là, voici que le SEIGNEUR annonce contre toi le malheur.&nbsp;» Le roi d’Israël et Josaphat, roi de Juda, montèrent à Ramoth-de-Galaad. Un homme tira de l’arc au hasard et atteignit le roi d’Israël entre les attaches et la cuirasse. Le roi dit au conducteur de son char&nbsp;: «&nbsp;Tourne bride et fais-moi sortir du champ de bataille, car je me sens mal&nbsp;!&nbsp;» Le combat, ce jour-là, devint très violent. On maintenait le roi debout sur son char, face aux Araméens. Et le soir, il mourut. Le sang de sa blessure coulait au fond du char. Au coucher du soleil, un cri se propagea dans le campement&nbsp;: «&nbsp;Chacun à sa ville et chacun à sa terre&nbsp;!&nbsp;» Le roi était mort&nbsp;; il fut ramené à Samarie, et c’est à Samarie que fut enseveli le roi. On lava le char à grande eau à l’étang de Samarie. Les chiens lapèrent le sang et les prostituées s’y baignèrent, conformément à la parole que le SEIGNEUR avait dite.</p>",
  "readingsBiblicalReadingResponsory": "<p>R/ Envoie ta lumière et ta vérité,<br> qu’elles m’indiquent la route.</p> <p>Ne vous laissez pas égarer<br> par ceux qui prophétisent en mon nom,<br> dit le Seigneur, je ne les ai pas envoyés.</p> <p>Quand vous me chercherez, vous me trouverez,<br> pour m’avoir cherché de tout votre cœur,<br> dit le Seigneur.</p>",
  "readingsPatristicReadingTitle": "TRAITÉ DE SAINT AMBROISE SUR LES MYSTÈRES",
  "readingsPatristicReadingSubtitle": "Le symbolisme de l’onction et des vêtements blancs",
  "readingsPatristicReadingContent": "<p>Après le bain du baptême, tu es monté auprès de l’évêque. Pense à ce qui a suivi. N’est-ce pas ce que dit David&nbsp;: <i>Comme le parfum sur la tête, qui descend sur la barbe, sur la barbe d’Aaron&nbsp;?</i> C’est le parfum dont parle Salomon&nbsp;: <i>Ton nom est un parfum qui se répand&nbsp;: c’est pourquoi les jeunes filles t’ont aimé et attiré</i>. Combien d’âmes renouvelées aujourd’hui t’ont-elles aimé. Seigneur Jésus, en disant&nbsp;: <i>Attire-nous derrière toi, nous accourrons à l’odeur de tes vêtements</i>, pour aspirer l’odeur de la résurrection&nbsp;? Comprends le sens de ce rite&nbsp;: le parfum coule sur la barbe, c’est-à-dire sur la grâce de la jeunesse et sur la barbe d’Aaron, pour que tu deviennes une <i>race élue</i>, sacerdotale, précieuse. Car nous recevons tous l’onction de la grâce spirituelle en vue du royaume de Dieu et du sacerdoce. ~ Ensuite tu as reçu ces vêtements blancs que tu portes, pour signifier que tu as dépouillé l’enveloppe du péché et revêtu les vêtements purs de l’innocence, dont parle le prophète&nbsp;:<i>Tu m’aspergeras avec l’hysope, et je serai purifié&nbsp;; tu me laveras, et je deviendrai plus blanc que neige</i>. On le voit en effet, selon la Loi et selon l’Évangile&nbsp;: celui qui est baptisé se montre purifié. Selon la Loi, parce que Moïse employait une touffe d’hysope pour asperger avec le sang de l’agneau. Selon l’Évangile, parce que le Christ avait des vêtements blancs comme neige, quand il fit voir, dans l’évangile de la Transfiguration, la gloire de sa résurrection. Il devient <i>plus blanc que neige</i>, celui dont la faute est pardonnée. C’est pourquoi le Seigneur dit par la bouche d’Isaïe&nbsp;: <i>Si vos péchés sont comme la pourpre, je les rendrai blancs comme neige</i>. L’Église, qui porte ces vêtements blancs pour les avoir endossés grâce au <i>bain de la nouvelle naissance</i>, dit dans le Cantique des cantiques&nbsp;: <i>Je suis noire et belle, filles de Jérusalem</i>. Noire par la fragilité de la nature humaine, belle par la grâce&nbsp;; noire parce que composée de pécheurs, belle par le sacrement de la foi. En voyant ces vêtements, les filles de Jérusalem disent, dans leur stupéfaction&nbsp;: <i>Qui est celle-ci qui monte toute blanche ?</i> Elle qui était noire, comment est-elle devenue blanche tout à coup&nbsp;? Quant au Christ, voyant son Église en vêtements blancs c’est pour elle, dit le prophète Zacharie, qu’il avait pris des vêtements sales —&nbsp;ou bien voyant l’âme purifiée et lavée par le sacrement de la nouvelle naissance, il lui dit&nbsp;: <i>Que tu es belle, mon amie, que tu es belle&nbsp;: tes yeux sont beaux comme ceux de la colombe</i>, cette colombe dont le Saint-Esprit avait pris l’apparence pour descendre du ciel. ~ Aussi rappelle-toi que tu as reçu l’empreinte de l’Esprit&nbsp;: <i>Esprit de sagesse et de discernement, esprit de conseil et de force, esprit de connaissance et de piété, esprit de crainte religieuse</i>, et garde bien ce que tu as reçu. Dieu le Père t’a marqué de son empreinte, le Christ Seigneur t’a confirmé, et il a mis <i>l’Esprit dans ton cœur, comme un premier don</i>, ainsi que tu l’as appris par la lecture de l’Apôtre.</p>",
  "readingsPatristicReadingResponsory": "<p>R/ Le Seigneur a conclu avec nous une alliance&nbsp;;<br> sur la montagne, il nous a parlé face à face.</p> <p>Toutes les promesses de Dieu<br> ont leur Oui dans le Christ&nbsp;:<br> et par lui nous disons Amen à la gloire de Dieu.</p> <p>Le Seigneur nous affermit dans le Christ,<br> il nous a donné l’onction.</p> <p>Le Seigneur nous a marqués de son sceau,<br> il a mis dans nos cœurs les arrhes de l’Esprit.</p>",
  "readingsOration": "Pour ceux qui t’aiment, Seigneur, tu as préparé des biens que l’œil ne peut voir&nbsp;: répands en nos cœurs la ferveur de ta charité, afin que t’aimant en toute chose et par-dessus tout, nous obtenions de toi l’héritage promis qui surpasse tout désir."
}