{
  "invitatoryAntiphon": "Terre entière, acclame Dieu&nbsp;; chante le Seigneur.",
  "sundayEvangelicAntiphonB": "Saisis d’une grande crainte, les disciples disaient&nbsp;: Qui donc est cet homme&nbsp;? Même le vent et la mer lui obéissent&nbsp;!",
  "sundayEvangelicAntiphonC": "Celui qui veut marcher à ma suite, qu’il se renonce lui-même, qu’il prenne sa croix et qu’il me suive.",
  "sundayEvangelicAntiphonA": "Qui me reconnaîtra devant les hommes, je le reconnaîtrai devant mon Père",
  "readingsBiblicalReadingTitle": "Jonathan aimait David de toute son âme",
  "readingsBiblicalReadingRef": "1S 19, 8-10; 20, 1-17",
  "readingsBiblicalReadingContent": "<p>La guerre avait repris. David partit combattre les Philistins. Il leur porta un coup très dur, et ils s’enfuirent devant lui. Un mauvais esprit envoyé par le SEIGNEUR vint sur Saül, alors qu’il était assis dans sa maison. Il tenait sa lance à la main, et David jouait de son instrument. Saül chercha à clouer David au mur avec sa lance, mais David esquiva le coup de Saül, qui ficha sa lance dans le mur. David prit la fuite et fut sauvé cette nuit-là. David s’enfuit de Nayoth-de-Rama et vint dire devant Jonathan&nbsp;: «&nbsp;Qu’ai-je fait&nbsp;? Quel est mon péché&nbsp;? Quelle est ma faute à l’égard de ton père, pour qu’il en veuille à ma vie&nbsp;?&nbsp;» Jonathan lui répondit&nbsp;: «&nbsp;Quelle horreur&nbsp;! Non, tu ne mourras pas. Il se trouve que mon père ne fait aucune chose, importante ou non, sans m’en informer. Alors, pourquoi m’aurait-il caché celle-là&nbsp;? C’est impossible.&nbsp;» Mais David reprit, en faisant un serment&nbsp;: «&nbsp;Ton père sait très bien que j’ai trouvé grâce à tes yeux. Il s’est dit&nbsp;: “Que Jonathan ne sache rien, de peur qu’il ne soit affligé.” Mais, par le SEIGNEUR vivant et par ta propre vie, il n’y a qu’un seul pas entre la mort et moi&nbsp;!&nbsp;» Jonathan dit à David&nbsp;: «&nbsp;À quoi penses-tu&nbsp;? Je le ferai pour toi.&nbsp;» David répondit à Jonathan&nbsp;: «&nbsp;Demain, ce sera la nouvelle lune, et moi, je devrais prendre place auprès du roi pour le repas. Mais tu me laisseras partir et, après-demain, je me cacherai dans la campagne jusqu’au soir. Si ton père remarque mon absence, tu diras&nbsp;: “David a insisté auprès de moi pour faire un saut à Bethléem, sa ville, car on y célèbre le sacrifice annuel pour tout le clan.” S’il dit&nbsp;: “C’est bien”, je suis en paix, moi, ton serviteur. Mais s’il s’enflamme de colère, sache qu’il est résolu au pire. Agis avec fidélité envers ton serviteur, puisque tu m’as fait entrer dans une alliance du SEIGNEUR avec toi. Mais si je suis coupable, fais-moi mourir toi-même. Pourquoi m’obliger à venir devant ton père&nbsp;?&nbsp;» Jonathan répondit&nbsp;: «&nbsp;Quelle horreur pour toi&nbsp;! Mais si vraiment j’apprenais que mon père est résolu au pire, comment ne pas t’en informer&nbsp;?&nbsp;» David dit à Jonathan&nbsp;: «&nbsp;Qui m’informera si ton père te répond avec dureté&nbsp;?&nbsp;» Jonathan lui répondit&nbsp;: «&nbsp;Viens&nbsp;! Sortons dans la campagne.&nbsp;» Et tous deux sortirent dans la campagne. Alors, Jonathan dit à David&nbsp;: «&nbsp;Par le SEIGNEUR, le Dieu d’Israël&nbsp;! Demain et après-demain, à cette heure-ci, je sonderai les intentions de mon père. Si tout va bien pour David, et si je n’envoie pas de message pour te le révéler, que le SEIGNEUR amène le malheur sur Jonathan, et pire encore&nbsp;! Mais s’il fait trouver bon à mon père de te mettre à mal, je te le révélerai et je te laisserai aller en paix. Que le SEIGNEUR soit avec toi comme il fut avec mon père&nbsp;! Tant que je vivrai, puisses-tu agir envers moi avec fidélité, comme le SEIGNEUR, pour que je ne meure pas&nbsp;! Puisses-tu ne jamais retirer ta fidélité de ma maison, même quand le SEIGNEUR retranchera de la surface du sol chacun des ennemis de David.&nbsp;» Ainsi Jonathan conclut-il une alliance avec la maison de David, en disant&nbsp;: «&nbsp;Le SEIGNEUR demandera des comptes à David —&nbsp;ou plutôt à ses ennemis.&nbsp;» Puis Jonathan fit encore prêter serment à David, par l’amitié qu’il lui portait, car il l’aimait comme lui-même.</p>",
  "readingsBiblicalReadingResponsory": "<p>R/ Celui qui aime est né de Dieu<br> et connaît Dieu.</p> <p>Un ami aime en tout temps,<br> un frère se reconnaît dans l’adversité.</p> <p>Comme une huile parfumée met le cœur en fête,<br> ainsi la douceur de l’amitié console l’âme</p>",
  "readingsPatristicReadingTitle": "TRAITÉ D’AELRED DE RIEVAULX SUR L’AMITIÉ SPIRITUELLE",
  "readingsPatristicReadingSubtitle": "La véritable amitié",
  "readingsPatristicReadingContent": "<p>Jonathan, le plus remarquable des jeunes hommes, sans attendre les insignes de la royauté et le pouvoir royal, fit un pacte avec David, et par amitié institua une égalité entre le serviteur et le maître. Si bien qu’il préféra à lui-même celui qui fuyait loin de son père et se cachait au désert, voué à la mort et destiné à être assassiné. S’humiliant lui-même et exaltant David, il lui disait&nbsp;: <i>C’est toi qui seras roi, et moi, j’aurai le second rang après toi</i>. Quel remarquable miroir de la vraie amitié&nbsp;! Quelle chose admirable&nbsp;! Le roi Saül était en fureur contre son serviteur David et soulevait tout le pays comme pour se défendre contre un homme qui aurait convoité sa royauté&nbsp;; il convainc les prêtres de trahison, les massacre sur la seule base d’un soupçon&nbsp;; il fouille les forêts, ratisse les vallées, occupe à main armée les monts et les rochers, et tous s’engagent à venger l’affront fait au roi. Seul Jonathan, le seul qui aurait pu, avec plus de raison, porter envie à David, a estimé devoir résister à son père, organiser la fuite de son ami, l’aider de ces conseils dans une telle adversité. Faisant passer l’amitié avant le désir de régner, il lui dit&nbsp;: <i>C’est toi qui seras roi, et moi, j’aurai le second rang après toi</i>. Et remarque comme le père du jeune homme s’efforçait de faire naître en lui l’envie contre son ami, en l’accablant d’injures, en le menaçant d’être privé du trône, en lui rappelant qu’il allait ainsi perdre l’honneur d’être roi. En effet, bien qu’une sentence de mort fût portée contre David, Jonathan n’abandonna pas son ami. «&nbsp;Pourquoi David, devrait-il mourir&nbsp;? En quoi a-t-il péché&nbsp;? Qu’a-t-il fait&nbsp;? <i>Il a risqué sa vie en combattant le Philistin, et tu en as été heureux. Pourquoi donc devrait-il mourir&nbsp;?</i>&nbsp;» À cette voix qui s’oppose à la folle fureur du roi, celui-ci brandit sa lance pour clouer à la paroi Jonathan, ajoutant à ses menaces des injures&nbsp;:<i> Fils d’une mère dévoyée, je sais que tu aimes David, pour ta honte, et la honte de ta mère adultère</i>. Puis tout le venin qu’il pouvait jeter dans le cœur du jeune homme, il le vomit, en ajoutant une phrase qui visait à exciter l’ambition, à faire naître l’envie, à susciter la jalousie et l’amertume&nbsp;; il dit&nbsp;: <i>Tant que le fils de Jéssé continuera de vivre, ton règne restera menacé.</i> À ces mots, qui ne serait ému, saisi par l’envie&nbsp;? Chez quel être humain pourraient-ils ne pas corrompre l’amour, ne pas diminuer l’affection, ne pas étouffer l’amitié&nbsp;? Eh bien, le jeune homme est si rempli d’amour qu’il reste fidèle au serment de l’amitié, courageux devant les menaces, patient sous les injures. En regard de l’amitié, il méprise la royauté, oublie la gloire, mais se souvient seulement de la grâce. <i>C’est toi qui seras roi</i>, dit-il à David, <i>et moi, j’aurai le second rang après toi.</i> ~ Voilà la véritable amitié, parfaite, stable, éternelle. L’envie ne peut la corrompre, ni le soupçon la diminuer, ni l’ambition la dissoudre. En butte à une telle tentation, elle demeure fidèle&nbsp;; sous de tels coups de boutoir, elle reste intacte&nbsp;; sous tant d’outrages, elle se montre inflexible&nbsp;; déchirée par tant d’injures, elle ne bronche pas. <i>Va, et toi aussi fait de même</i>.</p>",
  "readingsPatristicReadingResponsory": "<p>R/ Fais grandir entre nous, Seigneur,<br> l’accord et l’harmonie d’un même amour.</p> <p>Menez une vie digne de l’Évangile,<br> fermes dans un même esprit,<br> luttant d’un cœur unanime.</p> <p>Sans vous soucier de vos propres affaires,<br> ayez à cœur celles de vos frères,<br> à l’exemple du Christ Jésus.</p>",
  "readingsOration": "Aux appels de ton peuple en prière, réponds, Seigneur, en ta bonté&nbsp;: donne à chacun la claire vision de ce qu’il doit faire et la force de l’accomplir."
}