{
  "invitatoryAntiphon": "Le Seigneur est notre roi&nbsp;: venez, adorons-le.",
  "morningHymn": [
    "soleil-levant"
  ],
  "morningPsalm3Antiphon": "Seigneur, ton amour soit sur nous comme notre espoir est en toi.",
  "morningPsalm3Antiphon2": "Le Seigneur est avec nous&nbsp;: qui nous ravirait notre joie&nbsp;?",
  "morningEvangelicAntiphon": "Nous devançons le soleil pour te rendre grâce, Dieu de l’univers.",
  "morningPsalm2Antiphon": "Béni soit Dieu, le Vivant&nbsp;! Béni soit son règne&nbsp;!",
  "morningPsalm2Antiphon2": "J’exalterai mon Dieu, Roi du ciel et Seigneur de justice&nbsp;!",
  "morningPsalm1Antiphon": "L’homme au cœur pur, aux mains innocentes, gravira ta montagne, Seigneur.",
  "morningPsalm1Antiphon2": "Venez, les bénis de mon Père, recevez en héritage le Royaume.",
  "morningReadingRef": "Rm 13, 11b.12 13a",
  "morningReading": "C’est le moment, l’heure est venue de sortir de votre sommeil. La nuit est bientôt finie, le jour est tout proche. Rejetons les activités des ténèbres, revêtons-nous pour le combat de la lumière. Conduisons-nous honnêtement, comme on le fait en plein jour.",
  "morningIntercession": "<p>Appelés avec le Christ à devenir louange à la gloire de son Père, nous l’acclamons&nbsp;:</p> <p>R/ Notre Sauveur et notre Dieu&nbsp;!</p> <p>Réveillés de notre sommeil et relevés d’entre les morts,<br> —&nbsp;nous offrons par toi le sacrifice de louange.</p> <p>Donne-nous de garder aujourd’hui tes commandements,<br> —&nbsp;en faisant comme toi ce qui plaît au Père.</p> <p>À chaque heure de ce jour, puissions-nous te bénir&nbsp;:<br> —&nbsp;que nos paroles et nos actes soient ta vraie louange.</p> <p>Accorde-nous de ne contrister personne aujourd’hui&nbsp;;<br> —&nbsp;à ceux qui nous rencontrent, fais-nous porter la joie.</p> ",
  "morningResponsory": "<p>R/ Dieu, tu es mon Dieu,<br>  * Je te cherche dès l’aube.<br> V/ Comment découvrir ta lumière&nbsp;? * <br> V/ Où saisir un reflet de ta gloire&nbsp;? * <br> Gloire au Père et au Fils et au Saint-Esprit.&nbsp;R/ <br></p>",
  "morningOration": "Seigneur, notre Dieu, tu nous as envoyé ton Fils Jésus&nbsp;: dans nos ténèbres, il a fait jaillir la lumière de sa vie&nbsp;; qu’il nous réveille maintenant de tout sommeil, qu’il nous relève de toute mort. Grâce à lui, nous vivrons pour toi et nous marcherons vers ton Royaume. Toi qui règnes avec lui et le Saint-Esprit, maintenant et pour les siècles des siècles. Amen.",
  "vespersHymn": [
    "sans-fin-seigneur-dieu-notre-pere"
  ],
  "vespersPsalm2Antiphon": "Dresse-toi, Seigneur, dans ta force&nbsp;: nous chanterons ta vaillance.",
  "vespersPsalm2Antiphon2": "Ta grâce, Seigneur, nous rend inébranlables.",
  "vespersEvangelicAntiphon": "Le Seigneur fit pour moi des merveilles&nbsp;: saint est son nom&nbsp;!",
  "vespersPsalm3Antiphon": "R/ Gloire à l’Agneau immolé&nbsp;!",
  "vespersPsalm1Antiphon": "Le Seigneur donne la victoire à son Messie.",
  "vespersPsalm1Antiphon2": "Que Dieu te réponde au jour de détresse&nbsp;!",
  "vespersReadingRef": "1 Jn 3, 1a.2",
  "vespersReading": "Voyez comme il est grand, l’amour dont le Père nous a comblés&nbsp;: il a voulu que nous soyons appelés enfants de Dieu, —&nbsp;et nous le sommes&nbsp;—. Bien-aimés, dès maintenant, nous sommes enfants de Dieu, mais ce que nous serons ne paraît pas encore clairement. Nous le savons&nbsp;: lorsque le Fils de Dieu paraîtra, nous serons semblables à lui parce que nous le verrons tel qu’il est.",
  "vespersIntercession": "<p>Avec un cœur d’enfant, supplions Dieu, notre Père, et disons-lui&nbsp;:</p> <p>R/ Père, fais-nous voir ton amour&nbsp;!</p> <p>Père très bon, en ton Fils bien-aimé, nous sommes frères&nbsp;:<br> —&nbsp;accorde-nous de vivre ensemble et d’être unis.</p> <p>Laisse venir à toi les enfants&nbsp;:<br> —&nbsp;ton Royaume est à ceux qui leur ressemblent.</p> <p>Donne à ceux qui préparent l’avenir&nbsp;<br> —&nbsp;de bâtir un monde juste et fraternel.</p> <p>Tu nous demandes d’aimer nos ennemis&nbsp;:<br> —&nbsp;convertis leur cœur et le nôtre.</p> <p>Accueille tes enfants dans ta demeure éternelle&nbsp;:&nbsp;<br> —&nbsp;qu’ils voient la douceur de ta face.</p> ",
  "vespersResponsory": "<p>R/ Bénis le Seigneur, ô mon âme,<br>  *  Bénis son nom très saint, tout mon être.<br> V/ Il te couronne d’amour et de tendresse.  * <br> V/ N’oublie aucun de ses bienfaits.  * <br> Gloire au Père et au Fils et au Saint-Esprit.&nbsp;R/ <br></p>",
  "vespersOration": "Dieu tout-puissant, qui nous as donné de vivre jusqu’à maintenant, vers toi nous levons les mains pour te rendre ce soir toute grâce reçue&nbsp;; accepte notre offrande par le Christ notre Seigneur. Lui qui règne avec toi et le Saint-Esprit, maintenant et pour les siècles des siècles. Amen.",
  "readingHymn": "un-chant-rassemble-dans-la-nuit",
  "readingsPsalm2Antiphon": "Dresse-toi, Seigneur&nbsp;! Dieu, étends la main&nbsp;!",
  "readingsPsalm3Antiphon": "Les paroles du Seigneur sont véridiques.",
  "readingsPsalm1Antiphon": "C’est lui qui délivrera le pauvre aux abois.",
  "readingsVerse": "<p>V/ Il dirige les humbles dans la justice,<br>il enseigne aux malheureux ses chemins.</p>",
  "readingsBiblicalReadingTitle": "Confiance en Dieu seul",
  "readingsBiblicalReadingRef": "Si 11, 12-14.17-28",
  "readingsBiblicalReadingContent": "<p>Tel autre est faible, il a besoin de soutien, il manque de moyens et ne surabonde que de misère. Mais les yeux du Seigneur l’ont regardé avec bienveillance, pour le relever de son abaissement et redresser sa tête, à l’étonnement de tous. Bonheur et malheur, vie et mort, richesse et pauvreté viennent du Seigneur. Le Seigneur maintient ses dons à ceux qui sont religieux&nbsp;; sa bienveillance, à jamais, les conduit. Tel s’enrichit à force d’être économe et regardant, mais voici ce qu’il y gagne&nbsp;: quand il dit&nbsp;: «&nbsp;Enfin le repos&nbsp;! Maintenant je vais jouir de mes biens&nbsp;», il ignore combien de temps cela va durer&nbsp;: il devra laisser ses biens à d’autres et mourra. Reste attaché à ton métier, sois assidu, continue ton ouvrage jusqu’à la vieillesse. Ne sois pas admiratif devant les œuvres du pécheur, fais confiance au Seigneur et persévère dans ta besogne. Car il est facile au Seigneur d’enrichir le pauvre à l’improviste, en un instant. La récompense de qui est religieux, c’est la bénédiction du Seigneur&nbsp;: en peu de temps, il fait fleurir cette bénédiction. Ne dis pas&nbsp;: «&nbsp;De quoi pourrais-je avoir besoin&nbsp;? Quels biens puis-je avoir encore&nbsp;?&nbsp;» Ne dis pas non plus&nbsp;: «&nbsp;J’ai tout ce qu’il me faut. Quel mal pourrait encore m’atteindre&nbsp;?&nbsp;» Au jour du bonheur, on oublie le malheur&nbsp;; au jour du malheur, on oublie le bonheur. Mais au jour de la mort, il est facile, pour le Seigneur, de rendre à l’homme selon sa conduite. La peine d’un moment fait oublier le bien-être, et les œuvres d’un homme se révèlent à ses derniers instants. Avant sa mort, ne déclare personne heureux, car c’est au terme de sa vie que l’on connaît un homme.</p>",
  "readingsBiblicalReadingResponsory": "<p>R/ Seigneur, Dieu de l’univers,<br> heureux qui compte sur toi.</p> <p>Décharge ton fardeau sur le Seigneur&nbsp;:<br> il prendra soin de toi.</p> <p>Au jour de la mort, le Seigneur saura sans peine<br> rendre à chacun selon ses œuvres.</p>",
  "readingsPatristicReadingTitle": "LES GRANDES RÈGLES MONASTIOUES DE SAINT BASILE",
  "readingsPatristicReadingSubtitle": "C’est Dieu qui a mis en nous le désir de l’aimer",
  "readingsPatristicReadingContent": "<p>L’amour envers Dieu n’est pas matière d’enseignement. Car personne ne nous a enseigné à jouir de la lumière, à aimer la vie, à chérir ceux qui nous ont mis au monde ou qui nous ont élevés. De même, ou plutôt à plus forte raison, le désir de Dieu ne s’apprend pas par un enseignement venu de l’extérieur&nbsp;; dès que cet être vivant (c’est l’homme que je veux dire) commence à exister, une sorte de germe est déposé en nous qui possède en lui-même le principe interne de l’amour. C’est à l’école des commandements de Dieu qu’il nous convient de l’accueillir, de le cultiver avec soin, de le nourrir avec intelligence et, par la grâce de Dieu, de le conduire à sa perfection. J’approuve votre zèle, il est nécessaire pour atteindre ce but. Si Dieu nous l’accorde, et avec l’aide de vos prières, nous allons essayer, autant que l’Esprit Saint nous en donnera le pouvoir, d’exciter l’étincelle de l’amour divin qui se trouve en vous. ~ Nous devons dire d’abord que nous avons reçu de Dieu, préalablement à tous les commandements qu’il nous a donnés, la force et la capacité de les accomplir&nbsp;; ainsi nous ne devons ni nous révolter comme si l’on exigeait de nous quelque chose d’inouï, ni être fiers comme si nous apportions plus que nous n’avons reçu. Si nous employons ces forces loyalement et comme il faut, nous vivons saintement selon la vertu&nbsp;; mais, si nous en faisons un mauvais usage, nous tombons dans le vice. C’est ainsi que le vice se définit&nbsp;: employer à faire le mal les facultés que Dieu nous a données pour faire le bien, contrairement à ses commandements. Au contraire, la vertu que Dieu attend de nous consiste à employer ces mêmes facultés, sous l’influence d’une conscience droite, selon le commandement de Dieu. Cela étant, nous dirons la même chose de la charité. En recevant de Dieu l’ordre de l’aimer, nous avons reçu, dès notre origine, l’aptitude à l’aimer. Cela ne nous est pas démontré par des arguments extérieurs. Chacun peut l’apprendre par lui-même et en lui-même. Nous désirons par nature ce qui est bon et beau, bien que la même chose n’apparaisse pas bonne et belle à celui-ci et à celui-là. Nous n’avons pas besoin qu’on nous apprenne à aimer nos parents et nos proches, et c’est spontanément que nous accordons notre bienveillance à ceux qui nous font du bien. Or, je vous le demande, y a-t-il rien de plus admirable que la beauté divine&nbsp;? Que peut-on imaginer de plus digne de plaire et de plus agréable que la magnificence de Dieu&nbsp;? Y a-t-il un désir fort et violent comme celui que Dieu inspire à l’âme purifiée de tout vice et qui s’écrie sincèrement&nbsp;: <i>Je suis blessée d’amour&nbsp;? </i> Les splendeurs de la beauté divine sont inexprimables et indescriptibles.</p>",
  "readingsPatristicReadingResponsory": "<p>R/  Je t’aime, Seigneur, ma force,<br> mon libérateur et le rocher de mon salut.</p> <p>Tu aimeras le Seigneur ton Dieu,<br> de tout ton cœur, de toute ton âme,<br> de toute ta force.</p> <p>Garde-toi d’oublier le Seigneur<br> qui t’a fait sortir de la maison de servitude.</p> <p>Qui garde mes commandements, dit Jésus,<br> voilà celui qui m’aime, et mon Père l’aimera.</p>",
  "readingsOration": "Dieu éternel et tout-puissant, qui régis l’univers du ciel et de la terre&nbsp;: exauce, en ta bonté, les prières de ton peuple et fais à notre temps la grâce de la paix.",
  "middleOfDayPsalm2Antiphon": "Je prends appui sur ton amour.",
  "middleOfDayPsalm3Antiphon": "Tu es venu sauver non pas des justes, mais des pécheurs.",
  "middleOfDayPsalm1Antiphon": "Heureux l’homme qui marche dans les voies du Seigneur.",
  "middleOfDaySexteReadingRef": "Pr 3, 13-15",
  "middleOfDaySexteReadingContent": "<p>Heureux qui a trouvé la sagesse, qui s’est procuré la raison&nbsp;! Car sa possession vaut mieux que possession d’argent et son revenu est meilleur que l’or. Elle est plus estimable que le corail et rien de ce que l’on peut désirer ne l’égale.</p>",
  "middleOfDayTierceReadingRef": "Jr 17, 7-8",
  "middleOfDayTierceReadingContent": "<p>Béni soit l’homme qui met sa confiance dans le Seigneur, dont le Seigneur est l’espoir. Il sera comme un arbre planté au bord des eaux, qui étend ses racines vers le courant&nbsp;: il ne craint pas la chaleur quand elle vient, et son feuillage reste vert&nbsp;; il ne redoute pas une année de sécheresse, car elle ne l’empêche pas de porter du fruit.</p>",
  "middleOfDayNoneReadingRef": "Jb 5, 17-18",
  "middleOfDayNoneReadingContent": "<p>Heureux l’homme que Dieu réprimande&nbsp;! Ne dédaigne donc pas la semonce du Puissant. C’est lui qui, en faisant souffrir, répare, lui dont les mains, en brisant, guérissent.</p>",
  "middleOfDaySexteResponsory": "<p>V/ Seigneur, tu veux au fond de moi la vérité&nbsp;;<br>—  dans le secret, tu m’apprends la sagesse.</p>",
  "middleOfDayNoneResponsory": "<p>V/ Agis pour ton serviteur selon ton amour&nbsp;;<br>— apprends-moi tes commandements.</p>",
  "middleOfDayTierceResponsory": "<p>V/ Le Seigneur donne la grâce, il donne la gloire.<br>— Heureux qui espère en toi, Seigneur&nbsp;!</p>",
  "middleOfDayTierceOration": "Dieu qui as répandu ton Esprit Saint sur les Apôtres, envoie-nous ce même Esprit d’amour pour que nous témoignions de toi devant les hommes. Par Jésus, le Christ, notre Seigneur. Amen.",
  "middleOfDayNoneOration": "Dieu qui as envoyé ton ange au centurion Corneille pour lui montrer le bon chemin, donne-nous de travailler au salut du monde&nbsp;: qu’avec l’humanité tout entière, en communion à ton Église, nous parvenions jusqu’à toi. Par Jésus, le Christ, notre Seigneur. Amen.",
  "middleOfDaySexteOration": "Dieu qui as révélé à l’Apôtre Pierre ta volonté de sauver tous les hommes, accorde-nous de déployer toutes nos énergies au service de ce dessein de ton amour. Par Jésus, le Christ, notre Seigneur. Amen.",
  "morningPsalm1": "PSALM_23",
  "morningPsalm2": "AT_5",
  "morningPsalm3": "PSALM_32",
  "readingsPsalm1": "PSALM_9B_1",
  "readingsPsalm2": "PSALM_9B_2",
  "readingsPsalm3": "PSALM_11",
  "middleOfDayPsalm1": "PSALM_118_1",
  "middleOfDayPsalm2": "PSALM_12",
  "middleOfDayPsalm3": "PSALM_13",
  "vespersPsalm1": "PSALM_19",
  "vespersPsalm2": "PSALM_20",
  "vespersPsalm3": "NT_9"
}