{
  "invitatoryAntiphon": "Peuple choisi par Dieu, viens adorer ton chef et ton pasteur.",
  "sundayEvangelicAntiphonA": "Prenez sur vous mon joug, il est doux et léger.",
  "sundayEvangelicAntiphonB": "Ceux qui entendaient Jésus s’étonnaient&nbsp;: N’est-ce pas le charpentier, le fils de Marie&nbsp;?",
  "sundayEvangelicAntiphonC": "Dans chaque maison où vous entrerez, vous direz&nbsp;: Paix à cette maison.",
  "readingsBiblicalReadingTitle": "Le repentir de David",
  "readingsBiblicalReadingRef": "2S 12, 1-25",
  "readingsBiblicalReadingContent": "<p>Le SEIGNEUR envoya vers David le prophète Nathan qui alla le trouver et lui dit&nbsp;: «&nbsp;Dans une même ville, il y avait deux hommes&nbsp;; l’un était riche, l’autre était pauvre. Le riche avait des moutons et des bœufs en très grand nombre. Le pauvre n’avait rien qu’une brebis, une toute petite, qu’il avait achetée. Il la nourrissait, et elle grandissait chez lui au milieu de ses fils&nbsp;; elle mangeait de son pain, buvait de sa coupe, elle dormait dans ses bras&nbsp;: elle était comme sa fille. Un voyageur arriva chez l’homme riche. Pour préparer le repas de son hôte, celui-ci épargna ses moutons et ses bœufs. Il alla prendre la brebis du pauvre, et la prépara pour l’homme qui était arrivé chez lui.&nbsp;» Alors, David s’enflamma d’une grande colère contre cet homme, et dit à Nathan&nbsp;: «&nbsp;Par le SEIGNEUR vivant, l’homme qui a fait cela mérite la mort&nbsp;! Et il remboursera la brebis au quadruple, pour avoir commis une telle action et n’avoir pas épargné le pauvre.&nbsp;» Alors Nathan dit à David&nbsp;: «&nbsp;Cet homme, c’est toi&nbsp;! Ainsi parle le SEIGNEUR Dieu d’Israël&nbsp;: Je t’ai consacré comme roi d’Israël, je t’ai délivré de la main de Saül, puis je t’ai donné la maison de ton maître, j’ai mis dans tes bras les femmes de ton maître&nbsp;; je t’ai donné la maison d’Israël et de Juda et, si ce n’est pas assez, j’ajouterai encore autant. Pourquoi donc as-tu méprisé le SEIGNEUR en faisant ce qui est mal à ses yeux&nbsp;? Tu as frappé par l’épée Ourias le Hittite&nbsp;; sa femme, tu l’as prise pour femme&nbsp;; lui, tu l’as fait périr par l’épée des fils d’Ammone. Désormais, l’épée ne s’écartera plus jamais de ta maison, parce que tu m’as méprisé et que tu as pris la femme d’Ourias le Hittite pour qu’elle devienne ta femme. Ainsi parle le SEIGNEUR&nbsp;: De ta propre maison, je ferai surgir contre toi le malheur. Je t’enlèverai tes femmes sous tes yeux et je les donnerai à l’un de tes proches, qui les prendra sous les yeux du soleil. Toi, tu as agi en cachette, mais moi, j’agirai à la face de tout Israël, et à la face du soleil&nbsp;!&nbsp;» David dit à Nathan&nbsp;: «&nbsp;J’ai péché contre le SEIGNEUR&nbsp;!&nbsp;» Nathan lui répondit&nbsp;: «&nbsp;Le SEIGNEUR a passé sur ton péché, tu ne mourras pas. Cependant, parce que tu as bafoué le SEIGNEUR, le fils que tu viens d’avoir mourra.&nbsp;» Et Nathan retourna chez lui. Le SEIGNEUR frappa l’enfant que la femme d’Ourias avait donné à David, et il tomba gravement malade. David implora Dieu pour le petit enfant&nbsp;: il jeûna strictement, et, quand il rentrait chez lui, il passait la nuit couché par terre. Les anciens de sa maison insistaient auprès de lui pour qu’il se relève, mais il refusa, et ne prit avec eux aucune nourriture. Le septième jour, l’enfant mourut. Les serviteurs de David n’osaient pas lui annoncer que l’enfant était mort. Ils se disaient en effet&nbsp;: «&nbsp;Lorsque l’enfant était vivant, nous lui avons parlé, et il ne nous a pas écoutés. Maintenant, comment lui dire que l’enfant est mort&nbsp;? Il ferait un malheur&nbsp;!&nbsp;» Voyant ses serviteurs chuchoter entre eux, David comprit que l’enfant était mort. Il demanda aux serviteurs&nbsp;: «&nbsp;L’enfant est-il mort&nbsp;?&nbsp;» Ils répondirent&nbsp;: «&nbsp;Il est mort.&nbsp;» Alors David se releva de terre, se baigna, se parfuma et changea de vêtement. Il entra dans la maison du SEIGNEUR et se prosterna. Puis il rentra chez lui&nbsp;; il demanda qu’on lui serve de la nourriture et il mangea. Ses serviteurs lui dirent&nbsp;: «&nbsp;Mais que fais-tu&nbsp;? Pour l’enfant, quand il était en vie, tu as jeûné et pleuré, et maintenant qu’il est mort, tu te relèves et tu prends de la nourriture&nbsp;!&nbsp;» Il répondit&nbsp;: «&nbsp;Tant que l’enfant était encore en vie, j’ai jeûné et j’ai prié en me disant&nbsp;: Qui sait&nbsp;? Le SEIGNEUR aura peut-être pitié de moi, et l’enfant vivra&nbsp;! Mais maintenant qu’il est mort, à quoi bon jeûner&nbsp;? Pourrais-je encore le faire revenir&nbsp;? C’est moi qui m’en irai le rejoindre, mais lui ne reviendra pas vers moi.&nbsp;» David consola Bethsabée sa femme&nbsp;: il la retrouva et coucha avec elle. Elle lui donna un fils qu’il nomma Salomon. Le SEIGNEUR l’aima, et il le fit savoir par le prophète Nathan qui lui donna, à cause du SEIGNEUR, le nom de Yedidya&nbsp;: Aimé-du-SEIGNEUR.</p>",
  "readingsBiblicalReadingResponsory": "<p>R/ Pitié pour moi, Seigneur,<br> guéris-moi, car j’ai péché contre toi.</p> <p>Oui, je reconnais tous mes torts,<br> j’ai toujours mon péché devant moi.</p> <p>Le sacrifice qui te plaît, c’est un esprit brisé,<br> tu n’as point d’aversion pour un cœur broyé.</p>",
  "readingsPatristicReadingTitle": "SERMON DE SAINT AUGUSTIN SUR L’ANCIEN TESTAMENT",
  "readingsPatristicReadingSubtitle": "«&nbsp;Le sacrifice qui plaît à Dieu, c’est un esprit brisé&nbsp;»",
  "readingsPatristicReadingContent": "<p><i>Mon crime</i>, dit David, <i>moi, je le reconnais</i>. Si moi, je reconnais, c’est donc à toi de fermer les yeux. Ne prétendons aucunement que notre vie est vertueuse et que nous sommes sans péché. Pour que notre vie mérite l’éloge, demandons pardon. Les hommes sans espérance, moins ils font attention à leurs propres péchés, plus ils sont curieux des péchés d’autrui. Ils ne cherchent pas ce qu’ils vont corriger, mais ce qu’ils vont critiquer. Et puisqu’ils ne peuvent pas s’excuser, ils sont prêts à accuser les autres. Ce n’est pas l’exemple de prière et de satisfaction envers Dieu que nous donne le psalmiste lorsqu’il dit&nbsp;: <i>Car mon crime, moi, je le reconnais&nbsp;; et mon péché est toujours devant moi</i>. Celui-là n’était pas attentif aux péchés d’autrui. Il invoquait son propre témoignage contre lui-même, il ne se flattait pas, mais il s’examinait, il descendait profondément en lui-même. Il ne se pardonnait pas et c’est justement pour cela qu’il pouvait demander sans impudence d’être pardonné. Tu veux te réconcilier avec Dieu&nbsp;? Apprends à te comporter de telle sorte que Dieu se réconcilie avec toi. Remarque ce qu’on lit dans le même psaume&nbsp;: <i>Car, si tu avais voulu un sacrifice, je te l’aurais bien offert&nbsp;; tu ne prendras pas plaisir aux holocaustes</i>. Tu n’auras donc pas de sacrifice&nbsp;? Tu n’auras rien à offrir, tu n’auras aucune offrande pour te réconcilier avec Dieu&nbsp;? Écoute la suite, et dis à ton tour&nbsp;: <i>Le sacrifice pour Dieu, c’est un esprit brisé. Le cœur brisé et humilié, Dieu ne le méprise pas</i>. Après avoir rejeté ce que tu offrais, tu as trouvé quelque chose à offrir. Tu voulais offrir, comme tes pères, des animaux immolés, ce qu’on appelait des sacrifices. <i>Si tu avais voulu un sacrifice, je t’en aurais bien offert</i>. Ce n’est donc pas cela que tu cherches, et pourtant c’est un sacrifice que tu cherches. <i>Tu ne prendras pas plaisir aux holocaustes</i>, dit-il. Ainsi donc, parce que tu ne prendras pas plaisir aux holocaustes, tu resteras sans sacrifice&nbsp;? Pas du tout&nbsp;! <i>Le sacrifice pour Dieu, c’est un esprit brisé&nbsp;; le cœur brisé et humilié, Dieu ne</i> le méprise pas. Tu possèdes de quoi offrir. N’inspecte pas un troupeau, n’arme pas des navires et ne franchis pas la mer jusqu’à des régions lointaines pour en rapporter des aromates. Cherche dans ton cœur ce qui peut plaire à Dieu. Il faut briser ton cœur. Ne crains pas qu’il en meure&nbsp;! On te le dit ici&nbsp;: <i>Ô Dieu, crée en moi un cœur pur</i>. Pour que soit créé un cœur pur, il faut briser le cœur impur. Il faut nous déplaire à nous-mêmes quand nous péchons, parce que les péchés déplaisent à Dieu. Et puisque nous ne sommes pas sans péché, nous ressemblerons à Dieu au moins en ce que le péché nous déplaît, comme à lui. Pour une part tu seras uni à la volonté de Dieu, car ce qui te déplaît en toi, c’est ce que déteste celui qui t’a crée.</p>",
  "readingsPatristicReadingResponsory": "<p>R/ Pitié pour moi, Seigneur,<br> guéris-moi, car j’ai péché contre toi.</p> <p>Oui, je reconnais tous mes torts,<br> j’ai toujours mon péché devant moi.</p> <p>Crée en moi un cœur pur, ô mon Dieu,<br> renouvelle au fond de moi mon esprit.</p> <p>Le sacrifice qui te plaît, c’est un esprit brisé,<br> tu n’as point d’aversion pour un cœur broyé.</p>",
  "readingsOration": "Dieu qui as relevé le monde par les abaissements de ton Fils, donne à tes fidèles une joie sainte&nbsp;: tu les as tirés de l’esclavage du péché&nbsp;; fais-leur connaître le bonheur impérissable."
}