{
  "invitatoryAntiphon": "Écoutons la voix de notre Dieu, entrons dans le repos qu’il a promis.",
  "sundayEvangelicAntiphonB": "Celui qui fait la volonté de Dieu, celui-là est mon frère, ma sœur, et ma mère.",
  "sundayEvangelicAntiphonC": "Un grand prophète s’est levé parmi nous&nbsp;: Dieu a visité son peuple.",
  "sundayEvangelicAntiphonA": "Tu ne veux pas de sacrifices, mais tu veux l’amour&nbsp;: tu ne viens pas appeler les justes, mais les pécheurs.",
  "readingsBiblicalReadingTitle": "Renouvellement de l’Alliance",
  "readingsBiblicalReadingRef": "Jos 24, 1-7.13-28",
  "readingsBiblicalReadingContent": "<p>Josué réunit toutes les tribus d’Israël à Sichem&nbsp;; puis il appela les anciens d’Israël, avec les chefs, les juges et les scribes&nbsp;; ils se présentèrent devant Dieu. Josué dit alors à tout le peuple&nbsp;: «&nbsp;Ainsi parle le SEIGNEUR, le Dieu d’Israël&nbsp;: Vos ancêtres habitaient au-delà de l’Euphrate depuis toujours, jusqu’à Tèrah, père d’Abraham et de Nahor, et ils servaient d’autres dieux. Alors j’ai pris votre père Abraham au-delà de l’Euphrate, et je lui ai fait traverser toute la terre de Canaan&nbsp;; j’ai multiplié sa descendance, et je lui ai donné Isaac. À Isaac, j’ai donné Jacob et Ésaü. À Ésaü, j’ai donné en possession la montagne de Séïr. Jacob et ses fils sont descendus en Égypte. J’ai envoyé ensuite Moïse et Aaron, et j’ai frappé l’Égypte par tout ce que j’ai accompli au milieu d’elle. Ensuite, je vous en ai fait sortir. Donc, j’ai fait sortir vos pères de l’Égypte, et vous êtes arrivés à la mer&nbsp;; les Égyptiens poursuivaient vos pères avec des chars et des guerriers jusqu’à la mer des Roseaux. Vos pères crièrent alors vers le SEIGNEUR, qui étendit un brouillard épais entre vous et les Égyptiens, et fit revenir sur eux la mer, qui les recouvrit. Vous avez vu de vos propres yeux ce que j’ai fait en Égypte, puis vous avez séjourné longtemps dans le désert. Je vous ai donné une terre qui ne vous a coûté aucune peine, des villes dans lesquelles vous vous êtes installés sans les avoir bâties, des vignes et des oliveraies dont vous profitez aujourd’hui sans les avoir plantées. Et maintenant craignez le SEIGNEUR&nbsp;; servez-le dans l’intégrité et la fidélité. Écartez les dieux que vos pères ont servis au-delà de l’Euphrate et en Égypte&nbsp;; servez le SEIGNEUR. S’il ne vous plaît pas de servir le SEIGNEUR, choisissez aujourd’hui qui vous voulez servir&nbsp;: les dieux que vos pères servaient au-delà de l’Euphrate, ou les dieux des Amorites dont vous habitez le pays. Moi et les miens, nous voulons servir le SEIGNEUR.&nbsp;» Le peuple répondit&nbsp;: «&nbsp;Plutôt mourir que d’abandonner le SEIGNEUR pour servir d’autres dieux&nbsp;! C’est le SEIGNEUR notre Dieu qui nous a fait monter, nous et nos pères, du pays d’Égypte, cette maison d’esclavage&nbsp;; c’est lui qui, sous nos yeux, a accompli tous ces signes et nous a protégés tout le long du chemin que nous avons parcouru, chez tous les peuples au milieu desquels nous sommes passés. Et même le SEIGNEUR a chassé devant nous tous ces peuples, ainsi que les Amorites qui habitaient le pays. Nous aussi, nous voulons servir le SEIGNEUR, car c’est lui notre Dieu.&nbsp;» Alors Josué dit au peuple&nbsp;: «&nbsp;Vous ne pouvez pas servir le SEIGNEUR, car il est un Dieu saint, il est un Dieu jaloux, qui ne pardonnera ni vos révoltes ni vos péchés. Si vous abandonnez le SEIGNEUR pour servir les dieux étrangers, il se retournera contre vous, il vous fera du mal, il vous anéantira, lui qui vous a fait tant de bien.&nbsp;» Le peuple répondit à Josué&nbsp;: «&nbsp;Mais si&nbsp;! Nous voulons servir le SEIGNEUR.&nbsp;» Alors Josué dit au peuple&nbsp;: «&nbsp;Vous en êtes les témoins contre vous-mêmes&nbsp;: c’est vous qui avez choisi de servir le SEIGNEUR.&nbsp;» Ils répondirent&nbsp;: «&nbsp;Nous en sommes témoins.&nbsp;» Josué reprit&nbsp;: «&nbsp;Alors, enlevez les dieux étrangers qui sont au milieu de vous, et tournez votre cœur vers le SEIGNEUR, le Dieu d’Israël.&nbsp;» Le peuple répondit à Josué&nbsp;: «&nbsp;C’est le SEIGNEUR notre Dieu que nous voulons servir, c’est à sa voix que nous voulons obéir.&nbsp;» En ce jour-là, Josué conclut une Alliance pour le peuple. C’est dans la ville de Sichem qu’il lui donna un statut et un droit. Josué inscrivit tout cela dans le livre de la loi de Dieu. Il prit une grande pierre et la dressa sous le chêne qui était dans le sanctuaire du SEIGNEUR. Il dit à tout le peuple&nbsp;: «&nbsp;Voici une pierre qui servira de témoin contre nous, car elle a entendu toutes les paroles que le SEIGNEUR nous a dites&nbsp;; elle servira de témoin contre vous, pour vous empêcher de renier votre Dieu.&nbsp;» Puis Josué renvoya le peuple, chacun dans la part de territoire qui était son héritage.</p>",
  "readingsBiblicalReadingResponsory": "<p>R/ Nul ne peut servir deux maîtres&nbsp;!</p> <p>C’est le Seigneur notre Dieu<br> que nous voulons servir,<br> c’est à sa voix que nous voulons obéir&nbsp;!</p> <p>Il n’y a pour nous qu’un seul Dieu, le Père,<br> et un seul Seigneur, Jésus Christ&nbsp;!</p>",
  "readingsPatristicReadingTitle": "COMMENTAIRE DE SAINT AMBROISE SUR LE PSAUME 1",
  "readingsPatristicReadingSubtitle": "Le psaume, louange de l’univers",
  "readingsPatristicReadingContent": "<p>Qu’y a-t-il de meilleur qu’un psaume&nbsp;? C’est pourquoi David dit très bien&nbsp;: <i>Louez le Seigneur, car le psaume est une bonne chose à notre Dieu, louange douce et belle&nbsp;!</i> Et c’est vrai. Car le psaume est bénédiction prononcée par le peuple, louange de Dieu par l’assemblée, applaudissement par tous, parole dite par l’univers, voix de l’Église, mélodieuse profession de foi, complète célébration par la hiérarchie, allégresse de la liberté, exclamation de joie, tressaillement d’enthousiasme. Il calme la colère, éloigne les soucis, soulage la tristesse. Il nous protège pour la nuit, il nous instruit pour le jour. Il est bouclier des craintifs, fête des hommes religieux, rayon de tranquillité, gage de paix et de concorde. Comme une cithare, il réunit en un seul chant des voix diverses et inégales. Le lever du jour répercute le psaume, et son déclin en résonne encore. ~ Dans le psaume, enseignement et agrément rivalisent&nbsp;; on le chante pour se réjouir et en même temps on l’apprend pour s’instruire. ~ Lorsque tu lis les psaumes, que de richesses tu rencontres&nbsp;! Lorsque je lis dans les psaumes&nbsp;: <i>Cantique pour le bien-aimé</i>, je suis embrasé par un désir d’amour divin. Chez eux, je trouve rassemblés la grâce des révélations, les prophéties de la résurrection, le trésor des promesses. Chez eux, j’apprends à éviter le péché, je désapprends la honte de faire pénitence pour mes fautes. ~ Qu’est-ce donc que le psaume&nbsp;? C’est un instrument de musique dont joue le saint Prophète avec l’archet du Saint-Esprit et dont il fait résonner sur la terre la douceur céleste. Avec les lyres et leurs cordes, c’est-à-dire avec des restes morts, il rythme les voix différentes et inégales et dirige le cantique de louange divine vers les hauteurs du ciel. En même temps, il nous enseigne qu’il faut commencer par mourir au péché, qu’ensuite seulement il faudra exercer les œuvres des différentes vertus qui feront parvenir jusqu’au Seigneur l’agrément de notre piété. ~ David nous a enseigné à chanter intérieurement, à psalmodier intérieurement&nbsp;; c’est ainsi que Paul lui-même chantait, puisqu’il dit&nbsp;: <i>Je prierai avec mon esprit, mais je prierai aussi avec mon intelligence, je psalmodierai avec mon esprit, mais aussi avec mon intelligence</i>. David nous enseigne encore à orienter notre vie et nos actions vers la perspective des biens d’en haut, de crainte que le plaisir qu’on éprouve à chanter n’excite les passions du corps, car celles-ci, bien loin de racheter notre âme, l’appesantissent.<br> C’est ainsi que le saint Prophète David se rappelle que son âme doit psalmodier pour son rachat, lorsqu’il dit&nbsp;: <i>Je jouerai le psaume pour toi, Dieu, sur la cithare, Saint d’Israël&nbsp;! Mes lèvres jubileront lorsque je chanterai pour toi, et mon âme que tu as rachetée</i>.</p>",
  "readingsPatristicReadingResponsory": "<p>R/ Bénis le Seigneur, ô mon âme&nbsp;;<br> bénis son nom très saint tout mon être&nbsp;!<br> Bénis le Seigneur, ô mon âme,<br> n’oublie aucun de ses bienfaits&nbsp;!</p>",
  "readingsOration": "Dieu qui donnes la preuve suprême de ta puissance lorsque tu patientes et prends pitié, sans te lasser, accorde-nous ta grâce&nbsp;: en nous hâtant vers les biens que tu promets, nous parviendrons au bonheur du ciel."
}