{
  "invitatoryAntiphon": "Au son de la joie et de la fête, allons à la rencontre du Seigneur.",
  "sundayEvangelicAntiphonB": "Saisis d’une grande crainte, les disciples disaient&nbsp;: Qui donc est cet homme&nbsp;? Même le vent et la mer lui obéissent&nbsp;!",
  "sundayEvangelicAntiphonC": "Celui qui veut marcher à ma suite, qu’il se renonce lui-même, qu’il prenne sa croix et qu’il me suive.",
  "sundayEvangelicAntiphonA": "Qui me reconnaîtra devant les hommes, je le reconnaîtrai devant mon Père",
  "readingsBiblicalReadingTitle": "David offre de se battre contre les Philistins",
  "readingsBiblicalReadingRef": "1S 17, 1-10.32.38-51",
  "readingsBiblicalReadingContent": "<p>Les Philistins rassemblèrent leurs armées pour la guerre&nbsp;; ils se rassemblèrent à Soko de Juda et ils établirent leur camp entre Soko et Azéqa, à Éfès-Dammim. Saül et les hommes d’Israël se rassemblèrent et établirent leur camp dans le Val du Térébinthe, puis se rangèrent en ordre de bataille face aux Philistins. Les Philistins se tenaient sur la montagne d’un côté, Israël se tenait sur la montagne de l’autre côté&nbsp;; entre eux il y avait la vallée. Alors sortit des rangs philistins un champion qui s’appelait Goliath. Originaire de Gath, il mesurait six coudées et un empan. Il avait un casque de bronze sur la tête, il était revêtu d’une cuirasse à écailles&nbsp;; la cuirasse pesait cinq mille sicles de bronze. Il avait des jambières de bronze et un javelot de bronze entre les épaules. Le bois de sa lance était comme le rouleau d’un métier à tisser, et sa pointe pesait six cents sicles de fer. Et devant lui marchait le porte-bouclier. Il s’arrêta et cria vers les lignes d’Israël. Il leur dit&nbsp;: «&nbsp;À quoi bon sortir pour vous ranger en ordre de bataille&nbsp;? Ne suis-je pas, moi, le Philistin, et vous, les esclaves de Saül&nbsp;? Choisissez-vous un homme, et qu’il descende vers moi&nbsp;! S’il est le plus fort en luttant avec moi et qu’il m’abatte, nous deviendrons vos esclaves. Mais si je suis le plus fort et que je l’abatte, vous deviendrez nos esclaves, vous nous serez asservis.&nbsp;» Le Philistin ajouta&nbsp;: «&nbsp;Moi, aujourd’hui, je lance un défi aux lignes d’Israël&nbsp;: donnez-moi un homme, et nous lutterons l’un contre l’autre&nbsp;!&nbsp;» David dit à Saül&nbsp;: «&nbsp;Que personne ne perde courage à cause de ce Philistin. Moi, ton serviteur, j’irai me battre avec lui.&nbsp;» Saül revêtit David de ses propres vêtements. Il lui mit sur la tête un casque de bronze et le revêtit d’une cuirasse. David se mit à la ceinture l’épée de Saül par-dessus ses vêtements. Il fut incapable de marcher car il n’était pas entraîné. Et David dit à Saül&nbsp;: «&nbsp;Je ne peux pas marcher avec tout cela car je ne suis pas entraîné.&nbsp;» Et il s’en débarrassa. David prit en main son bâton, il se choisit dans le torrent cinq cailloux bien lisses et les mit dans son sac de berger, dans une poche&nbsp;; puis, la fronde à la main, il s’avança vers le Philistin. Le Philistin se mit en marche et, précédé de son porte-bouclier, approcha de David. Lorsqu’il le vit, il le regarda avec mépris car c’était un jeune garçon&nbsp;; il était roux et de belle apparence. Le Philistin lui dit&nbsp;: «&nbsp;Suis-je donc un chien, pour que tu viennes contre moi avec un bâton&nbsp;?&nbsp;» Puis il le maudit en invoquant ses dieux. Il dit à David&nbsp;: «&nbsp;Viens vers moi, que je te donne en pâture aux oiseaux du ciel et aux bêtes sauvages&nbsp;!&nbsp;» David lui répondit&nbsp;: «&nbsp;Tu viens contre moi avec épée, lance et javelot, mais moi, je viens contre toi avec le nom du SEIGNEUR des armées, le Dieu des troupes d’Israël que tu as défié. Aujourd’hui le SEIGNEUR va te livrer entre mes mains, je vais t’abattre, te trancher la tête, donner aujourd’hui même les cadavres de l’armée philistine aux oiseaux du ciel et aux bêtes de la terre. Toute la terre saura qu’il y a un Dieu pour Israël, et tous ces gens rassemblés sauront que le SEIGNEUR ne donne la victoire ni par l’épée ni par la lance, mais que le SEIGNEUR est maître du combat, et qu’il vous livre entre nos mains.&nbsp;» Goliath s’était dressé, s’était mis en marche et s’approchait à la rencontre de David. Celui-ci s’élança et courut vers les lignes des ennemis à la rencontre du Philistin. Il plongea la main dans son sac, et en retira un caillou qu’il lança avec sa fronde. Il atteignit le Philistin au front, le caillou s’y enfonça, et Goliath tomba face contre terre. Ainsi David triompha du Philistin avec une fronde et un caillou&nbsp;: quand il frappa le Philistin et le mit à mort, il n’avait pas d’épée à la main. Mais David courut&nbsp;; arrivé près du Philistin, il lui prit son épée, qu’il tira du fourreau, et le tua en lui coupant la tête. Quand les Philistins virent que leur héros était mort, ils prirent la fuite.</p>",
  "readingsBiblicalReadingResponsory": "<p>R/ Toute la terre le saura&nbsp;:<br> c’est Dieu qui donne la victoire.</p> <p>Tu marches contre moi avec épée, lance et javelot,<br> disait David au Philistin&nbsp;;<br> moi, je marche contre toi au nom du Seigneur.</p> <p>Oui, il y a un Dieu en lsraël&nbsp;:<br> c’est lui le maître du combat.</p>",
  "readingsPatristicReadingTitle": "TRAITÉ DE SAINT GRÉGOIRE DE NYSSE SUR LA PERFECTION CHRÉTIENNE",
  "readingsPatristicReadingSubtitle": "Le nom du Christ et celui des chrétiens",
  "readingsPatristicReadingContent": "<p>Saint Paul, avec plus de précision que personne, a compris qui est le Christ et a montré, à partir de ce que celui-ci a fait, comment doivent être ceux qui portent son nom. Il l’a imité si clairement qu’il a montré en sa personne quelle est la condition de son Seigneur. Par cette imitation très exacte, il a confondu l’image de son âme avec son prototype au point que ce n’était plus Paul qui semblait vivre et parler, mais le Christ lui-même. Comme il le dit, en prenant admirablement conscience de ses propres avantages&nbsp;: <i>Puisque vous désirez avoir la preuve que le Christ parle en moi</i>. ~ Et encore&nbsp;: <i>Je vis, mais ce n’est plus moi, c’est le Christ qui vit en moi</i>. Il nous a donc révélé ce que signifie le nom du Christ, lorsqu’il nous dit, que <i>le Christ est puissance de Dieu et Sagesse de Dieu </i>; en outre, il l’a appelé <i>paix et lumière inaccessible</i> où Dieu habite, <i>sanctification</i> et <i>rédemption, grand prêtre, agneau pascal, pardon</i> pour les âmes, <i>lumière éclatante de la gloire, expression parfaite de la substance, créateur des mondes, nourriture et boisson spirituelle, rocher et eau, fondement</i> de la foi, <i>pierre angulaire, image de Dieu invisible, grand Dieu, tête du corps qui est l’Église, premier-né avant toute créature, premier-né d’entre les morts, premier-né de la multitude de frères, médiateur entre Dieu et les hommes</i>, Fils unique <i>couronné de gloire et d’honneur, Seigneur de gloire, commencement</i> de ce qui existe, ~ <i>roi de justice et ensuite roi de paix</i>, et roi de tous les hommes, avec une puissance royale sans aucune limite. Il y a encore beaucoup de noms à ajouter à ceux-là, et leur nombre les rend difficiles à compter. Mais si nous rassemblons tous ces noms et si nous rapprochons leurs diverses significations, ils nous montreront tout ce que signifie le nom de Christ, si bien que nous pourrons comprendre toute la grandeur de ce nom inexprimable. ~ Puisque nous avons reçu communication du plus grand, du plus divin et du premier de tous les noms, au point que nous sommes honorés du titre même du Christ en étant appelés «&nbsp;chrétiens&nbsp;», il est nécessaire que tous les noms qui traduisent ce mot se fassent voir aussi en nous, afin qu’en nous cette appellation ne soit pas mensongère, mais qu’elle reçoive le témoignage de notre vie.</p>",
  "readingsPatristicReadingResponsory": "<p>R/ Gloire éternelle au Christ,<br> gloire au vivant, alléluia&nbsp;!</p> <p>Il est le commencement,<br> premier-né d’entre les morts.</p> <p>Lui, le premier, nous a aimés&nbsp;:<br> il nous a délivrés de nos péchés.</p> <p>Il est le premier et le dernier,<br> le voici qui vient, nous le verrons&nbsp;!</p>",
  "readingsOration": "Accorde-nous, Seigneur, de trouver notre joie dans notre fidélité&nbsp;: car c’est un bonheur durable et profond de servir constamment le créateur de tout bien."
}