{
  "invitatoryAntiphon": "Écoutons la voix de notre Dieu, entrons dans le repos qu’il a promis.",
  "sundayEvangelicAntiphonA": "Prenez sur vous mon joug, il est doux et léger.",
  "sundayEvangelicAntiphonB": "Ceux qui entendaient Jésus s’étonnaient&nbsp;: N’est-ce pas le charpentier, le fils de Marie&nbsp;?",
  "sundayEvangelicAntiphonC": "Dans chaque maison où vous entrerez, vous direz&nbsp;: Paix à cette maison.",
  "readingsBiblicalReadingTitle": "Portrait de Salomon",
  "readingsBiblicalReadingRef": "Si 47, 12-25",
  "readingsBiblicalReadingContent": "<p>Après David se leva un fils plein de savoir&nbsp;; grâce à son père, il vécut en toute tranquillité. Salomon connut un règne paisible, et Dieu lui accorda la sécurité alentour, pour qu’il élève une maison consacrée à son nom et qu’il établisse un sanctuaire à jamais. Comme tu étais sage dans ta jeunesse&nbsp;! Tel un fleuve, tu débordais d’intelligence&nbsp;; ta pensée s’est répandue par toute la terre, que tu as remplie d’énigmes et de paraboles. Ta renommée est parvenue jusqu’aux îles lointaines. Tu as été aimé parce que tu étais pacifique. Tes chants, tes proverbes, tes paraboles et tes interprétations ont fait l’admiration du monde entier. Au nom du Seigneur Dieu, celui qui est appelé le Dieu d’Israël, tu as amassé l’or, comme de l’étain et, comme du plomb, tu as accumulé l’argent. Mais tu t’es vautré dans le plaisir avec les femmes et tu as été asservi dans ton corps. Tu as terni ta gloire, tu as profané ta race, au point d’amener la colère sur tes enfants et provoquer des regrets par ta folie. Ainsi la souveraineté fut partagée en deux et d’Éphraïm sortit un royaume rebelle. Mais le Seigneur ne renonce pas à sa miséricorde, il ne détruit aucune de ses œuvres, il ne fait pas disparaître les descendants de son élu, il ne supprime pas la postérité de qui l’a aimé. À Jacob il a donné un reste, à David, un rejeton issu de lui. Salomon reposa avec ses pères, laissant après lui, parmi sa descendance, le plus fou du peuple, un homme dénué d’intelligence, Roboam, qui, par sa décision, poussa le peuple à la révolte. Quant à Jéroboam, fils de Nebath, il fit pécher Israël&nbsp;; c’est lui qui fit prendre à Éphraïm le chemin du péché. Et tant se multiplièrent leurs péchés qu’ils furent déportés de leur pays. Ils s’adonnèrent à tout ce qui est mal jusqu’à ce que vienne sur eux le châtiment.</p>",
  "readingsBiblicalReadingResponsory": "<p>R/ Les dons et l’appel de Dieu<br> sont sans repentance.</p> <p>Dieu ne renonça jamais à sa miséricorde<br> et n’effaça aucune de ses paroles.</p> <p>Dieu n’a pas refusé à son élu une postérité,<br> il n’a jamais renié la race de celui qu’il avait aimé.</p>",
  "readingsPatristicReadingTitle": "SERMON DE SAINT AUGUSTIN SUR LE PSAUME 126",
  "readingsPatristicReadingSubtitle": "C’est le Seigneur qui bâtit la maison",
  "readingsPatristicReadingContent": "<p>Salomon avait bâti un temple au Seigneur, image et préfiguration de la future Église et du corps du Seigneur. C’est pourquoi celui-ci dit dans l’Évangile&nbsp;: <i>Détruisez ce temple, et en trois jours je le relèverai</i>. C’est donc parce que le premier Salomon avait bâti ce temple-là que le véritable Salomon s’est bâti un temple. Je parle de notre Seigneur Jésus Christ, le vrai pacifique. Car le nom de Salomon se traduit par «&nbsp;pacifique&nbsp;» et le véritable pacifique est celui dont l’Apôtre dit&nbsp;: <i>Il est lui-même notre paix, lui qui de deux peuples en a fait un seul</i>. Il est le véritable pacifique, lui qui a réuni en lui deux murs venant de côtés opposés, pour lesquels il est devenu pierre d’angle&nbsp;: pour le peuple des croyants venant de la circoncision, et pour le peuple venant de la non-circoncision des païens, lui aussi formé de croyants. De ces deux peuples il a fait une seule Église, il est devenu pour eux pierre d’angle, et c’est pourquoi il est vraiment pacifique. Parce que l’authentique Salomon, le fils de David et de Bethsabée, le roi d’Israël, préfigurait ce vrai pacifique lorsqu’il bâtissait le temple, ne t’imagine pas que c’est Salomon qui a bâti pour Dieu une maison, et que l’Écriture te désigne un autre Salomon quand elle commence ainsi un psaume&nbsp;: <i>Si le Seigneur ne bâtit la maison, c’est en vain qu’ils travaillent, ceux qui la bâtissent</i>. C’est donc le Seigneur qui bâtit la maison, c’est le Seigneur Jésus qui bâtit sa maison. Beaucoup travaillent à bâtir&nbsp;; mais si ce n’est pas lui qui bâtit, <i>c’est en vain qu’ils travaillent, ceux qui la bâtissent</i>. Quels sont ces bâtisseurs qui travaillent&nbsp;? Tous ceux qui prêchent dans l’Église la parole de Dieu, les ministres des sacrements de Dieu. Tous nous nous démenons, tous nous travaillons, tous nous bâtissons maintenant&nbsp;; et avant nous d’autres se sont démenés, ont travaillé, ont bâti. Mais <i>si le Seigneur ne bâtit la maison, c’est en vain qu’ils travaillent, ceux qui la bâtissent</i>. C’est pourquoi les Apôtres en ont vu quelques-uns s’écrouler et Paul dit précisément&nbsp;: <i>Vous observez religieusement les jours, les mois, les saisons, les années&nbsp;! Vous me faites craindre d’avoir travaillé pour tous en pure perte&nbsp;!</i> Parce qu’il savait que la construction intérieure était l’œuvre du Seigneur. Paul plaignait ceux pour qui lui-même avait travaillé pour rien. Donc, si c’est nous qui parlons au-dehors, c’est lui qui construit au-dedans. Nous remarquons comment vous écoutez&nbsp;; mais ce que vous pensez, celui-là seul le connaît, qui voit vos pensées. C’est lui qui bâtit, lui qui avertit, lui qui effraie, lui qui ouvre l’intelligence, lui qui conduit jusqu’à la foi votre connaissance&nbsp;; pourtant, nous travaillons et nous sommes comme des ouvriers.</p>",
  "readingsPatristicReadingResponsory": "<p>R/ Nous sommes le Temple de Dieu,<br> habités par son Esprit.</p> <p>Si quelqu’un détruit le Temple de Dieu,<br> Dieu le détruira, car son Temple est saint&nbsp;;<br> et ce temple, c’est vous.</p> <p>Jésus chassa tous les marchands du temple&nbsp;:<br> Ne faites pas de la maison de mon Père,<br> un repère de voleurs.</p> <p>Détruisez ce sanctuaire, disait Jésus,<br> en trois jours je le relèverai.<br> Il parlait du temple de son corps.</p>",
  "readingsOration": "Sois favorable à tes fidèles, Seigneur, et multiplie les dons de ta grâce&nbsp;; entretiens en eux la foi, l’espérance et la charité, pour qu’ils soient toujours attentifs à garder tes commandements."
}