{
  "invitatoryAntiphon": "Approchons-nous de Dieu en rendant grâce.",
  "sundayEvangelicAntiphonB": "Si quelqu’un veut être le premier, qu’il soit le serviteur de tous.",
  "sundayEvangelicAntiphonC": "Vous ne pouvez servir deux maîtres&nbsp;: Dieu et l’argent.",
  "sundayEvangelicAntiphonA": "Allez, vous aussi, à ma vigne&nbsp;: je vous donnerai ce qui est juste.",
  "readingsBiblicalReadingTitle": "« C’est moi qui ferai paître mes brebis »",
  "readingsBiblicalReadingRef": "Ez 34, 1-6.11-16.23-31",
  "readingsBiblicalReadingContent": "<p>La parole du SEIGNEUR me fut adressée&nbsp;: «&nbsp;Fils d’homme, prophétise contre les bergers d’Israël, prophétise. Tu leur diras&nbsp;: Ainsi parle le Seigneur DIEU&nbsp;: Quel malheur pour les bergers d’Israël qui sont bergers pour eux-mêmes&nbsp;! N’est-ce pas pour les brebis qu’ils sont bergers&nbsp;? Vous, au contraire, vous buvez leur lait, vous vous êtes habillés avec leur laine, vous égorgez les brebis grasses, vous n’êtes pas bergers pour le troupeau. Vous n’avez pas rendu des forces à la brebis chétive, soigné celle qui était malade, pansé celle qui était blessée. Vous n’avez pas ramené la brebis égarée, cherché celle qui était perdue. Mais vous les avez gouvernées avec violence et dureté. Elles se sont dispersées, faute de berger, pour devenir la proie de toutes les bêtes sauvages. Mon troupeau s’égare sur toutes les montagnes et toutes les collines élevées&nbsp;; mes brebis sont dispersées dans tout le pays, personne ne les cherche, personne ne part à leur recherche. Car ainsi parle le Seigneur DIEU&nbsp;: Voici que moi-même, je m’occuperai de mes brebis, et je veillerai sur elles. Comme un berger veille sur les brebis de son troupeau quand elles sont dispersées, ainsi je veillerai sur mes brebis, et j’irai les délivrer dans tous les endroits où elles ont été dispersées un jour de nuages et de sombres nuées. Je les ferai sortir d’entre les peuples, je les rassemblerai des différents pays et je les ramènerai sur leur terre&nbsp;; je les ferai paître sur les montagnes d’Israël, dans les vallées, dans les endroits les meilleurs. Je les ferai paître dans un bon pâturage, et leurs prairies seront sur les hauteurs d’Israël. Là, mes brebis se reposeront dans de belles prairies, elles brouteront dans de gras pâturages, sur les monts d’Israël. C’est moi qui ferai paître mon troupeau, et c’est moi qui le ferai reposer, —&nbsp;oracle du Seigneur DIEU. La brebis perdue, je la chercherai&nbsp;; l’égarée, je la ramènerai. Celle qui est blessée, je la panserai. Celle qui est malade, je lui rendrai des forces. Celle qui est grasse et vigoureuse, je la garderai, je la ferai paître selon le droit. Je susciterai à leur tête un seul berger&nbsp;; lui les fera paître&nbsp;: ce sera mon serviteur David. Lui les fera paître, il sera leur berger. Alors moi, le SEIGNEUR, je serai leur Dieu, et mon serviteur David sera prince au milieu d’elles. Je suis le SEIGNEUR, j’ai parlé. Je conclurai avec mes brebis une alliance de paix, je supprimerai du pays les animaux féroces, elles habiteront en sécurité dans le désert et dormiront dans les forêts. Je ferai d’elles une bénédiction aux alentours de ma colline. Je ferai tomber la pluie en sa saison, et ce seront des pluies de bénédiction. L’arbre des champs donnera son fruit, et la terre donnera ses produits. Tous seront en sécurité sur leur sol&nbsp;; et ils sauront que Je suis le SEIGNEUR, quand je briserai les barres de leurs jougs et que je les délivrerai de la main de ceux qui les asservissaient. Ils ne seront plus la proie des nations, et les bêtes de la terre ne les dévoreront plus. Ils habiteront en sécurité, sans personne pour les faire trembler. Je ferai croître pour eux une plantation renommée. Il n’y aura plus dans le pays de gens emportés par la famine&nbsp;; les nations ne leur feront plus subir de déshonneur. Alors ils sauront que Je suis le SEIGNEUR leur Dieu avec eux, et qu’ils sont mon peuple, la maison d’Israël —&nbsp;oracle du Seigneur DIEU. Vous, mes brebis, les brebis de mon pâturage, vous êtes des humains&nbsp;; moi, je suis votre Dieu —&nbsp;oracle du Seigneur DIEU.&nbsp;»</p>",
  "readingsBiblicalReadingResponsory": "<p>R/ Jésus, tu es venu<br> pour que les brebis aient la vie,<br> la vie en abondance.</p> <p>Parole du Seigneur&nbsp;:<br> J’aurai soin moi-même de mon troupeau<br> et je le passerai en revue.</p> <p>Je chercherai la brebis perdue,<br> avec justice je ferai paître mon troupeau.</p> <p>Je les rassemblerai des pays étrangers<br> et les ramènerai sur leur terre.</p>",
  "readingsPatristicReadingTitle": "Sermon de Saint Augustin sur les pasteurs",
  "readingsPatristicReadingSubtitle": "«&nbsp;Insiste à temps et à contre-temps&nbsp;»",
  "readingsPatristicReadingContent": "<p><i>Vous n’avez pas ramené la brebis égarée, ~ cherché celle qui était perdue</i>. C’est ainsi que nous pouvons nous trouver exposés à la violence des bandits et aux dents des loups furieux, et nous vous demandons de prier pour nous quand nous sommes exposés à ces dangers. Et les brebis sont rétives. Car lorsqu’on cherche celles qui sont égarées, elles disent qu’elles sont devenues étrangères en s’égarant et en se perdant&nbsp;: «&nbsp;Pourquoi nous appelez-vous&nbsp;? Pourquoi nous cherchez-vous&nbsp;?&nbsp;» Comme si la raison pour laquelle nous les appelons et les cherchons n’était pas justement qu’elles sont égarées et qu’elles se perdent&nbsp;! «&nbsp;Si je suis égarée, dit-elle, si je suis près de mourir, pourquoi m’appelles-tu&nbsp;? Pourquoi me cherches-tu&nbsp;?&nbsp;» C’est parce que tu es égarée que je veux te rappeler&nbsp;; parce que tu vas à ta perte, que je veux te trouver. «&nbsp;C’est ainsi que je veux m’égarer, c’est ainsi que je veux périr.&nbsp;» C’est ainsi que tu veux t’égarer, c’est ainsi que tu veux périr&nbsp;? Raison de plus pour que je ne le veuille pas. Oui, j’ose le dire&nbsp;: je suis importun. J’entends l’Apôtre me dire&nbsp;: <i>Annonce la parole, insiste à temps et à contre-temps</i>. À temps envers qui&nbsp;? À contre-temps envers qui&nbsp;? À temps envers ceux qui veulent, à contre-temps envers ceux qui ne veulent pas. Oui, je suis importun, j’ose dire&nbsp;: «&nbsp;Tu veux t’égarer, tu veux périr&nbsp;; moi, je ne veux pas&nbsp;». Et finalement, celui qui ne veut pas, c’est celui qui me fait peur. Si je voulais, voici ce qu’il me dirait, voici ce qu’il me reprocherait&nbsp;: <i>Vous n’avez pas ramené la brebis égarée et vous n’avez pas cherché celle qui était perdue</i>. Est-ce que je te craindrai davantage que lui&nbsp;? <i>Nous aurons tous à comparaître devant le tribunal du Christ.</i> ~ Je rappellerai la brebis égarée, je chercherai la brebis perdue. Que tu le veuilles ou non, je le ferai. Et si, dans ma recherche, les buissons des forêts me déchirent, je me ferai tout petit&nbsp;; je secouerai toutes les haies&nbsp;; autant que le Seigneur redoutable me donnera de forces, je parcourrai toute la campagne. Je rappellerai la brebis égarée, je chercherai la brebis perdue. Si tu ne veux pas que je souffre, ne t’égare pas, ne te perds pas. Peu importe que je m’attriste de ton égarement et de ta perte. Je crains, si je ne m’occupe pas de toi, de te tuer, même toi qui es fort. Regarde en effet la suite du texte&nbsp;: <i>Et celle qui était forte, vous l’avez accablée</i>. Si je ne m’occupe pas de celui qui est égaré et qui se perd, c’est que je me réjouirai de voir celui qui est fort s’égarer et périr.</p>",
  "readingsPatristicReadingResponsory": "<p>R/ La vérité nous délivre,<br> l’homme libre rend gloire à Dieu.</p> <p>La loi de l’amour nous affranchit.</p> <p>Au profond de nos cœurs, gardons la parole.</p>",
  "readingsOration": "Seigneur notre Père, nous en appelons à ta providence qui jamais ne se trompe en ses desseins&nbsp;: tout ce qui fait du mal, écarte-le, et donne-nous ce qui peut nous aider."
}