{
  "invitatoryAntiphon": "Écoutons la voix de notre Dieu, entrons dans le repos qu’il a promis.",
  "sundayEvangelicAntiphonA": "Autant de fois qu’il t’aura offensé, tu pardonneras à ton frère.",
  "sundayEvangelicAntiphonC": "Grande est la joie des anges de Dieu pour un seul pécheur qui retourne vers lui.",
  "sundayEvangelicAntiphonB": "Qui perd sa vie à cause du Seigneur et de l’Évangile la sauvera.",
  "readingsBiblicalReadingTitle": "Responsabilité personnelle",
  "readingsBiblicalReadingRef": "Ez 18, 1-13.20-32",
  "readingsBiblicalReadingContent": "<p>La parole du SEIGNEUR me fut adressée&nbsp;: «&nbsp;Qu’avez-vous donc, dans le pays d’Israël, à répéter ce proverbe&nbsp;: “Les pères mangent du raisin vert, et les dents des fils en sont irritées”&nbsp;? Par ma vie&nbsp;! —&nbsp;oracle du Seigneur DIEU —&nbsp;vous n’aurez plus à répéter ce proverbe en Israël. En effet, toutes les vies m’appartiennent, la vie du père aussi bien que celle du fils, elles m’appartiennent. Celui qui a péché, c’est lui qui mourra. L’homme qui est juste, qui observe le droit et la justice, qui ne va pas aux festins sur les montagnes, ne lève pas les yeux vers les idoles immondes de la maison d’Israël, ne rend pas impure la femme de son prochain, ne s’approche pas d’une femme en état de souillure&nbsp;; l’homme qui n’exploite personne, qui restitue ce qu’on lui a laissé en gage, ne commet pas de fraude, donne son pain à celui qui a faim et couvre d’un vêtement celui qui est nu&nbsp;; l’homme qui ne prête pas à intérêt, ne pratique pas l’usure, qui détourne sa main du mal, tranche équitablement entre deux adversaires, qui marche selon mes décrets et observe mes ordonnances pour agir avec vérité&nbsp;: un tel homme est juste, c’est certain, il vivra, — oracle du Seigneur DIEU. Mais si cet homme a un fils violent et sanguinaire, coupable d’une de ces fautes, —&nbsp;alors que lui n’en a commis aucune —&nbsp;un fils qui, de plus, va aux festins sur les montagnes et rend impure la femme de son prochain, qui exploite le pauvre et le malheureux, qui commet des fraudes, ne restitue pas un gage, lève les yeux vers les idoles immondes et se livre à l’abomination, qui prête à intérêt et pratique l’usure, ce fils-là vivra-t-il&nbsp;? Il ne vivra pas&nbsp;; il s’est livré à toutes ces abominations&nbsp;: il sera mis à mort, et son sang, qu’il soit sur lui&nbsp;! Celui qui a péché, c’est lui qui mourra&nbsp;! Le fils ne portera pas la faute de son père, ni le père, la faute de son fils&nbsp;: la justice sera la part du juste, la méchanceté, celle du méchant. Mais le méchant, s’il se détourne de tous les péchés qu’il a commis, s’il observe tous mes décrets, s’il pratique le droit et la justice, c’est certain, il vivra, il ne mourra pas. On ne se souviendra d’aucun des crimes qu’il a commis, il vivra à cause de la justice qu’il a pratiquée. Prendrais-je donc plaisir à la mort du méchant —&nbsp;oracle du Seigneur DIEU&nbsp;—, et non pas plutôt à ce qu’il se détourne de sa conduite et qu’il vive&nbsp;? Mais le juste, s’il se détourne de sa justice et fait le mal en imitant toutes les abominations du méchant, il le ferait et il vivrait&nbsp;? Toute la justice qu’il avait pratiquée, on ne s’en souviendra plus&nbsp;: à cause de son infidélité et de son péché, il mourra&nbsp;! Et pourtant vous dites&nbsp;: “La conduite du SEIGNEUR n’est pas la bonne”. Écoutez donc, fils d’Israël&nbsp;: est-ce ma conduite qui n’est pas la bonne&nbsp;? N’est-ce pas plutôt la vôtre&nbsp;? Si le juste se détourne de sa justice, commet le mal, et meurt dans cet état, c’est à cause de son mal qu’il mourra. Si le méchant se détourne de sa méchanceté pour pratiquer le droit et la justice, il sauvera sa vie. Il a ouvert les yeux et s’est détourné de ses crimes. C’est certain, il vivra, il ne mourra pas. Et pourtant la maison d’Israël répète&nbsp;: “La conduite du SEIGNEUR est étrange”. Est-ce ma conduite qui est étrange, maison d’Israël&nbsp;? N’est-ce pas votre conduite qui est étrange&nbsp;? C’est pourquoi —&nbsp;oracle du Seigneur DIEU —&nbsp;je vous jugerai chacun selon sa conduite, maison d’Israël. Retournez-vous&nbsp;! Détournez-vous de vos crimes, et vous ne trébucherez plus dans la faute. Rejetez tous les crimes que vous avez commis, faites-vous un cœur nouveau et un esprit nouveau. Pourquoi vouloir mourir, maison d’Israël&nbsp;? Je ne prends plaisir à la mort de personne, —&nbsp;oracle du Seigneur DIEU —&nbsp;: convertissez-vous, et vous vivrez.&nbsp;»</p>",
  "readingsBiblicalReadingResponsory": "<p>R/ Dieu de tendresse et de pitié,<br> regarde vers moi, pitié pour moi.</p> <p>Prendrai-je plaisir à la mort du méchant,<br> n’est-ce pas son retour à la vie que je désire&nbsp;?</p> <p>Détournez-vous de vos péchés,<br> faites-vous un cœur nouveau et un esprit nouveau.</p>",
  "readingsPatristicReadingTitle": "Sermon de Saint Augustin sur les pasteurs",
  "readingsPatristicReadingSubtitle": "Prépare-toi à l’épreuve",
  "readingsPatristicReadingContent": "<p>L’Écriture dit&nbsp;: <i>Dieu châtie par le fouet tout homme qu’il reçoit pour son fils.</i> Et tu dis&nbsp;: «&nbsp;Peut-être ferai-je exception&nbsp;?&nbsp;» Si tu es excepté de la souffrance du fouet, tu es excepté du nombre des fils. «&nbsp;Ainsi donc, dis-tu, il flagelle tous ses fils&nbsp;?&nbsp;» Parfaitement, il flagelle tous ses fils, comme il a flagellé son Fils unique. Le Fils unique, né de la substance du Père, égal au Père <i>dans la condition de Dieu</i>, le Verbe <i>par qui tout s’est fait</i>, n’avait pas en lui de quoi être flagellé. Il s’est revêtu de chair pour ne pas se soustraire à la flagellation. Celui qui châtie son Fils unique, alors qu’il est sans péché, épargnerait le fils adoptif qui a péché&nbsp;? Car l’Apôtre dit que nous avons été appelés à l’adoption. Nous sommes devenus fils par adoption pour être les cohéritiers du Fils unique, et même pour être son héritage&nbsp;: <i>Demande, et je te donnerai les nations en héritage.</i> Dieu nous l’a proposé en exemple avec ses souffrances. Mais certes, pour que le faible ne défaille pas devant les tentations à venir, il ne faut ni le tromper par un faux espoir, ni le briser par la terreur. Dis-lui&nbsp;: <i>Prépare ton âme à la tentation</i>. Et peut-être qu’il se met à défaillir, à trembler, à refuser d’avancer. Tu as une autre parole à lui dire&nbsp;: <i>Dieu est fidèle, il ne permettra pas que vous soyez tentés au-dessus de vos forces.</i> Annoncer et prédire les souffrances à venir, cela fortifie le faible. Lorsqu’il en est trop effrayé et terrifié, lorsque tu promets la miséricorde de Dieu, non en ce que les tentations manqueront, mais en ce que Dieu ne permet pas que l’on soit tenté au-dessus de ses forces, c’est là bander le membre brisé. Car il y a des gens qui, lorsqu’on leur annonce des épreuves à venir, renforcent leur armement et ont soif de ses épreuves comme de leur boisson favorite. Ils font peu de cas pour eux-mêmes du remède proposé aux fidèles, mais ils ambitionnent la gloire des martyrs. Il y en a d’autres qui, en apprenant que des tentations vont nécessairement leur advenir —&nbsp;ces tentations qui adviennent précisément au chrétien, et que l’on n’éprouve que si l’on veut être vraiment chrétien&nbsp;— ceux-là, quand approchent de telles tentations, sont brisés et trébuchent. Offre alors le bandage de la consolation, bande le membre brisé. Dis&nbsp;: N’aie pas peur, celui en qui tu as cru ne t’abandonne pas dans les tentations. <i>Dieu est fidèle, il ne permettra pas que tu sois tenté au-dessus de tes forces.</i> Ce n’est pas moi qui te le dis, mais l’Apôtre qui dit encore&nbsp;:<i> Voulez-vous avoir la preuve que c’est le Christ qui parle en moi&nbsp;?</i> Quand tu entends ces paroles, c’est donc le Christ que tu entends, tu entends <i>le berger qui conduit Israël.</i> C’est à lui qu’on a dit&nbsp;:<i> Tu nous donne le pain des anges avec mesure.</i> Ce que l’Apôtre a dit&nbsp;: <i>Il ne permet pas que tu sois tenté au-dessus de tes forces,</i> le Prophète l’exprime en disant&nbsp;: <i>Avec mesure.</i> Alors toi, ne repousse pas celui, qui réprimande et exhorte, qui effraie et qui console, qui meurtrit et qui soigne.</p>",
  "readingsPatristicReadingResponsory": "<p>R/ Le Seigneur sait délivrer de l’épreuve<br> les hommes au cœur fidèle.</p> <p>Puisque l’Esprit est votre vie,<br> laissez-vous conduire par l’Esprit.</p> <p>Qui sème dans l’Esprit<br> récoltera de l’Esprit la vie éternelle.</p>",
  "readingsOration": "Fais que les événements du monde, Seigneur, se déroulent dans la paix, selon ton dessein, et que ton peuple connaisse la joie de te servir sans inquiétude."
}