{
  "invitatoryAntiphon": "Venez, adorons le Maître du monde.",
  "sundayEvangelicAntiphonB": "Laissez les enfants venir à moi&nbsp;: le Royaume est à ceux qui leur ressemblent.",
  "sundayEvangelicAntiphonC": "Quand tu auras fait ce que Dieu a commandé, tu diras&nbsp;: Je suis un serviteur inutile.",
  "sundayEvangelicAntiphonA": "Le Maître confiera sa vigne à d’autres vignerons pour qu’elle donne son fruit au temps voulu.",
  "readingsBiblicalReadingTitle": "Rester fidèle jusqu’au retour du Seigneur",
  "readingsBiblicalReadingRef": "1Tm 6, 11-21",
  "readingsBiblicalReadingContent": "<p>Mais toi, homme de Dieu, fuis tout cela&nbsp;; recherche la justice, la piété, la foi, la charité, la persévérance et la douceur. Mène le bon combat, celui de la foi, empare-toi de la vie éternelle&nbsp;! C’est à elle que tu as été appelé, c’est pour elle que tu as prononcé ta belle profession de foi devant de nombreux témoins. Et maintenant, en présence de Dieu qui donne vie à tous les êtres, et en présence du Christ Jésus qui a témoigné devant Ponce Pilate par une belle affirmation, voici ce que je t’ordonne&nbsp;: garde le commandement du Seigneur, en demeurant sans tache, irréprochable jusqu’à la Manifestation de notre Seigneur Jésus Christ. Celui qui le fera paraître aux temps fixés, c’est Dieu. Souverain unique et bienheureux, Roi des rois et Seigneur des seigneurs&nbsp;; lui seul possède l’immortalité, habite une lumière inaccessible&nbsp;; aucun homme ne l’a jamais vu, et nul ne peut le voir. À lui, honneur et puissance éternelle. Amen. Quant aux riches de ce monde, ordonne-leur de ne pas céder à l’orgueil. Qu’ils mettent leur espérance non pas dans des richesses incertaines, mais en Dieu qui nous procure tout en abondance pour que nous en profitions. Qu’ils fassent du bien et deviennent riches du bien qu’ils font&nbsp;; qu’ils donnent de bon cœur et sachent partager. De cette manière, ils amasseront un trésor pour bien construire leur avenir et obtenir la vraie vie. Timothée, garde le dépôt de la foi. Tourne le dos aux bavardages impies et aux objections de la pseudo-connaissance&nbsp;: en s’y engageant, certains se sont écartés de la foi. Que la grâce soit avec vous.</p>",
  "readingsBiblicalReadingResponsory": "<p>R/ En Dieu notre confiance&nbsp;:<br> il nous pourvoit de tout avec générosité.</p> <p>Combats le bon combat,<br> conquiers la vie éternelle<br> à laquelle tu as été appelé.</p> <p>N’amassez pas de trésors sur la terre<br> mais dans le ciel,<br> et débordez d’action de grâce.</p>",
  "readingsPatristicReadingTitle": "HOMÉLIE DE SAINT GRÉGOIRE LE GRAND SUR L’ÉVANGILE",
  "readingsPatristicReadingSubtitle": "«&nbsp;Les ouvriers sont peu nombreux&nbsp;»",
  "readingsPatristicReadingContent": "<p>Écoutons ce que dit le Seigneur aux prédicateurs qu’il envoie&nbsp;: <i>La moisson est abondante, mais les ouvriers sont peu nombreux. Priez donc le maître de la moisson d’envoyer des ouvriers pour la moisson</i>. Les ouvriers sont peu nombreux pour une moisson abondante&nbsp;; nous ne pouvons le répéter sans une grande tristesse. Il y a des gens pour entendre dire de bonnes choses, il n’y en a pas pour les dire. Le monde est rempli de prêtres, mais on rencontre rarement un ouvrier dans la moisson de Dieu&nbsp;; nous acceptons bien la fonction sacerdotale, mais nous ne faisons pas le travail de cette fonction. Considérez, frères très chers, considérez le poids de cette parole&nbsp;: <i>Priez le maître de la moisson d’envoyer des ouvriers pour sa moisson</i>. Vous-mêmes, priez pour nous, afin que nous puissions faire le travail auquel vous avez droit&nbsp;: que notre langue ne soit pas engourdie, quand il faut exhorter&nbsp;; une fois que nous avons accepté la charge de la prédication, que notre silence ne nous assigne pas devant le juste juge&nbsp;! Souvent en effet la langue des prédicateurs est paralysée par leurs mauvaises dispositions&nbsp;; mais souvent, c’est par la faute de leurs peuples que les supérieurs s’abstiennent de prêcher. La langue des prédicateurs est paralysée par leurs mauvaises dispositions, nous dit le Psalmiste&nbsp;: <i>Dieu déclare au pécheur&nbsp;: Comment peux-tu redire mes lois&nbsp;?</i> Et que la parole des prédicateurs soit arrêtée par les vices de leurs peuples, le Seigneur le dit à Ézéchiel&nbsp;: <i>Je ferai adhérer ta langue à ton palais, tu seras muet et tu cesseras de les avertir, car c’est une engeance de rebelles.</i> Comme s’il disait clairement&nbsp;: La prédication te sera enlevée car, puisque ce peuple me défie par sa conduite, il ne mérite pas d’être exhorté à la vérité. Par suite de quel vice la parole est retirée au prédicateur, il n’est pas facile de le savoir. Mais ce que l’on sait avec certitude, c’est que le silence du pasteur est nuisible quelquefois à lui-même, mais toujours à son peuple. ~ Il y a encore autre chose, frères très chers, qui m’afflige vivement, dans la vie des pasteurs&nbsp;; mais pour que mes paroles ne permettent de critiquer personne injustement, je m’accuse moi-même également, bien que ce soit malgré moi que je succombe, contraint par la nécessité de cette époque de barbarie. Nous avons glissé vers des affaires extérieures et la charge honorable que nous avons acceptée est bien différente des fonctions que nous exerçons en fait. Nous abandonnons le ministère de la prédication et c’est pour notre châtiment, je crois, qu’on nous appelle évêque, car nous en avons le titre, mais nous n’en avons pas la valeur. En effet, ceux qui nous ont été confiés abandonnent Dieu, et nous nous taisons. Ils sont tombés, par leur mauvaise conduite, et nous ne leur tendons pas la main en les corrigeant. ~ Mais quand pourrions-nous corriger la vie d’autrui, nous qui négligeons la nôtre&nbsp;? Pris par des tâches profanes, nous devenons d’autant plus insensible à l’intérieur que nous paraissons plus adonné à tout ce qui se passe à l’extérieur. ~ L’Église a donc bien eu raison de dire, à propos de ses membres en mauvaise santé&nbsp;: <i>On m’a chargé de garder ces vignes&nbsp;: ma propre vigne, je ne l’ai pas gardée.</i> ~ Nous qui avons été institué gardien des vignes, nous n’avons aucunement gardé notre propre vigne parce que, en nous laissant prendre par des actions extérieures, nous avons négligé le ministère de notre tâche propre.</p>",
  "readingsPatristicReadingResponsory": "<p>Ouvriers de la paix, Stance<br> la moisson vous attend&nbsp;:<br> pour réconcilier le monde,<br> n’emportez que l’amour.<br> À ceux qui vous accueillent,<br> comme à ceux qui vous chassent,<br> annoncez la nouvelle&nbsp;:</p> <p>R/ Le Royaume de Dieu est là,<br> tout près de vous.</p> <p>Vous allez recevoir une force&nbsp;:<br> l’Esprit Saint viendra sur vous.</p> <p>Alors vous serez mes témoins<br> jusqu’aux extrémités de la terre.</p>",
  "readingsOration": "Dieu qui donnes la preuve suprême de ta puissance, lorsque tu patientes et prends pitié, sans te lasser, accorde-nous ta grâce&nbsp;: en nous hâtant vers les biens que tu promets, nous parviendrons au bonheur du ciel."
}