{
  "invitatoryAntiphon": "Venez tous au Seigneur, adorons notre Maître.",
  "sundayEvangelicAntiphonA": "Quand deux ou trois sont réunis en mon nom, je suis au milieu d’eux, dit le Seigneur.",
  "sundayEvangelicAntiphonB": "Il fait toujours ce qui est bon&nbsp;: il fait entendre les sourds et parler les muets.",
  "sundayEvangelicAntiphonC": "Qui refuse de porter sa croix ne peut être mon disciple.",
  "readingsBiblicalReadingRef": "Lam 1, 1-12.18-20",
  "readingsBiblicalReadingContent": "<p>Comment&nbsp;! La voilà donc assise, solitaire, la ville si populeuse, semblable à une veuve, la reine des nations, souveraine des peuples, devenue esclave&nbsp;! Elle pleure, elle pleure dans la nuit, les larmes couvrent ses joues&nbsp;: personne pour la consoler parmi ceux qui l’aimaient&nbsp;; ils l’ont trompée, tous ses amis, devenus ses ennemis. Elle est déportée, Juda, misérable, durement asservie&nbsp;; assise au milieu des nations, elle ne trouve pas de repos. Tous ses persécuteurs l’ont traquée jusque dans sa détresse. Les routes de Sion sont en deuil, car personne ne vient à ses fêtes&nbsp;: toutes ses portes sont à l’abandon, ses prêtres gémissent, ses vierges s’affligent&nbsp;; elle-même est dans l’amertume&nbsp;! Ses adversaires la dominent, ses ennemis sont rassurés, car le Seigneur l’afflige pour ses fautes sans nombre&nbsp;; ses petits enfants s’en vont, captifs devant l’adversaire. De la fille de Sion toute splendeur s’est retirée&nbsp;; ses princes, comme des cerfs ne trouvant plus de pâturages, sont partis à bout de forces devant le persécuteur. Jérusalem se rappelle tous les plaisirs des jours d’autrefois, aux jours de misère et d’errance quand son peuple tombe aux mains de l’adversaire&nbsp;; la voyant privée de secours, ses adversaires rient de sa ruine. Elle a péché, elle a péché, Jérusalem&nbsp;: elle n’est plus que souillure&nbsp;; tous ceux qui la glorifiaient la méprisent voyant sa nudité&nbsp;; elle aussi gémit et se détourne. Son impureté a taché sa robe&nbsp;; elle n’avait pas imaginé une telle fin&nbsp;: elle est descendue au plus bas&nbsp;; personne pour la consoler. «&nbsp;Vois, Seigneur, ma misère&nbsp;: l’ennemi a triomphé&nbsp;!&nbsp;» L’adversaire a fait main basse sur tous ses trésors&nbsp;: oui, elle a vu les païens entrer dans son sanctuaire, alors que tu leur avais ordonné&nbsp;: «&nbsp;Vous n’entrerez pas dans mon assemblée.&nbsp;» Son peuple tout entier gémit, en quête de pain&nbsp;; il troque ses trésors contre de la nourriture, pour reprendre vie&nbsp;: «&nbsp;Vois, Seigneur, et regarde comme je suis méprisée&nbsp;!&nbsp;» «&nbsp;Ô vous tous qui passez sur le chemin, regardez et voyez s’il est une douleur pareille à la douleur que j’endure, celle dont le Seigneur m’afflige, le jour de sa brûlante colère&nbsp;!&nbsp;» Le Seigneur, lui, est juste car je suis rebelle à sa parole. Écoutez donc, vous, tous les peuples, et voyez ma douleur&nbsp;: mes vierges et mes jeunes gens sont partis en captivité. J’ai fait appel à mes amants&nbsp;: mais ils m’ont trahie. Mes prêtres et mes anciens expirent dans la ville, cherchant la nourriture pour reprendre vie. Vois, Seigneur, quelle est ma détresse&nbsp;: mes entrailles frémissent&nbsp;; mon cœur en moi se retourne car j’ai persisté dans ma rébellion&nbsp;; dehors, l’épée m’a privée d’enfants, dans la maison, c’est la mort.</p>",
  "readingsBiblicalReadingResponsory": "<p>R/ Seigneur, fais-nous revenir,<br> montre-nous ton visage.</p> <p>Jésus pleura sur la ville&nbsp;:<br> Si tu avais compris en ce jour<br> le message de paix&nbsp;!</p> <p>Dites à la fille de Sion&nbsp;:<br> Voici que ton roi vient à toi,<br> humble, il monte sur un âne.</p>",
  "readingsPatristicReadingTitle": "COMMENTAIRE DE SAINT BRUNO SUR LE PSAUME 83",
  "readingsPatristicReadingSubtitle": "«&nbsp;Si je t’oublie, Jérusalem…&nbsp;»",
  "readingsPatristicReadingContent": "<p><i>Que tes demeures sont désirables&nbsp;! Mon âme a désiré entrer jusque dans les parvis du Seigneur,</i> c’est-à-dire dans l’ample espace de la Jérusalem céleste, qui est la cité de Dieu. Le psalmiste montre alors pourquoi il a désiré entrer dans les parvis du Seigneur, et voici cette raison&nbsp;: <i>Seigneur, Dieu des puissances célestes, mon roi et mon Dieu, heureux les habitants de ta maison,</i> la Jérusalem céleste&nbsp;! C’est comme s’il disait&nbsp;: Qui n’aurait ce désir d’entrer dans tes parvis, puisque tu es Dieu, et donc Créateur, Seigneur des puissances, Roi, et qu’ils sont heureux, tous les habitants de ta maison&nbsp;? Parvis et maison, ici, désignent la même réalité. Lorsque le psalmiste dit que leurs habitants sont heureux, il signifie que le bonheur dont ils jouissent est aussi grand qu’on peut l’imaginer. Et si l’on peut être certain de leur bonheur, c’est qu<i>’ils te loueront</i>, Seigneur, dans un amour fervent, <i>pour les siècles des siècles</i>, c’est-à-dire pour l’éternité. Leur louange ne serait pas pour l’éternité, si leur bonheur ne l’était pas aussi. À ce bonheur, personne ne peut atteindre par lui-même&nbsp;; il faut qu’il ait l’espérance, la foi et l’amour. Mais <i>heureux est cet homme-là</i>, c’est-à-dire&nbsp;: à ce bonheur parvient seul cet homme-là <i>dont la force est en toi,</i> Seigneur, pour monter les degrés du bonheur, ces degrés qu’il a disposés dans son cœur. Autrement dit&nbsp;: parviendra au bonheur celui-là seul qui, en se préparant dans son cœur à monter vers ce bonheur par les nombreux degrés des vertus et des bonnes œuvres, reçoit le secours de ta grâce. Par lui-même il est incapable de monter, comme l’atteste cette parole du Seigneur&nbsp;: <i>Nul ne monte au ciel,</i> à savoir par lui-même, <i>sinon le Fils de l’homme, qui est au ciel.</i> Je dis que cet homme <i>a disposé en son cœur les degrés</i>, en tant qu’il vit encore dans cette vallée de larmes, c’est-à-dire dans cette existence qui est humble et remplie de larmes en comparaison de l’autre vie&nbsp;: de celle-ci, comparée à la première, il faut dire qu’elle est une montagne, et que la joie la remplit. Du fait de cette parole&nbsp;: <i>Heureux l’homme dont la force est en toi,</i> on pourrait poser cette question&nbsp;: Dieu fournit-il un secours dans ce but&nbsp;? Et la réponse sera&nbsp;: oui, vraiment, le secours de Dieu est pour cet homme heureux. En effet, le Législateur, c’est-à-dire le Christ, qui nous a donné la loi, nous donne et nous donnera aussi avec constance ses bénédictions, les dons multiples de sa grâce&nbsp;; par eux il bénira ses serviteurs, il les élèvera vers le bonheur. Et par ses bénédictions, les fidèles monteront de vertu en vertu, <i>iront de hauteur en hauteur</i>. Et à l’avenir, dans la Sion du ciel, on verra le Christ, le Dieu des dieux, c’est-à-dire celui qui, du fait qu’il est Dieu, déifiera aussi les siens. Ou encore&nbsp;: en ceux qui existeront en Sion on verra spirituellement le Dieu des dieux le Dieu Trinité. Ce qui revient à dire&nbsp;: Ils verront par la raison Dieu en lui-même, lui qu’ici-bas ils ne peuvent voir. <i>Dieu</i> en effet <i>sera tout en tous.</i></p>",
  "readingsPatristicReadingResponsory": "<p>R/ Heureux les habitants de ta maison, Seigneur&nbsp;!</p> <p>Heureux les hommes dont tu es la force&nbsp;:<br> des chemins s’ouvrent dans leur cœur,<br> ils iront de hauteur en hauteur&nbsp;!</p> <p>Quand le Fils de Dieu paraîtra,<br> nous le verrons tel qu’il est,<br> car nous serons semblables à lui.</p>",
  "readingsOration": "Réveille, Seigneur, le courage de tes fidèles&nbsp;: qu’ils soient plus ardents à profiter de tes grâces, pour obtenir de toi de plus puissants secours."
}