{
  "invitatoryAntiphon": "Peuple choisi par Dieu, viens adorer ton chef et ton pasteur.",
  "sundayEvangelicAntiphonA": "Qui fait la volonté de mon Père entrera dans le Royaume des cieux.",
  "sundayEvangelicAntiphonC": "S’ils n’écoutent pas Moïse ni les prophètes, croiront-ils en celui qui se lève d’entre les morts&nbsp;?",
  "sundayEvangelicAntiphonB": "Qui vous donnera un verre d’eau en mon nom ne restera pas sans récompense.",
  "readingsBiblicalReadingTitle": "Paul rend grâce à Dieu",
  "readingsBiblicalReadingRef": "Ph 1, 1-11",
  "readingsBiblicalReadingContent": "<p>Paul et Timothée, serviteurs du Christ Jésus, à tous ceux qui sont sanctifiés dans le Christ Jésus et habitent à Philippes, ainsi qu’aux responsables et aux ministres de l’Église. À vous, la grâce et la paix de la part de Dieu notre Père et du Seigneur Jésus Christ. Je rends grâce à mon Dieu chaque fois que je fais mémoire de vous. À tout moment, chaque fois que je prie pour vous tous, c’est avec joie que je le fais, à cause de votre communion avec moi, dès le premier jour jusqu’à maintenant, pour l’annonce de l’Évangile. J’en suis persuadé, celui qui a commencé en vous un si beau travail le continuera jusqu’à son achèvement au jour où viendra le Christ Jésus. Il est donc juste que j’aie de telles dispositions à l’égard de vous tous, car je vous porte dans mon cœur, vous qui communiez tous à la grâce qui m’est faite dans mes chaînes comme dans la défense de l’Évangile et son annonce ferme. Oui, Dieu est témoin de ma vive affection pour vous tous dans la tendresse du Christ Jésus. Et, dans ma prière, je demande que votre amour vous fasse progresser de plus en plus dans la pleine connaissance et en toute clairvoyance pour discerner ce qui est important. Ainsi, serez-vous purs et irréprochables pour le jour du Christ, comblés du fruit de la justice qui s’obtient par Jésus Christ, pour la gloire et la louange de Dieu.</p>",
  "readingsBiblicalReadingResponsory": "<p>R/ Seul l’amour porte un fruit de justice<br> pour la gloire de Dieu.</p> <p>Laissez l’amour poursuivre en vous son œuvre<br> jusqu’au jour de Jésus Christ.</p> <p>Ouvrez les yeux à la lumière de l’amour,<br> vous serez purs et sans reproche<br> au jour de Jésus Christ.</p>",
  "readingsPatristicReadingTitle": "De la lettre de Saint Polycarpe aux Philippiens",
  "readingsPatristicReadingSubtitle": "Servir Dieu dans la foi et la charité",
  "readingsPatristicReadingContent": "<p>Polycarpe et les presbytres qui sont avec lui, à l’Église de Dieu qui séjourne comme une étrangère à Philippes&nbsp;: Que la miséricorde et la paix vous soient données en abondance par le Dieu tout-puissant et Jésus Christ notre Sauveur. J’ai pris grande part à votre joie, en notre Seigneur Jésus Christ, quand vous avez reçu les martyrs, images de la véritable charité&nbsp;; quand vous avez escorté, comme vous deviez le faire, ces hommes qui étaient captifs de chaînes dignes des saints, chaînes qui sont des diadèmes pour ceux qui ont été vraiment choisis par Dieu et notre Seigneur. Et je me suis réjoui de ce que la racine vigoureuse de votre foi, réputée depuis les temps anciens, persiste jusqu’à maintenant et porte des fruits en notre Seigneur Jésus Christ&nbsp;; lui qui a enduré pour nos péchés d’aller au-devant de la mort&nbsp;; lui <i>que Dieu a ressuscité en mettant fin aux douleurs de la mort </i>; lui <i>en qui vous croyez, sans le voir encore, avec une joie inexprimable qui vous transfigure,</i> cette joie à laquelle beaucoup désirent parvenir car vous savez que <i>c’est par grâce que vous êtes sauvés, non pas par vos œuvres</i>, mais en vertu du bon vouloir de Dieu, par Jésus Christ. Aussi <i>préparez-vous à l’action</i> et <i>servez Dieu avec crainte</i> et en vérité&nbsp;; laissez de côté le vain bavardage et l’erreur de la foule&nbsp;; <i>croyez en celui qui a ressuscité d’entre les morts notre Seigneur Jésus Christ et lui a donné la gloire</i> et un trône à sa droite.&nbsp;À lui tout est soumis, au ciel et sur la terre&nbsp;; tout ce qui respire lui rend un culte, il viendra <i>juger les vivants et les morts</i>, et Dieu demandera compte de son sang à ceux qui refusent de croire en lui. <i>Celui qui l’a ressuscité d’entre les morts nous ressuscitera aussi</i>, si nous faisons sa volonté. Si nous suivons ses commandements et si nous aimons ce qu’il a aimé&nbsp;—&nbsp;en nous abstenant de toute injustice, cupidité, amour de l’argent, médisance et faux témoignage&nbsp;—&nbsp;en <i>ne rendant pas le mal pour le mal, l’insulte pour l’insulte</i>, coup pour coup, ni malédiction pour malédiction&nbsp;; en nous souvenant de l’enseignement du Seigneur qui a dit&nbsp;: <i>Ne jugez pas, pour ne pas être jugés&nbsp;; pardonnez, et vous serez pardonnés&nbsp;; faites miséricorde pour recevoir miséricorde&nbsp;; la mesure dont vous mesurerez servira aussi pour vous </i>; et encore&nbsp;: <i>Bienheureux les pauvres et ceux qui sont persécutés pour la justice, car le royaume de Dieu est à eux.</i></p>",
  "readingsPatristicReadingResponsory": "<p>R/ Jésus, le Seigneur, est venu<br> pour que nous ayons la vie.</p> <p>Si tu reviens au Seigneur ton Dieu de tout ton cœur,<br> il te rassemblera à nouveau du milieu des peuples.</p> <p>Serais-tu égaré à l’extrémité des cieux,<br> même là le Seigneur ton Dieu viendra te prendre.</p> <p>Je te propose aujourd’hui la vie ou la mort&nbsp;:<br> choisis la vie, en aimant le Seigneur ton Dieu.</p>",
  "readingsOration": "Dieu, qui donnes la preuve suprême de ta puissance lorsque tu patientes et prends pitié, sans te lasser, accorde-nous ta grâce&nbsp;: en nous hâtant vers les biens que tu promets, nous parviendrons au bonheur du ciel."
}