{
  "invitatoryAntiphon": "Adorons le Seigneur, c’est lui qui nous a faits.",
  "sundayEvangelicAntiphonB": "Si quelqu’un veut être le premier, qu’il soit le serviteur de tous.",
  "sundayEvangelicAntiphonC": "Vous ne pouvez servir deux maîtres&nbsp;: Dieu et l’argent.",
  "sundayEvangelicAntiphonA": "Allez, vous aussi, à ma vigne&nbsp;: je vous donnerai ce qui est juste.",
  "readingsBiblicalReadingTitle": "« J’en ferai une seule nation »",
  "readingsBiblicalReadingRef": "Ez 37, 1-14",
  "readingsBiblicalReadingContent": "<p>La main du SEIGNEUR se posa sur moi, par son esprit il m’emporta et me déposa au milieu d’une vallée&nbsp;; elle était pleine d’ossements. Il me fit circuler parmi eux&nbsp;; le sol de la vallée en était couvert, et ils étaient tout à fait desséchés. Alors le SEIGNEUR me dit&nbsp;: «&nbsp;Fils d’homme, ces ossements peuvent-ils revivre&nbsp;?&nbsp;» Je lui répondis&nbsp;: «&nbsp;Seigneur DIEU, c’est toi qui le sais&nbsp;!&nbsp;» Il me dit alors&nbsp;: «&nbsp;Prophétise sur ces ossements. Tu leur diras&nbsp;: Ossements desséchés, écoutez la parole du SEIGNEUR&nbsp;: Ainsi parle le Seigneur DIEU à ces ossements&nbsp;: Je vais faire entrer en vous l’esprit, et vous vivrez. Je vais mettre sur vous des nerfs, vous couvrir de chair, et vous revêtir de peau&nbsp;; je vous donnerai l’esprit, et vous vivrez. Alors vous saurez que Je suis le SEIGNEUR.&nbsp;» Je prophétisai, comme j’en avais reçu l’ordre. Pendant que je prophétisais, il y eut un bruit, puis une violente secousse, et les ossements se rapprochèrent les uns des autres. Je vis qu’ils se couvraient de nerfs, la chair repoussait, la peau les recouvrait, mais il n’y avait pas d’esprit en eux. Le SEIGNEUR me dit alors&nbsp;: «&nbsp;Adresse une prophétie à l’esprit, prophétise, fils d’homme. Dis à l’esprit&nbsp;: Ainsi parle le Seigneur DIEU&nbsp;: Viens des quatre vents, esprit&nbsp;! Souffle sur ces morts, et qu’ils vivent&nbsp;!&nbsp;» Je prophétisai, comme il m’en avait donné l’ordre, et l’esprit entra en eux&nbsp;; ils revinrent à la vie, et ils se dressèrent sur leurs pieds&nbsp;: c’était une armée immense&nbsp;! Puis le SEIGNEUR me dit&nbsp;: «&nbsp;Fils d’homme, ces ossements, c’est toute la maison d’Israël. Car ils disent&nbsp;: “Nos ossements sont desséchés, notre espérance est détruite, nous sommes perdus&nbsp;!” C’est pourquoi, prophétise. Tu leur diras&nbsp;: Ainsi parle le Seigneur DIEU&nbsp;: Je vais ouvrir vos tombeaux et je vous en ferai remonter, ô mon peuple, et je vous ramènerai sur la terre d’Israël. Vous saurez que Je suis le SEIGNEUR, quand j’ouvrirai vos tombeaux et vous en ferai remonter, ô mon peuple&nbsp;! Je mettrai en vous mon esprit, et vous vivrez&nbsp;; je vous donnerai le repos sur votre terre. Alors vous saurez que Je suis le SEIGNEUR&nbsp;: j’ai parlé et je le ferai —&nbsp;oracle du SEIGNEUR.&nbsp;»</p>",
  "readingsBiblicalReadingResponsory": "<p>R/ Jésus, tu es la résurrection et la vie,<br> tu as détruit la mort.</p> <p>Vous saurez que je suis le Seigneur<br> lorsque j’ouvrirai vos tombeaux.</p> <p>Je vous ferai remonter du tombeau,<br> je vous ramènerai sur votre terre.</p> <p>Je mettrai en vous mon Esprit, et vous vivrez&nbsp;;<br> Moi, le Seigneur, j’ai dit, et j’accomplis.</p>",
  "readingsPatristicReadingTitle": "Sermon de Saint Augustin sur les pasteurs",
  "readingsPatristicReadingSubtitle": "«&nbsp;Faites ce qu’ils disent, ne faites pas ce qu’ils font&nbsp;»",
  "readingsPatristicReadingContent": "<p><i>À cause de tout cela, bergers, écoutez la parole du Seigneur</i>. Que devez-vous écouter&nbsp;? <i>Parole du Seigneur Dieu. J’interviens contre les bergers, je leur reprendrai mon troupeau.</i> Écoutez et apprenez, brebis de Dieu&nbsp;: Dieu reprend ses brebis aux mauvais pasteurs. Dieu les retire de la mort en les arrachant à leurs mains. En effet, il dit dans un autre passage du même Prophète&nbsp;:<i> Fils d’homme, je fais de toi mon guetteur pour la maison d’Israël. Lorsque tu entendras une parole de ma bouche, tu les avertiras de ma part. Si je dis au méchant&nbsp;: «&nbsp;Tu vas mourir&nbsp;», et que tu ne l’avertisses pas, si tu ne lui dis pas d’abandonner sa conduite mauvaise, lui, le méchant mourra de son péché, mais à toi, je demanderai compte de son sang. Au contraire, si tu avertis le méchant et qu’il ne se détourne pas de sa méchanceté et de sa conduite mauvaise, lui mourra de son péché, mais toi, tu auras sauvé ta vie</i>. Qu’est-ce que cela, mes frères&nbsp;? Voyez-vous combien il est dangereux de se taire&nbsp;? Cet homme meurt, et il est juste qu’il meure&nbsp;; il meurt dans son impiété et son péché&nbsp;; car c’est la négligence de son pasteur qui le tue. Car il aurait pu trouver un pasteur vivant, Dieu qui dit&nbsp;: <i>Je suis vivant</i>, <i>parole du Seigneur</i>. Mais parce qu’il a été négligent en ne donnant pas d’avertissement, lui qui est supérieur et guetteur pour avertir, il meurt selon la justice, et l’autre sera condamné selon la justice. Mais si tu dis, d’après notre texte&nbsp;: <i>Tu vas mourir</i>, à celui que je menacerai de l’épée&nbsp;; s’il néglige d’éviter l’épée suspendue sur lui&nbsp;; enfin si l’épée s’abat et le tue, il mourra dans son péché, et toi, tu auras sauvé ta vie. C’est pourquoi nous ne devons pas nous taire&nbsp;; quant à vous, même si nous nous taisons, vous devez écouter, grâce à la sainte Écriture, ce que dit le Pasteur. Venons donc à la question que j’avais posée&nbsp;: Est-ce qu’il retire les brebis aux mauvais pasteurs pour les donner aux bons pasteurs&nbsp;? Je constate qu’il retire les brebis aux mauvais pasteurs&nbsp;: <i>Voici que j’interviens contre les bergers, je leur reprendrai mes brebis, je les empêcherai de les conduire, et ainsi ils ne seront plus bergers</i>. En effet, j’avais dit&nbsp;: Qu’ils soient les bergers de mes brebis. Mais puisqu’ils sont bergers d’eux-mêmes, et non de mes brebis, <i>je leur reprendrai mes brebis</i>. Comment leur reprend-il ses brebis, pour qu’ils n’en soient plus les bergers&nbsp;? <i>Faites ce qu’ils disent&nbsp;; mais ne faites pas ce qu’ils font.</i> C’est comme si le Seigneur disait&nbsp;: «&nbsp;C’est pour moi qu’ils parlent&nbsp;; c’est pour eux qu’ils agissent.&nbsp;» ~ Quand vous ne faites pas ce qu’ils font, ils ne sont pas vos pasteurs. Quand vous faites ce qu’ils disent, c’est moi qui suis votre Pasteur.</p>",
  "readingsPatristicReadingResponsory": "<p>R/ Jésus, tu es venu<br> pour que les brebis aient la vie,<br> la vie en abondance.</p> <p>Parole du Seigneur&nbsp;:<br> J’aurai soin moi-même de mon troupeau<br> et je le passerai en revue.</p> <p>Je chercherai la brebis perdue,<br> avec justice je ferai paître mon troupeau.</p> <p>Je les rassemblerai des pays étrangers<br> et les ramènerai sur leur terre.</p>",
  "readingsOration": "Dieu tout-puissant, force de ceux qui espèrent en toi, sois favorable à nos appels&nbsp;: puisque l’homme est fragile et que sans toi il ne peut rien, donne-nous toujours le secours de ta grâce&nbsp;; ainsi nous pourrons, en observant tes commandements, vouloir et agir de manière à répondre à ton amour."
}