{
  "invitatoryAntiphon": "Venez, adorons le Maître du monde.",
  "morningHymn": [
    "qui-donc-est-dieu-pour-nous-aimer-ainsi"
  ],
  "morningPsalm1Antiphon": "Mes yeux devancent l’aurore, car j’espère en ta parole, Seigneur.",
  "morningEvangelicAntiphon": "Béni soit Dieu&nbsp;: son amour s’est montré le plus fort.",
  "morningPsalm2Antiphon": "Donne-moi la Sagesse, assise près de toi.",
  "morningPsalm2Antiphon2": "À ceux qui prient, le Père donne son Esprit.",
  "morningPsalm3Antiphon": "Alléluia.",
  "morningReadingRef": "Ph 2, 14-15",
  "morningReading": "Faites tout sans récriminer et sans discuter&nbsp;; ainsi vous serez irréprochables et purs, vous qui êtes des enfants de Dieu sans tache au milieu d’une génération égarée et pervertie, où vous brillez comme les astres dans l’univers.",
  "morningIntercession": "<p>Bénissons le Seigneur, en mémoire de son humble servante&nbsp;:</p> <p>R/ Béni soit Dieu&nbsp;!</p> <p>Seigneur Jésus, annoncé par les prophètes,<br> tu es né d’une Vierge.<br> —&nbsp;En mémoire de Marie à Bethléem,</p> <p>À la prière de ta mère,<br> tu as changé l’eau en vin.<br> —&nbsp;En mémoire de Marie à Cana,</p> <p>À l’heure de ta mort,<br> tu nous as confié ta mère.&nbsp;<br> —&nbsp;En mémoire de Marie au pied de la croix,</p> <p>Quand l’Esprit descendit sur les Apôtres,<br> ta mère priait au milieu d’eux.&nbsp;<br> —&nbsp;En mémoire de Marie au Cénacle,</p> ",
  "morningResponsory": "<p>R/ Ta parole est la lumière de mes pas,<br>  * Je n’oublie rien de ta loi.<br> V/ À tout instant j’expose ma vie.  * <br> Gloire au Père et au Fils et au Saint-Esprit.&nbsp;R/ </p>",
  "morningOration": "Sois attentif, Seigneur, à la louange et à la prière que nous te présentons aujourd’hui en faisant mémoire de la Vierge Marie&nbsp;: rends-nous capables d’accueillir comme elle le mystère de notre rédemption.",
  "readingHymn": "le-seigneur-passe",
  "readingsPsalm1Antiphon": "Qu’ils rendent grâce au Seigneur de son amour, de ses merveilles pour les hommes.",
  "readingsPsalm2Antiphon": "Qu’ils rendent grâce au Seigneur de son amour, de ses merveilles pour les hommes.",
  "readingsPsalm3Antiphon": "Qu’ils rendent grâce au Seigneur de son amour, de ses merveilles pour les hommes.",
  "readingsVerse": "<p>V/ Ta justice est pareille aux plus hautes montagnes,<br>tes jugements aux plus profonds abîmes.</p>",
  "readingsBiblicalReadingTitle": "La mort de Moïse",
  "readingsBiblicalReadingRef": "Dt 32, 48-52; 34, 1-12",
  "readingsBiblicalReadingContent": "<p>En ce jour même, le SEIGNEUR parla à Moïse. Il dit&nbsp;: «&nbsp;Monte sur cette montagne de la chaîne des Abarim, sur le mont Nébo, au pays de Moab en face de Jéricho, et regarde le pays de Canaan que je donne en propriété aux fils d’Israël. Puis, tu mourras sur la montagne où tu seras monté, et tu seras réuni aux tiens, comme ton frère Aaron est mort sur la montagne de Hor et a été réuni aux siens. Puisque vous m’avez été infidèles parmi les fils d’Israël, aux eaux de Mériba de Cadès dans le désert de Cine, puisque vous avez méconnu ma sainteté au milieu des fils d’Israël, c’est donc de la montagne d’en face que tu verras le pays, mais tu n’y entreras pas, dans ce pays que je donne aux fils d’Israël.&nbsp;» Moïse monta des steppes de Moab au mont Nébo, au sommet du Pisga, qui est en face de Jéricho. Le SEIGNEUR lui fit voir tout le pays&nbsp;: Galaad jusqu’à Dane, tout Nephtali, le pays d’Éphraïm et de Manassé, tout le pays de Juda jusqu’à la Méditerranée, le Néguev, la région du Jourdain, la vallée de Jéricho ville des Palmiers, jusqu’à Soar. Le SEIGNEUR lui dit&nbsp;: «&nbsp;Ce pays que tu vois, j’ai juré à Abraham, à Isaac et à Jacob de le donner à leur descendance. Je te le fais voir, mais tu n’y entreras pas.&nbsp;» Moïse, le serviteur du SEIGNEUR, mourut là, au pays de Moab, selon la parole du SEIGNEUR. On l’enterra dans la vallée qui est en face de Beth-Péor, au pays de Moab. Mais aujourd’hui encore, personne ne sait où se trouve son tombeau. Moïse avait cent vingt ans quand il mourut&nbsp;; sa vue n’avait pas baissé, sa vitalité n’avait pas diminué. Les fils d’Israël pleurèrent Moïse dans les steppes de Moab, pendant trente jours. C’est alors que s’achevèrent les jours du deuil de Moïse. Josué, fils de Noun, était rempli de l’esprit de sagesse, parce que Moïse lui avait imposé les mains. Les fils d’Israël lui obéirent, ils firent ce que le SEIGNEUR avait prescrit à Moïse. Il ne s’est plus levé en Israël un prophète comme Moïse, lui que le SEIGNEUR rencontrait face à face. Que de signes et de prodiges le SEIGNEUR l’avait envoyé accomplir en Égypte, devant Pharaon, tous ses serviteurs et tout son pays&nbsp;! Avec quelle main puissante, quel pouvoir redoutable, Moïse avait agi aux yeux de tout Israël&nbsp;!</p>",
  "readingsBiblicalReadingResponsory": "<p>R/ Je te rends grâce, Seigneur,<br> pour ton amour et ta vérité,<br> pour ta promesse qui te grandit encore.</p> <p>Maintenant, tu peux laisser ton serviteur<br> s’en aller en paix selon ta promesse.</p> <p>La loi a été donnée par Moïse&nbsp;;<br> la grâce et la vérité sont venues par Jésus Christ.</p>",
  "readingsPatristicReadingSubtitle": "«&nbsp;Par sa mort, il a vaincu la mort&nbsp;»",
  "readingsPatristicReadingContent": "<p>En face de la mort, l’énigme de la condition humaine prend toute sa profondeur. L’homme n’est pas seulement tourmenté par la souffrance, par la déchéance progressive de son corps, mais plus encore par la peur d’une destruction définitive. Il juge par une juste inspiration de son cœur lorsqu’il déteste et refuse cette ruine totale, cet échec définitif de sa personne. Le germe d’éternité qu’il porte en lui, irréductible à la seule matière, s’insurge contre la mort. Toutes les entreprises de la technique, si utiles qu’elles soient, sont impuissantes à calmer son anxiété&nbsp;: car le prolongement de la vie que la biologie lui procure ne peut satisfaire ce désir d’une vie ultérieure, invinciblement ancré dans son cœur. Mais alors que toute imagination est impuissante en face de la mort, l’Église, instruite par la Révélation divine, affirme que Dieu a créé l’homme en vue d’une fin bienheureuse, au-delà des misères du temps présent. De plus, la foi chrétienne enseigne que cette mort corporelle, à laquelle l’homme aurait été soustrait s’il n’avait pas péché, sera vaincue lorsque le salut, perdu par la faute de l’homme, lui sera rendu par son tout-puissant et miséricordieux Sauveur. Car Dieu a appelé l’homme et l’appelle toujours à adhérer à lui de tout son être, dans une communion éternelle à la vie divine qui ne peut se dissoudre. Cette victoire, le Christ l’a acquise lorsqu’il est ressuscité, parce qu’il libérait l’homme de la mort par sa propre mort. À partir des titres sérieux qu’elle offre à la réflexion de tout homme, la foi lui offre une réponse à son interrogation angoissée sur son propre avenir. Elle nous offre en même temps la possibilité de communier dans le Christ avec nos frères bien-aimés qui sont déjà morts, en nous donnant l’espérance qu’ils ont trouvé près de Dieu la véritable vie. ~ Certes, la nécessité et le devoir s’imposent au chrétien de lutter contre le mal en supportant de nombreuses épreuves, et de subir la mort. Mais, associé au mystère pascal, devenant conforme au Christ dans la mort, fortifié par espérance, il ira au-devant de la résurrection. Et cela ne vaut pas seulement pour ceux qui croient au Christ, mais bien pour tous les hommes de bonne volonté, dans le cœur desquels, invisiblement, la grâce est à l’œuvre. En effet, puisque le Christ est mort pour tous et toute la vocation dernière de l’homme est réellement unique, c’est-à-dire divine, nous devons soutenir que l’Esprit Saint offre à tous, d’une façon que Dieu connaît, la possibilité d’être associés au mystère pascal. Telle est la qualité et la grandeur du mystère de l’homme, ce mystère que la Révélation chrétienne éclaire pour les yeux des croyants. C’est donc par le Christ et dans le Christ qu’elle devient lumineuse, cette énigme de la douleur et de la mort qui, hors de son Évangile, nous accable. Le Christ est ressuscité&nbsp;; par sa mort, il a vaincu la mort, et il nous a donné la vie en abondance pour que, devenus fils dans le Fils, nous puissions nous écrier dans l’Esprit&nbsp;: <i>Abba, Père&nbsp;!</i></p>",
  "readingsPatristicReadingResponsory": "<p>R/ Ta rosée, Seigneur, est une rosée de lumière&nbsp;;<br> la terre donnera aux ombres la vie.</p> <p>Dans le chemin de tes jugements, nous t’espérions.<br> Ton nom et ta mémoire sont le désir de l’âme.</p> <p>Les morts vont entendre la voix du Fils de Dieu,<br> ceux qui l’auront entendue vivront&nbsp;!</p>",
  "readingsOration": "Assiste tes enfants, Seigneur, et montre à ceux qui t’implorent ton inépuisable bonté&nbsp;; c’est leur fierté de t’avoir pour Créateur et Providence&nbsp;: restaure pour eux ta création, et l’ayant renouvelée, protège-là.",
  "middleOfDayPsalm1Antiphon": "Je suis ton serviteur&nbsp;: éclaire-moi&nbsp;!",
  "middleOfDayPsalm2Antiphon": "Qui regarde vers lui resplendira&nbsp;: sur son visage, plus d’amertume.",
  "middleOfDayPsalm3Antiphon": "Du cœur abattu, le Seigneur est proche.",
  "middleOfDayTierceReadingRef": "1 S 15, 22",
  "middleOfDayTierceReadingContent": "<p>Est-ce que le Seigneur aime les holocaustes et les sacrifices autant que l’obéissance à sa parole&nbsp;? Oui, l’obéissance vaut mieux que le sacrifice, la docilité vaut mieux que la graisse des béliers.</p>",
  "middleOfDayNoneReadingRef": "Mi 6, 8",
  "middleOfDayNoneReadingContent": "<p>Homme, le Seigneur t’a fait savoir ce qui est bien, ce qu’il réclame de toi&nbsp;: rien d’autre que pratiquer la justice, aimer la miséricorde, et marcher humblement avec ton Dieu.</p>",
  "middleOfDaySexteReadingRef": "Ga 5, 26; 6, 2",
  "middleOfDaySexteReadingContent": "<p>Ne soyons pas vaniteux&nbsp;; entre nous, pas de provocations&nbsp;; entre nous, pas d’envie. Portez les fardeaux les uns des autres&nbsp;; accomplissez ainsi la loi du Christ.</p>",
  "middleOfDayNoneResponsory": "<p>V/ Je trouve en tes commandements mon plaisir,<br>— Seigneur, je n’oublie pas ta parole.</p>",
  "middleOfDayTierceResponsory": "<p>V/ Qui offre le sacrifice d’action de grâce,<br>—  celui-là te rend gloire, Seigneur.</p>",
  "middleOfDaySexteResponsory": "<p>V/ Qu’il est bon, qu’il est doux pour des frères,<br>— de vivre ensemble et d’être unis.</p>",
  "middleOfDaySexteOration": "Seigneur, foyer brûlant de charité, accorde-nous une telle ferveur que nous soyons capables de t’aimer plus que tout et d’aimer nos frères à cause de toi. Par Jésus, le Christ, notre Seigneur. Amen.",
  "middleOfDayTierceOration": "Seigneur Dieu, Père tout-puissant, donne à tes serviteurs les lumières de l’Esprit Saint&nbsp;; sans rien craindre de l’adversaire, qu’ils trouvent leur joie à te louer. Par Jésus, le Christ, notre Seigneur. Amen.",
  "middleOfDayNoneOration": "Écoute-nous, Seigneur, et accorde-nous la paix profonde que nous te demandons. Ainsi, en te cherchant tous les jours de notre vie, et soutenus par la prière de la Vierge Marie, nous parviendrons sans encombre jusqu’à toi.",
  "morningPsalm1": "PSALM_118_19",
  "morningPsalm2": "AT_10",
  "morningPsalm3": "PSALM_116",
  "readingsPsalm1": "PSALM_106_1",
  "readingsPsalm2": "PSALM_106_2",
  "readingsPsalm3": "PSALM_106_3",
  "middleOfDayPsalm1": "PSALM_118_16",
  "middleOfDayPsalm2": "PSALM_33_1",
  "middleOfDayPsalm3": "PSALM_33_2"
}