{
  "invitatoryAntiphon": "Écoutons la voix de notre Dieu, entrons dans le repos qu’il a promis.",
  "readingsBiblicalReadingTitle": "Rester ferme dans l’espérance",
  "readingsBiblicalReadingRef": "Jude 1, 1-8.12-13.17-25",
  "readingsBiblicalReadingContent": "<p>Jude, serviteur de Jésus Christ et frère de Jacques, aux appelés qui sont aimés de Dieu le Père et gardés pour Jésus Christ&nbsp;: que la miséricorde, la paix et l’amour vous soient accordés en abondance. Bien-aimés, j’avais la ferme intention de vous écrire au sujet du salut qui nous est commun&nbsp;; or me voici dans l’obligation de le faire pour vous exhorter à combattre pour la foi qui a été transmise aux fidèles une fois pour toutes. Car il s’est infiltré parmi vous des individus, qui sont marqués depuis longtemps en vue de ce jugement, des impies qui tournent la grâce de notre Dieu en prétexte à la débauche, et qui renient notre seul maître et Seigneur, Jésus Christ. Bien que vous sachiez déjà tout cela, je veux néanmoins vous le rappeler&nbsp;: le Seigneur, qui avait sauvé une fois pour toutes son peuple en le faisant sortir du pays d’Égypte, a pourtant supprimé ensuite ceux qui ont refusé de croire&nbsp;; quant aux anges qui n’ont pas gardé la dignité de leur rang, mais ont quitté la demeure qui était la leur, le Seigneur les maintient enchaînés à perpétuité dans les ténèbres en vue du jugement du grand jour&nbsp;; il en va de même pour Sodome et Gomorrhe et les villes d’alentour&nbsp;: elles s’étaient livrées à la prostitution d’une manière semblable à ces anges-là et elles étaient allées avec des êtres d’une autre nature&nbsp;; elles sont soumises pour l’exemple au châtiment du feu éternel. Et pourtant, ces coureurs de songes font la même chose&nbsp;: ils souillent la chair, ils méprisent la seigneurie de Dieu, ils outragent les anges appelés «&nbsp;Gloires&nbsp;». Ces individus sont une souillure pour vos repas fraternels, ils font bombance sans pudeur, ils ne se préoccupent que d’eux-mêmes&nbsp;: nuages sans eau emportés par le vent&nbsp;; arbres de fin d’automne sans fruits, deux fois morts, déracinés&nbsp;; flots sauvages de la mer, crachant l’écume de leur propre honte&nbsp;; astres errants, pour lesquels est réservée à jamais l’obscurité des ténèbres. Mais vous, bien-aimés, souvenez-vous des paroles dites à l’avance par les Apôtres de notre Seigneur Jésus Christ. Ils vous disaient en effet qu’aux derniers temps, il y aura des moqueurs qui iront au gré de leurs convoitises impies. Ce sont des fauteurs de divisions, menés par l’instinct, ils ne possèdent pas l’Esprit. Mais vous, bien-aimés, construisez votre vie sur votre foi très sainte, priez dans l’Esprit Saint, gardez-vous dans l’amour de Dieu, attendant la miséricorde de notre Seigneur Jésus Christ en vue de la vie éternelle. Ceux qui sont hésitants, prenez-les en pitié ; d’autres, sauvez-les en les arrachant au feu&nbsp;; d’autres enfin, prenez-les aussi en pitié, mais avec crainte, en détestant jusqu’au vêtement souillé par leur chair. À Celui qui peut vous préserver de la chute et vous faire tenir debout, irréprochables et pleins d’allégresse, en présence de sa gloire, au Dieu unique, notre Sauveur, par notre Seigneur Jésus Christ, gloire, majesté, souveraineté, pouvoir, avant tous les siècles, maintenant et pour tous les siècles. Amen.</p>",
  "readingsBiblicalReadingResponsory": "<p>R/ Reste avec nous tous les jours, Seigneur Jésus,<br> selon ta promesse.</p> <p>Gardez-vous dans la charité de Dieu,<br> prêts à recevoir sa miséricorde<br> pour la vie éternelle.</p> <p>Gloire et majesté<br> au Dieu qui peut vous garder de la chute<br> et vous recevoir dans l’allégresse&nbsp;!</p>",
  "readingsPatristicReadingTitle": "SERMON DE SAINT AUGUSTIN POUR LE TEMPS PASCAL",
  "readingsPatristicReadingSubtitle": "L’Alléluia des soucis et celui du repos",
  "readingsPatristicReadingContent": "<p>Chantons ici-bas l’Alléluia au milieu de nos soucis, afin de pouvoir le chanter un jour dans la paix. Pourquoi ici-bas au milieu des soucis&nbsp;? Tu ne veux pas que je sois soucieux quand je lis cette parole&nbsp;: <i>Vraiment, la vie de l’homme sur la terre n’est qu’une tentation&nbsp;?</i> Tu ne veux pas que je sois soucieux quand on me dit encore&nbsp;: <i>Veillez pour ne pas entrer en tentation&nbsp;?</i> Tu ne veux pas que je sois soucieux alors que la tentation est si fréquente qu’on nous a imposé de dire dans la prière&nbsp;: <i>Remets-nous nos dettes, comme nous les remettons aussi à nos débiteurs&nbsp;?</i> On prie tous les jours parce qu’on fait des dettes tous les jours. Tu veux que je sois en paix, alors que chaque jour je demande pardon pour mes péchés, que je demande secours dans les dangers&nbsp;? Lorsque j’ai dit pour mes péchés passés&nbsp;:<i> Remets-nous nos dettes, comme nous les remettons aussi à nos débiteurs, </i>j’ajoute aussitôt, à cause des dangers à venir&nbsp;: <i>Ne nous soumets pas à la tentation</i>. Et comment le peuple est-il dans le bonheur, quand il crie avec moi&nbsp;: <i>Délivre-nous du mal&nbsp;?</i> Et pourtant, mes frères, alors que nous sommes encore plongés dans ce mal, chantons Alléluia au Dieu bon qui nous délivre du mal. ~ Même ici-bas, au milieu des dangers, au milieu des tentations, nous-mêmes et les autres, chantons Alléluia. <i>Dieu est fidèle</i>, dit saint Paul. <i>Il ne permettra pas que vous soyez tentés au-dessus de vos forces</i>. Il ne dit pas&nbsp;: Dieu ne permettra pas que vous soyez tentés, mais&nbsp;: <i>Il ne permettra pas que vous soyez tentés au-dessus de vos forces. Avec la tentation, il vous donnera le moyen d’en sortir et la force de la supporter</i>. Tu es entré en tentation&nbsp;; mais Dieu te donnera le moyen d’en sortir, pour que tu ne périsses pas dans la tentation. Comme le vase du potier, tu es modelé par la prédication et durci au feu par la tentation. Mais quand tu y entres, songe au moyen d’en sortir&nbsp;; car Dieu est fidèle&nbsp;:<i> Il gardera ton entrée et ta sortie.</i> Mais ce corps sera rendu immortel et incorruptible, lorsque toute tentation aura disparu. Car, dit saint Paul, <i>le corps est voué à la mort.</i> Pourquoi&nbsp;?&nbsp;<i>À cause du péché. Mais l’esprit est votre vie</i>. Pourquoi&nbsp;? <i>Parce que vous êtes devenus des justes</i>. C’est donc que nous abandonnons ce corps voué à la mort&nbsp;? Mais non. Écoute la suite&nbsp;: <i>Si l’Esprit de celui qui a ressuscité le Christ d’entre les morts habite en vous, celui qui a ressuscité le Christ d’entre les morts donnera aussi la vie à vos corps mortels</i>. En effet, le corps, aujourd’hui animal, alors sera spirituel. ~ Heureux, alors, l’Alléluia&nbsp;! Vie paisible, sans adversaire&nbsp;! Là, il n’y a plus aucun ennemi, et on ne perd aucun ami. Là-haut, louange à Dieu, et ici-bas, louange à Dieu. Mais ici au milieu des soucis, et là dans la paix. Ici par des hommes destinés à mourir, là par ceux qui vivront toujours&nbsp;: ici en espérance, là en réalité&nbsp;; ici sur le chemin, là dans la patrie. Chantons donc, maintenant, mes frères, non pour agrémenter notre repos, mais pour alléger notre travail. C’est ainsi que chantent les voyageurs&nbsp;: chante, mais marche. Soutiens ton effort par le chant, n’aime pas la paresse&nbsp;; chante et marche. Qu’est-ce que cela veut dire&nbsp;: marche&nbsp;? Progresse, progresse dans le bien. Car, selon l’Apôtre, il en est qui progresse de mal en pis. Toi, si tu progresse, c’est que tu marches&nbsp;; mais progresse dans le bien, progresse dans la vraie foi, progresse dans la bonne conduite. Chante et marche. ~</p>",
  "readingsPatristicReadingResponsory": "<p>R/ Ton Dieu sera ta beauté,<br> ta lumière éternelle&nbsp;!</p> <p>Jérusalem, tes portes seront de cristal,<br> et tes murs, de rubis,<br> et l’on chantera sur tes places&nbsp;:<br> Alléluia, Alléluia&nbsp;!</p> <p>Ta splendeur illuminera<br> toutes les contrées de la terre&nbsp;;<br> les peuples viendront de loin<br> adorer le Seigneur dans tes murs.</p>",
  "readingsOration": "Réveille, Seigneur, le courage de tes fidèles&nbsp;: qu’ils soient plus ardents à profiter de tes grâces, pour obtenir de toi de plus puissants secours."
}