{
  "invitatoryAntiphon": "Béni sois-tu, Seigneur, Dieu de tendresse et d’amour.",
  "sundayEvangelicAntiphonA": "Tu aimeras ton Dieu de tout ton cœur&nbsp;; tu aimeras ton frère comme toi-même.",
  "sundayEvangelicAntiphonB": "Au bord du chemin, l’aveugle criait&nbsp;: «&nbsp;Fils de David, prends pitié de moi&nbsp;!&nbsp;»",
  "sundayEvangelicAntiphonC": "Qui s’élève sera abaissé, qui s’abaisse sera élevé.",
  "readingsBiblicalReadingTitle": "La sagesse, source de tout bien",
  "readingsBiblicalReadingRef": "Sg 8, 1-21b",
  "readingsBiblicalReadingContent": "<p>Elle déploie sa vigueur d’un bout du monde à l’autre, elle gouverne l’univers avec bonté. C’est elle que j’ai aimée et recherchée depuis ma jeunesse, j’ai cherché à la prendre pour épouse, je suis devenu l’amant de sa beauté. Elle manifeste la gloire de sa propre naissance puisqu’elle partage la vie de Dieu, et que le maître de l’univers lui a donné son amour. Elle est initiée aux mystères de la science de Dieu, c’est elle qui décide de ses œuvres. Si la richesse est un bien désirable en cette vie, qu’y a-t-il de plus riche que la Sagesse, elle qui met en œuvre toutes choses&nbsp;? Si l’intelligence humaine peut accomplir une œuvre, qui, plus que la Sagesse, est l’artisan de l’univers&nbsp;? Veut-on devenir juste&nbsp;? Les labeurs de la Sagesse produisent les vertus&nbsp;: elle enseigne la tempérance et la prudence, la justice et la force d’âme, et rien n’est plus utile aux hommes dans l’existence. Désire-t-on encore profiter de sa grande expérience&nbsp;? Elle connaît le passé et conçoit l’avenir, elle sait le sens caché des paroles et la solution des énigmes&nbsp;; les signes et les prodiges, elle les prévoit, ainsi que les temps et les moments favorables. J’ai donc résolu d’amener la Sagesse à partager ma vie, car je savais qu’elle serait ma conseillère pour bien agir, mon réconfort dans les soucis et la tristesse. Grâce à elle, j’aurai la gloire auprès des foules, et l’honneur auprès des anciens, malgré ma jeunesse. Au tribunal, on reconnaîtra ma perspicacité&nbsp;; devant moi les puissants seront dans l’admiration. Si je me tais, ils attendront&nbsp;; si je parle, ils prêteront l’oreille&nbsp;; si je prolonge mon discours, ils se garderont de m’interrompre. Grâce à la Sagesse, j’aurai l’immortalité, je laisserai à la postérité un souvenir éternel. Je dirigerai des peuples, et des nations me seront soumises. S’ils entendent parler de moi, des souverains redoutables prendront peur. Je montrerai ma valeur dans l’assemblée du peuple, et ma bravoure à la guerre. Quand j’entrerai chez moi, je me reposerai près d’elle, car sa compagnie est sans amertume&nbsp;; partager sa vie ne cause pas de peine, seulement plaisir et joie. J’ai raisonné ainsi en moi-même, j’ai pesé dans mon cœur les réflexions que voici&nbsp;: l’immortalité se trouve dans l’union avec la Sagesse&nbsp;; il y a dans sa tendresse une jouissance supérieure, dans les travaux de ses mains, une richesse inépuisable, dans sa fréquentation assidue, le discernement&nbsp;; et l’on trouve la célébrité en partageant ce qu’elle enseigne&nbsp;; aussi, je la courtisais et cherchais comment la prendre pour épouse. Certes, j’étais un enfant d’une heureuse nature, et j’avais reçu une âme bonne, ou plutôt, étant bon, j’étais venu dans un corps sans souillure&nbsp;; mais je savais que je ne pourrais jamais obtenir la sagesse si Dieu ne me la donnait, et il me fallait déjà du discernement pour savoir de qui viendrait ce bienfait. Je me tournai donc vers le Seigneur et lui fis cette prière, en disant de tout mon cœur&nbsp;:</p>",
  "readingsBiblicalReadingResponsory": "<p>R/ À qui la poursuit, Dieu donne la Sagesse.</p> <p>Si l’un de vous manque de sagesse,<br> qu’il demande à Dieu,<br> car Dieu la donne généreusement.</p> <p>Tout don parfait<br> descend du Père des lumières<br> chez qui n’existe aucun changement.</p>",
  "readingsPatristicReadingTitle": "HOMÉLIE DE BAUDOUIN DE FORD SUR LA LETTRE AUX HÉBREUX",
  "readingsPatristicReadingSubtitle": "«&nbsp;Vivante est la parole de Dieu et efficace&nbsp;».",
  "readingsPatristicReadingContent": "<p><i>Vivante est la parole de Dieu, efficace, et plus acérée qu’une épée à deux tranchants.</i> La puissance et la sagesse que renferme la parole de Dieu se manifestent dans ce passage à ceux qui cherchent le Christ, lui-même&nbsp;: Verbe, puissance et sagesse de Dieu. Le Verbe, de même éternité que le Père, et avec lui dès le principe, s’est révélé aux Apôtres à l’époque fixée par lui. Ensuite les Apôtres l’ont annoncé au monde, et la foi des peuples croyants l’a reçu en toute humilité. Il est donc le Verbe auprès du Père, le Verbe en la bouche des Apôtres, le Verbe en nos cœurs. Et cette parole de Dieu est vivante, puisque le Père lui a donné d’avoir en elle la vie, comme le Père a la vie en lui-même. Aussi n’est-elle pas seulement une parole vivante, mais elle est la vie. C’est ainsi que le Christ se présente lui-même&nbsp;: <i>Je suis le chemin, la vérité et la vie</i>. Puisqu’il est vivant, puisqu’il est la vie elle-même, il est également force de vie&nbsp;: <i>Comme le Père ressuscite les morts et donne la vie, de même le Fils donne la vie à qui il veut.</i> Donateur de vie, il l’est assurément quand il appelle un mort et le fait sortir du tombeau en lui disant&nbsp;: <i>Lazare, vient dehors&nbsp;!</i> Quand on prêche cette Parole, elle donne par cette prédication, à la parole extérieurement audible, la puissance même de sa parole intérieurement perçue. Dès lors, les morts ressuscitent et ce témoignage fait surgir de nouveaux fils d’Abraham. Elle est donc vivante, cette Parole, vivante dans le cœur du Père, vivante sur les lèvres du prédicateur, et vivante dans les cœurs, remplis de foi et d’amour. Et puisque c’est une Parole vivante, nul doute qu’elle ne soit aussi efficace. Elle agit dans la création du monde, dans son gouvernement et dans sa rédemption. Où trouver plus grande efficacité&nbsp;? puissance plus éclatante&nbsp;? <i>Qui dira les merveilles du Seigneur&nbsp;? Qui fera entendre toute sa gloire&nbsp;?</i> L’efficacité de la Parole se manifeste dans ses œuvres, elle se manifeste aussi dans la prédication. Car elle ne revient jamais sans effet, mais elle est source de progrès en toute créature à laquelle elle est envoyée. La Parole est donc efficace, et plus pénétrante qu’une épée à deux tranchants, quand elle est reçue avec foi et amour. En effet, qu’y a-t-il d’impossible pour celui qui croit&nbsp;? Et qu’y a-t-il de rigoureux pour celui qui aime&nbsp;? Quand s’élève la voix du Verbe, elle s’enfonce dans le cœur <i>comme des flèches de combat qui déchirent, comme des clous fichés profondément</i>, et elle pénètre si loin qu’elle atteint le fond le plus secret. Oui, cette Parole pénètre plus loin qu’une épée à deux tranchants, car il n’est pas de puissance ni de force qui puisse porter de coups aussi sensibles, et l’esprit humain ne peut concevoir de pointe aussi subtile et pénétrante. Toute la sagesse humaine, toute la délicatesse du savoir naturel sont loin d’atteindre son acuité.</p>",
  "readingsPatristicReadingResponsory": "<p>R/ Ta parole, Seigneur, est lumière dans la nuit.</p> <p>Vers qui pouvons-nous aller, Seigneur&nbsp;?<br> Toi seul nous conduis au Royaume.</p> <p>Heureux qui suit jusqu’au bout<br> le chemin que tu lui traces.</p> <p>Heureux qui médite en son cœur<br> les voies mystérieuses de l’amour.</p>",
  "readingsOration": "Seigneur, source de tout bien, réponds sans te lasser à notre appel&nbsp;: inspire-nous ce qui est juste, aide-nous à l’accomplir."
}