{
  "invitatoryAntiphon": "Allez vers le Seigneur parmi les chants d’allégresse.",
  "morningHymn": [
    "pere-du-premier-mot"
  ],
  "morningEvangelicAntiphon": "Il est beau de chanter ta louange, Seigneur, toi qui élèves les humbles.",
  "morningPsalm1Antiphon": "Fais que j’entende au matin ton amour, car je compte sur toi.",
  "morningPsalm1Antiphon2": "Me voici devant toi comme une terre assoiffée.",
  "morningPsalm3Antiphon": "Alléluia&nbsp;!",
  "morningPsalm3Antiphon2": "Dieu se plait avec ceux qui le craignent, avec ceux qui espèrent en son amour.",
  "morningPsalm2Antiphon": "Exultez, vous qui aimez Jérusalem&nbsp;; réjouissez-vous de sa joie&nbsp;!",
  "morningPsalm2Antiphon2": "Grâce, miséricorde et paix dans la vérité et dans l’amour.",
  "morningReadingRef": "Rm 8, 18-21",
  "morningReading": "J’estime qu’il n’y a pas de commune mesure entre les souffrances du temps présent et la gloire que Dieu va bientôt révéler en nous. En effet, la création aspire de toutes ses forces à voir cette révélation des fils de Dieu. Car la création a été livrée au pouvoir du néant, non parce qu’elle l’a voulu, mais à cause de celui qui l’a livrée à ce pouvoir. Pourtant, elle a gardé l’espérance d’être, elle aussi, libérée de l’esclavage, de la dégradation inévitable, pour connaître la liberté, la gloire des enfants de Dieu.",
  "morningIntercession": "<p>Prions avec foi le Père tout-puissant,<br> prions Jésus, le Fils unique,<br> prions le Saint Esprit de Dieu.</p> <p>R/ Ô Seigneur, écoute et prends pitié&nbsp;!</p> <p>Pour l’Église immaculée du Dieu vivant,<br> répandue par tout l’univers,<br> invoquons la richesse des grâces divines.</p> <p>Pour les ministres consacrés au Seigneur,<br> pour le peuple qui adore Dieu en vérité,<br> supplions le Christ, notre Seigneur.</p> <p>Pour ceux qui dispensent fidèlement la parole,<br> demandons la sagesse infinie du Verbe de Dieu.</p> <p>Pour les vierges d’esprit et de corps<br> à cause du règne de Dieu,<br> pour ceux qui peinent sur le chemin de la vie parfaite,<br> prions celui qui donne l’Esprit.<br> <p>Pour ceux qui gouvernent les peuples,<br> pour que règnent la justice et le droit,<br> demandons la force de Dieu.</p> <p>Pour l’alternance heureuse des saisons,<br> pour les bienfaits de la pluie et des vents,<br> invoquons le Seigneur qui gouverne le monde.</p> ",
  "morningResponsory": "<p>R/ Je chanterai ta force, ô mon Dieu.<br>  * Au matin, j’acclamerai ton amour.<br> V/ Réveille-toi&nbsp;! Viens à moi, regarde&nbsp;! * <br> V/ Le Dieu de mon amour vient à moi. * <br> Gloire au Père et au Fils et au Saint-Esprit.&nbsp;R/ <br></p>",
  "morningOration": "Donne à ceux qui te prient, Seigneur, l’abondance de ta grâce. Avec ton aide, qu’ils suivent tes commandements pour y trouver dès maintenant leur bonheur, pour en recevoir, dans l’éternité, ta joie.",
  "vespersHymn": [
    "o-pere"
  ],
  "vespersEvangelicAntiphon": "Pour toi je chanterai un chant nouveau, pour toi, mon Dieu&nbsp;!",
  "vespersPsalm1Antiphon": "Béni soit le Seigneur, mon rocher&nbsp;!",
  "vespersPsalm2Antiphon": "Heureux le peuple qui a pour Dieu le Seigneur&nbsp;!",
  "vespersPsalm3Antiphon": "Il a pris possession de son règne, le Seigneur Dieu, Maître de tout&nbsp;!",
  "vespersReadingRef": "Col 1, 23",
  "vespersReading": "Par la foi, tenez, solides et fermes&nbsp;; ne vous laissez pas détourner de l’espérance que vous avez reçue en écoutant l’Évangile proclamé à toute créature sous le ciel.",
  "vespersIntercession": "<p>Prions avec foi le Père tout-puissant,<br> prions Jésus, le Fils unique,<br> prions le Saint Esprit de Dieu.</p> <p>R/ Ô Seigneur, écoute et prends pitié&nbsp;!</p> <p>Pour ceux que le Père attire à son Fils<br> et qui se préparent au baptême,<br> supplions la bonté du Dieu tout-puissant.</p> <p>Pour ceux que retiennent la faiblesse humaine,<br> l’esprit de haine, d’envie et les erreurs du monde,<br> implorons la tendresse du Rédempteur.</p> <p>Pour les absents, pour les prisonniers,<br> pour le faible qu’on opprime, le juste persécuté,<br> supplions Jésus le Sauveur.</p> <p>Pour les chrétiens divisés, pour les fils d’Israël,<br> pour les musulmans, et les hommes de toutes religions,<br> invoquons le Seigneur de vérité.</p> <p>Pour les ouvriers de l’Évangile,<br> pour ceux qui servent leurs frères avec amour,<br> prions le Dieu des miséricordes.</p> <p>Pour le repos des trépassés,<br> invoquons le Seigneur des esprits<br> et le Juge de toute chair.</p> ",
  "vespersResponsory": "<p>R/ Je n’ai de repos qu’en Dieu seul,<br>  *  Mon espoir vient de lui.<br> V/ Lui seul est mon rocher, mon salut.  * <br> Gloire au Père et au Fils et au Saint-Esprit.&nbsp;R/ <br></p>",
  "vespersOration": "Seigneur Dieu, tu nous as donné ton Fils pour qu’il soit avec nous jusqu’à la fin du monde&nbsp;; augmente notre foi pour qu’au milieu des épreuves nous discernions sa présence et son action. Lui qui règne.",
  "sundayEvangelicAntiphonC": "Passant au milieu d’eux, Jésus allait son chemin.",
  "sundayEvangelicAntiphonB": "Dans toute la Galilée, se répandait la renommée du Seigneur.",
  "sundayEvangelicAntiphonA": "Si l’on vous persécute à cause de moi, réjouissez-vous&nbsp;: votre récompense sera grande dans les cieux.",
  "readingHymn": "qu-il-soit-beni-qu-il-vienne",
  "readingsPsalm1Antiphon": "C’est ta droite, Seigneur, qui donne la victoire.",
  "readingsPsalm2Antiphon": "Ne cache pas loin de moi ta face au jour où l’angoisse me tient.",
  "readingsPsalm3Antiphon": "Lève-toi, Seigneur, aide-nous. Ne nous rejette pas jusqu’à la fin.",
  "readingsVerse": "<p>V/ Pour ton serviteur, illumine ta face.<br>Apprends-moi tes volontés.</p>",
  "readingsBiblicalReadingTitle": "Salutation et action de grâce",
  "readingsBiblicalReadingRef": "2Th 1, 1-12",
  "readingsBiblicalReadingContent": "<p>Paul, Silvain et Timothée, à l’Église de Thessalonique qui est en Dieu notre Père et dans le Seigneur Jésus Christ. À vous, la grâce et la paix de la part de Dieu notre Père et du Seigneur Jésus Christ. Frères, à tout moment nous devons rendre grâce à Dieu à votre sujet, et c’est bien de le faire, étant donné les grands progrès de votre foi, et l’amour croissant que tous et chacun, vous avez les uns pour les autres. C’est pourquoi nous-mêmes sommes fiers de vous au milieu des Églises de Dieu, à cause de votre endurance et de votre foi dans toutes les persécutions et les détresses que vous supportez. Il y a là un signe du juste jugement de Dieu&nbsp;; ainsi vous deviendrez dignes de son Royaume pour lequel vous souffrez. C’est justice, en effet, que Dieu rende la détresse à ceux qui vous l’infligent, et qu’il vous accorde, à vous qui subissez la détresse, le soulagement avec nous lorsque, du haut du ciel, le Seigneur Jésus se révélera avec les anges, messagers de sa puissance, dans le feu flamboyant&nbsp;; alors il fera justice contre ceux qui ignorent Dieu et à ceux qui n’obéissent pas à l’Évangile de notre Seigneur Jésus. Ceux-là subiront comme châtiment la ruine éternelle, loin de la face du Seigneur et de la gloire de sa force, quand il viendra en ce jour-là pour être glorifié dans ses saints et admiré en tous ceux qui ont cru&nbsp;; or vous, vous avez cru à notre témoignage. C’est pourquoi nous prions pour vous à tout moment afin que notre Dieu vous trouve dignes de l’appel qu’il vous a adressé&nbsp;; par sa puissance, qu’il vous donne d’accomplir tout le bien que vous désirez, et qu’il rende active votre foi. Ainsi, le nom de notre Seigneur Jésus sera glorifié en vous, et vous en lui, selon la grâce de notre Dieu et du Seigneur Jésus Christ.</p>",
  "readingsBiblicalReadingResponsory": "<p>R/ Le Seigneur est toujours vrai quand il parle,<br> toujours fidèle quand il agit.</p> <p>Le Seigneur viendra<br> pour être glorifié dans ses saints<br> et admiré en tous ceux qui auront cru.</p> <p>Que Dieu vous rende dignes de son appel,<br> que sa puissance mène à bonne fin<br> le labeur de votre foi.</p> <p>Que le nom de notre Seigneur Jésus Christ<br> soit glorifié en vous, et vous en lui,<br> selon la grâce de notre Dieu.</p>",
  "readingsPatristicReadingTitle": "CATÉCHÉSE BAPTISMALE DE SAINT CYRILLE DE JERUSALEM",
  "readingsPatristicReadingSubtitle": "«&nbsp;Par la Croix, la joie est venue dans le monde&nbsp;»",
  "readingsPatristicReadingContent": "<p>Toute action du Christ glorifie l’Église&nbsp;; mais la gloire des gloires, c’est la Croix. Dans cette conviction, Paul a dit&nbsp;: <i>Que je ne me glorifie jamais, sinon dans la croix du Christ.</i> Ce fut déjà une chose étonnante que l’aveugle de naissance retrouvât la vue à Siloé&nbsp;; mais qu’est-ce que cela faisait à tous les aveugles du monde&nbsp;? Ce fut quelque chose de grand et qui dépassait la nature, que la résurrection de Lazare au bout de quatre jours&nbsp;; mais cette grâce ne profitait qu’à lui seul&nbsp;; elle n’apportait rien à tous ceux qui, dans le monde, étaient morts du fait de leurs péchés. C’était étonnant de faire jaillir de la nourriture pour nourrir cinq mille hommes avec cinq pains&nbsp;; mais cela n’était rien pour ceux qui, dans tout l’univers, souffraient de la faim de l’ignorance. C’était étonnant de délivrer une femme enchaînée par Satan depuis dix-huit ans&nbsp;; mais qu’est-ce que cela par rapport à nous tous qui sommes ligotés par les chaînes de nos péchés&nbsp;? Or, la victoire de la Croix, c’est qu’elle a illuminé ceux que l’ignorance rend aveugles, elle a délivré tous ceux que le péché rend captifs, et elle a racheté toute l’humanité. ~ Nous ne devons pas avoir honte de la croix du Sauveur, mais plutôt en tirer gloire. <i>Le langage de la Croix est scandale pour les Juifs, folie pour les païens</i>&nbsp;; mais pour nous elle est le salut. <i>Pour ceux qui se perdent, elle est folie&nbsp;; pour nous qui sommes sauvés, elle est puissance de Dieu</i>. Car ce n’était pas un homme sans plus qui mourait, mais le Fils de Dieu, Dieu fait homme. L’agneau, du temps de Moïse, éloignait l’Exterminateur&nbsp;; est-ce que <i>l’Agneau de Dieu qui enlève le péché du monde</i> ne nous a pas bien davantage libérés de nos péchés&nbsp;? Le sang d’une brebis sans raison procurait le salut&nbsp;; est-ce que le sang du Fils unique ne nous sauve pas bien davantage&nbsp;? ~ Ce n’est pas par contrainte qu’il a quitté la vie, ce n’est pas par force qu’il a été immolé, mais par sa propre volonté. Ecoutez ce qu’il dit&nbsp;: <i>J’ai le pouvoir de donner ma vie, et le pouvoir de la recevoir à nouveau.</i> ~ Il est venu délibérément à sa passion, heureux de son exploit, souriant à son triomphe, content de sauver les hommes. Il n’a pas eu honte de la Croix, car il sauvait toute la terre. Ce n’était pas un pauvre homme qui souffrait, mais Dieu fait homme qui allait combattre pour obtenir le prix de la patience. ~ Ne te réjouis pas de la croix en temps de paix seulement&nbsp;; garde la même foi en temps de persécution&nbsp;; ne sois pas l’ami de Jésus seulement en temps de paix, pour devenir son ennemi en temps de guerre. Tu reçois maintenant le pardon de tes péchés et les dons spirituels prodigués par ton Roi&nbsp;; lorsque la guerre éclatera, combats vaillamment pour ton Roi. Jésus a été crucifié pour toi, lui qui était sans péché&nbsp;; et toi, tu ne seras pas crucifié pour celui qui a été crucifié pour toi&nbsp;? Ce n’est pas toi qui lui as fait cette grâce, car tu l’as reçue le premier. Mais tu lui rends grâce, pour payer ta dette à celui qui a été crucifié à cause de toi sur le Golgotha.</p>",
  "readingsPatristicReadingResponsory": "<p>R/ Tout homme qui croit en Jésus Christ<br> aura la vie éternelle.</p> <p>Je n’ai rien voulu savoir parmi vous,<br> sinon Jésus Christ, et Jésus Christ crucifié.</p> <p>Nous avons cru, nous aussi, au Christ Jésus,<br> afin d’être justifiés par la foi au Christ.</p>",
  "readingsOration": "Dieu puissant, de qui vient tout don parfait, enracine en nos cœurs l’amour de ton nom&nbsp;; resserre nos liens avec toi, pour développer ce qui est bon en nous&nbsp;; veille sur nous avec sollicitude, pour protéger ce que tu as fait grandir.",
  "middleOfDayPsalm1Antiphon": "Ta tendresse est sans mesure, Seigneur&nbsp;; fais-moi vivre selon ton amour.",
  "middleOfDayPsalm2Antiphon": "Heureux qui craint le Seigneur et marche en ses voies.",
  "middleOfDayPsalm3Antiphon": "La vie du juste est dans les mains de Dieu.",
  "middleOfDayTierceReadingRef": "1 Jn 3, 23-24",
  "middleOfDayTierceReadingContent": "<p>Voici le commandement de Dieu&nbsp;: avoir foi en son Fils Jésus Christ, et nous aimer les uns les autres comme il nous l’a commandé. Et celui qui est fidèle à ses commandements demeure en Dieu, et Dieu en lui&nbsp;; et nous reconnaissons qu’il demeure en nous, puisqu’il nous a donné son Esprit.</p>",
  "middleOfDayNoneReadingRef": "He 12, 1b-2",
  "middleOfDayNoneReadingContent": "<p>Débarrassons-nous de tout ce qui nous alourdit, et d’abord du péché qui nous entrave si bien&nbsp;; alors nous courrons avec endurance l’épreuve qui nous est proposée, les yeux fixés sur Jésus, qui est à l’origine et au terme de la foi. Renonçant à la joie qui lui était proposée, il a enduré, sans avoir honte, l’humiliation de la croix, et, assis à la droite de Dieu, il règne avec lui.</p>",
  "middleOfDaySexteReadingRef": "Sg 1, 1-2",
  "middleOfDaySexteReadingContent": "<p>Aimez la justice, vous qui gouvernez la terre&nbsp;; ayez sur le Seigneur des pensées droites, cherchez-le avec un cœur simple, car il se laisse trouver par ceux qui ne veulent pas le mettre à l’épreuve, il se manifeste à ceux qui ne refusent pas de croire en lui.</p>",
  "middleOfDayNoneResponsory": "<p>V/ J’espère le Seigneur de toute mon âme&nbsp;;<br>— je l’espère et j’attends sa parole.</p>",
  "middleOfDayTierceResponsory": "<p>V/ Je garde le Seigneur devant moi sans relâche&nbsp;;<br>— il est à ma droite&nbsp;: je suis inébranlable.</p>",
  "middleOfDaySexteResponsory": "<p>V/ Fais confiance au Seigneur, agis bien,<br>—  habite la terre et reste fidèle.</p>",
  "middleOfDaySexteOration": "Dieu éternel et tout-puissant, en qui rien n’est sombre ni obscur, communique ta lumière à nos cœurs&nbsp;: en recevant ta loi et tes préceptes, nous marcherons sur ta route d’un cœur léger. Par Jésus, le Christ, notre Seigneur. Amen.",
  "middleOfDayTierceOration": "Père saint,&nbsp;en&nbsp;cette heure où l’Esprit descendit sur les Apôtres, nous te prions&nbsp;: fais-nous vivre tout au long de cette journée de l’amour révélé par ton Fils, Jésus, le Christ, notre Seigneur. Amen.",
  "middleOfDayNoneOration": "Nous en appelons à toi, Seigneur, toi qui conduis ta créature humaine à travers les conflits de ce monde&nbsp;: fais aboutir les volontés de paix de notre temps, afin que tous les hommes puissent vivre heureux et te louer pour l’amour que tu donnes.",
  "morningPsalm1": "PSALM_142",
  "morningPsalm2": "AT_32",
  "morningPsalm3": "PSALM_146",
  "readingsPsalm1": "PSALM_43_1",
  "readingsPsalm2": "PSALM_43_2",
  "readingsPsalm3": "PSALM_43_3",
  "middleOfDayPsalm1": "PSALM_118_20",
  "middleOfDayPsalm2": "PSALM_127",
  "middleOfDayPsalm3": "PSALM_128",
  "vespersPsalm1": "PSALM_143_1",
  "vespersPsalm2": "PSALM_143_2",
  "vespersPsalm3": "NT_10"
}