{
  "invitatoryAntiphon": "Adorons le Seigneur, il est notre Dieu.",
  "sundayEvangelicAntiphonC": "Si l’on vous persécute à cause de moi, réjouissez-vous, votre récompense sera grande dans les cieux.",
  "sundayEvangelicAntiphonB": "Le lépreux, à genoux, suppliait Jésus&nbsp;: Si tu le veux, tu peux me guérir.",
  "sundayEvangelicAntiphonA": "Heureux qui écoute la Parole et qui la garde.",
  "readingsBiblicalReadingTitle": "La Sagesse de Dieu",
  "readingsBiblicalReadingRef": "Pr 8, 1-5.12-36",
  "readingsBiblicalReadingContent": "<p>N’est-ce pas la Sagesse qui appelle, la raison qui élève sa voix&nbsp;? En haut de la montée, sur la route, postée à la jonction des chemins, près des portes, aux abords de la cité, à l’entrée des passages, elle clame&nbsp;: «&nbsp;C’est vous, les humains, que j’appelle, ma voix s’adresse aux fils d’Adam&nbsp;: vous, les naïfs, devenez habiles, vous, les insensés, devenez raisonnables. Moi, la Sagesse, j’habite avec l’habileté, j’ai appris à connaître bien des finesses. —&nbsp;La crainte du SEIGNEUR, c’est la haine du mal. Je hais l’orgueil, l’arrogance, le chemin du mal et la bouche perverse. À moi le conseil et l’efficacité&nbsp;; c’est moi l’intelligence, à moi la vigueur&nbsp;! Par moi, les rois agissent en rois et les souverains édictent ce qui est juste, par moi, les princes agissent en princes&nbsp;: tous les chefs ont autorité dans le pays. Moi, j’aime ceux qui m’aiment&nbsp;; ceux qui me recherchent me trouvent. Avec moi, la richesse et la gloire, fortune durable et juste prospérité. Mon fruit est meilleur que l’or, que l’or fin, ce qui vient de moi, meilleur qu’un argent purifié. Sur le chemin de la justice je m’avance, sur le sentier du droit. Je donne un bel héritage à ceux qui m’aiment, je remplis leurs trésors. Le SEIGNEUR m’a faite pour lui, principe de son action, première de ses œuvres, depuis toujours. Avant les siècles j’ai été formée, dès le commencement, avant l’apparition de la terre. Quand les abîmes n’existaient pas encore, je fus enfantée, quand n’étaient pas les sources jaillissantes. Avant que les montagnes ne soient fixées, avant les collines, je fus enfantée, avant que le SEIGNEUR n’ait fait la terre et l’espace, les éléments primitifs du monde. Quand il établissait les cieux, j’étais là, quand il traçait l’horizon à la surface de l’abîme, qu’il amassait les nuages dans les hauteurs et maîtrisait les sources de l’abîme, quand il imposait à la mer ses limites, si bien que les eaux ne peuvent enfreindre son ordre, quand il établissait les fondements de la terre. Et moi, je grandissais à ses côtés. Je faisais ses délices jour après jour, jouant devant lui à tout moment, jouant dans l’univers, sur sa terre, et trouvant mes délices avec les fils des hommes. Et maintenant, fils, écoutez-moi. Heureux ceux qui gardent mes chemins&nbsp;! Écoutez l’instruction et devenez sages, ne la négligez pas. Heureux l’homme qui m’écoute, qui veille à ma porte jour après jour, qui monte la garde devant chez moi. Qui me trouve a trouvé la vie, c’est une bienveillance du SEIGNEUR. Qui m’offense se fait tort à lui-même&nbsp;: me haïr, c’est aimer la mort&nbsp;!&nbsp;»</p>",
  "readingsBiblicalReadingResponsory": "<p>R/ Louange au Père<br> qui nous révèle<br> les secrets du Royaume&nbsp;!</p> <p>Au commencement était le Verbe,<br> le Verbe s’est fait chair.</p> <p>La Sagesse a mis ses délices<br> à fréquenter les enfants des hommes.</p> <p>Heureux ceux qui gardent ses voies&nbsp;!<br> Heureux ceux qui écoutent la Parole&nbsp;!</p>",
  "readingsPatristicReadingTitle": "Discours de Saint Athanase d’Alexandrie contre les Ariens",
  "readingsPatristicReadingSubtitle": "Le Christ, Sagesse du Père",
  "readingsPatristicReadingContent": "<p>La Sagesse personnelle de Dieu, son Fils unique, est créatrice et réalisatrice de toutes choses. En effet, dit le Psaume&nbsp;: <i>Tu as tout fait avec sagesse, la terre est pleine de tes créatures</i>. Afin que les créatures non seulement existent, mais existent bien, Dieu a décidé que sa propre Sagesse descendrait vers les créatures afin d’imprimer en toutes et en chacune une certaine empreinte et représentation de son image&nbsp;; ainsi serait-il évident qu’elles ont été créées avec sagesse et qu’elles sont des œuvres dignes de Dieu. De même, que notre verbe humain est l’image de ce Verbe qui est le Fils de Dieu, ainsi notre sagesse est, elle aussi, l’image de ce Verbe qui est la Sagesse en personne. Parce que nous possédons en elle la capacité de connaître et de penser, nous devenons capables d’accueillir la Sagesse créatrice, et par elle nous pouvons connaître son Père. <i>Car celui qui a le Fils a aussi le Père,</i> et encore&nbsp;: <i>Celui qui m’accueille accueille celui qui m’a envoyé</i>. Parce que l’empreinte de cette Sagesse existe en nous et en toutes ses œuvres, il est tout à fait juste que la Sagesse véritable et créatrice, appliquant à elle-même ce qui concerne son empreinte, dise&nbsp;: <i>Le Seigneur m’a créée comme une de ses œuvres.</i> ~ <i>Puisque le monde, par le moyen de la sagesse, n’a pas reconnu Dieu dans la Sagesse de Dieu, c’est par la folie de la prédication que Dieu a jugé bon de sauver ceux qui croient</i>. Désormais Dieu ne veut plus, comme dans les temps primitifs, être connu par l’image et l’ombre de la Sagesse&nbsp;: il a voulu que la véritable Sagesse en personne prenne chair, devienne homme, subisse la mort de la croix, afin qu’à l’avenir tous les croyants puissent être sauvés par la foi en cette Sagesse incarnée. C’est donc elle qui est la Sagesse de Dieu. C’est elle qui, auparavant, par son image introduite dans les choses créées (et c’est en ce sens qu’on la disait créée), se faisait connaître et, par elle, faisait connaître le Père. Par la suite, elle-même, qui est le Verbe, est devenue chair, comme dit saint Jean&nbsp;; après avoir <i>détruit la mort</i> et sauvé notre race, elle s’est manifestée plus clairement elle-même et, par elle-même, elle a manifesté son Père. Ce qui lui a fait dire&nbsp;: <i>Donne-leur de te connaître, toi, le seul Dieu, le vrai Dieu, et celui que tu as envoyé, Jésus Christ</i>. Toute la terre a donc été remplie de sa connaissance. Car il y a une seule connaissance&nbsp;: du Père par le Fils, et du Fils à partir du Père. Le Père met sa joie en lui, et le Fils se réjouit de la même joie dans le Père, ainsi qu’il le dit&nbsp;: <i>J’y trouvais ma joie, je me réjouissais jour après jour en sa présence</i>.</p>",
  "readingsPatristicReadingResponsory": "<p>R/ Sur le visage du Christ<br> rayonne la gloire de Dieu.</p> <p>La loi fut donné par Moïse,<br> la grâce et la vérité<br> sont venues par Jésus Christ.</p> <p>Personne n’a jamais vu Dieu.<br> Le Fils unique qui est dans le sein du Père<br> nous l’a fait connaître.</p>",
  "readingsOration": "Dieu qui es bon et tout-puissant, éloigne de nous tout ce qui nous arrête, afin que sans aucune entrave, ni d’esprit ni de corps, nous soyons libres pour accomplir ta volonté."
}