{
  "invitatoryAntiphon": "Béni sois-tu, Seigneur, Dieu de tendresse et d’amour.",
  "sundayEvangelicAntiphonC": "Si l’on vous persécute à cause de moi, réjouissez-vous, votre récompense sera grande dans les cieux.",
  "sundayEvangelicAntiphonB": "Le lépreux, à genoux, suppliait Jésus&nbsp;: Si tu le veux, tu peux me guérir.",
  "sundayEvangelicAntiphonA": "Heureux qui écoute la Parole et qui la garde.",
  "readingsBiblicalReadingTitle": "Lucidité humaine, amitié fraternelle",
  "readingsBiblicalReadingRef": "Pr 15, 8-9.16-17.25-26.29.33; 16, 1-9; 17, 5",
  "readingsBiblicalReadingContent": "<p>Le sacrifice des méchants, le SEIGNEUR l’a en horreur, mais il accueille la prière des honnêtes gens. Le chemin du méchant fait horreur au SEIGNEUR&nbsp;; il aime celui qui recherche la justice. Mieux vaut peu, avec la crainte du SEIGNEUR, qu’un grand trésor et ses embarras. Mieux vaut un plat de légumes servi avec amour que du veau gras et de la haine. La maison des orgueilleux, le SEIGNEUR la renverse&nbsp;; il fixe les bornes du terrain de la veuve. Le SEIGNEUR a horreur des calculs pervers&nbsp;; les paroles bienveillantes sont pures. Le SEIGNEUR est loin des méchants, mais il écoute la prière des justes. La crainte du SEIGNEUR est école de sagesse&nbsp;: avant les honneurs, l’humilité&nbsp;! Dans son cœur, l’homme propose&nbsp;; par sa parole, Dieu dispose. Chacun trouve sa conduite pure, mais le SEIGNEUR pèse les esprits. Remets ton action au SEIGNEUR, et tes projets réussiront. Le SEIGNEUR a tout fait selon son dessein, même le méchant, pour les jours de malheur. Le SEIGNEUR a horreur des prétentieux&nbsp;: promis, juré, ils ne resteront pas impunis. Fidélité et loyauté effacent une faute, la crainte du SEIGNEUR détourne du mal. Quand le SEIGNEUR apprécie la conduite de l’homme, il lui concilie même ses ennemis. Mieux vaut peu dans la justice que de grands profits hors du droit&nbsp;! L’homme, en son cœur, fait des projets de route, et le SEIGNEUR dirige ses pas. Qui se moque d’un pauvre insulte Dieu qui l’a fait, qui se réjouit du malheur ne restera pas impuni.</p>",
  "readingsBiblicalReadingResponsory": "<p>R/ C’est le Seigneur ton Dieu que tu craindras,<br> c’est lui que tu serviras.</p> <p>Le cœur de l’homme cherche sa voie,<br> mais c’est le Seigneur qui affermit ses pas.</p> <p>La crainte du Seigneur est école de sagesse&nbsp;;<br> celui qui s’abaisse sera élevé.</p>",
  "readingsPatristicReadingTitle": "SERMON DE SAINT AUGUSTIN SUR LA 1<sup>ère</sup> LETTRE DE JEAN",
  "readingsPatristicReadingSubtitle": "Le désir élargit notre cœur",
  "readingsPatristicReadingContent": "<p>Quelle est la promesse qui nous a été faite&nbsp;? <i>Nous serons semblables à lui parce que nous le verrons tel qu’il est</i>. La parole s’est exprimée comme elle a pu&nbsp;; le reste, c’est au cœur de le comprendre. Alors que saint Jean lui-même s’exprime, comme il peut par rapport à Celui qui est, que pourrions-nous dire, nous qui sommes si loin d’égaler ses mérites&nbsp;? Revenons donc à cette onction du Christ, revenons à cette onction qui nous enseigne intérieurement ce que nous ne pouvons pas exprimer&nbsp;; et puisque vous ne pouvez pas voir maintenant, que votre activité se contente de désirer. Toute la vie du vrai chrétien est un saint désir. Sans doute, ce que tu désires, tu ne le vois pas encore&nbsp;: mais en le désirant tu deviens capable d’être comblé lorsque viendra ce que tu dois voir. Supposons que tu veuilles remplir une sorte de poche et que tu saches les grandes dimensions de ce qu’on va te donner, tu élargis cette poche, que ce soit un sac, une outre, ou n’importe quoi de ce genre. Tu sais l’importance de ce que tu vas y mettre, et tu vois que la poche est trop resserrée&nbsp;: en l’élargissant, tu augmentes sa capacité. C’est ainsi que Dieu, en faisant attendre, élargit le désir&nbsp;; en faisant désirer, il élargit l’âme&nbsp;; en l’élargissant, il augmente sa capacité de recevoir. Nous devons donc désirer, mes frères, parce que nous allons être comblés. Voyez saint Paul, élargissant son désir pour être capable de recevoir ce qui doit venir. Il dit en effet&nbsp;: <i>Certes, je ne suis pas encore arrivé, je ne suis pas encore parfait. ~ Frères, je ne pense pas avoir déjà saisi le Christ.</i> Que fais-tu alors en cette vie, si tu ne l’as pas encore saisi&nbsp;? —&nbsp;Une seule chose compte&nbsp;: <i>Oubliant ce qui est en arrière et tendu vers l’avant, je suis mon élan vers le triomphe auquel je suis appelé de là-haut</i>. Il dit qu’il est tendu et qu’il suit son élan. Il se sentait incapable de saisir <i>ce que l’œil n’a pas vu, ce que l’oreille n’a pas entendu, ce que le cœur de l’homme n’a pu concevoir</i>. Voilà notre vie&nbsp;: nous exercer en désirant. Le saint désir nous exerce d’autant plus que nous avons détaché nos désirs de l’amour du monde. Nous l’avons déjà dit à l’occasion&nbsp;: vide ce qui doit être rempli. Ce qui doit être rempli par le bien, il faut en vider le mal. Suppose que Dieu veut te remplir de miel&nbsp;: si tu es rempli de vinaigre, où mettras-tu ce miel&nbsp;? Il faut répandre le contenu du vase&nbsp;; il faut nettoyer le vase lui-même&nbsp;; il faut le nettoyer à force de travailler, à force de frotter, pour qu’il soit capable de recevoir autre chose. Parlons de miel, d’or ou de vin&nbsp;: nous pouvons désigner de n’importe quel nom ce qui est indicible, mais son vrai nom est Dieu. Et quand nous disons «&nbsp;Dieu&nbsp;», que disons nous&nbsp;? Ce mot désigne tout ce que nous attendons. Tout ce que nous pouvons dire est en dessous de la réalité&nbsp;; élargissons-nous, en nous portant vers lui, afin qu’il nous comble, quand il viendra. <i>Nous serons semblables à lui, parce que nous le verrons tel qu’il est.</i></p>",
  "readingsPatristicReadingResponsory": "<p>R/ Qui nous fera comprendre<br> pourquoi l’homme peine à chercher<br> sans jamais atteindre&nbsp;?</p> <p>Ce que l’œil n’a pas vu, ni l’oreille entendu,<br> ce qui n’est pas monté au cœur de l’homme,<br> voilà ce que Dieu a préparé pour ceux qui l’aiment.</p> <p>À nous, Dieu l’a révélé par l’Esprit,<br> car l’Esprit sonde tout,<br> jusqu’aux profondeurs de Dieu.</p>",
  "readingsOration": "Aux appels de ton peuple en prière, réponds, Seigneur, en ta bonté&nbsp;: donne à chacun la claire vision de ce qu’il doit faire et la force de l’accomplir."
}