{
  "invitatoryAntiphon": "Approchons-nous de Dieu en rendant grâce.",
  "sundayEvangelicAntiphonA": "Aimez vos ennemis et vous serez les fils de votre Père du ciel.",
  "sundayEvangelicAntiphonB": "L’homme se lève, il marche et rend grâce&nbsp;; tous ceux qui le voient glorifient Dieu.",
  "sundayEvangelicAntiphonC": "Donnez et l’on vous donnera une mesure débordante.",
  "readingsBiblicalReadingTitle": "Tout n’est qu’illusion ou déception",
  "readingsBiblicalReadingRef": "Qo 2, 1-3.12-26",
  "readingsBiblicalReadingContent": "<p>Je me suis dit&nbsp;: «&nbsp;Va, essaie la joie et goûte au bonheur.&nbsp;» Eh bien, cela aussi n’était que vanité&nbsp;: Au rire, j’ai dit&nbsp;: «&nbsp;Tu es sot&nbsp;!&nbsp;» et à la joie&nbsp;: «&nbsp;À quoi sers-tu&nbsp;?&nbsp;» Je résolus de m’adonner au vin, tout en poursuivant la sagesse, et je me livrai à la démesure, le temps de voir ce qu’il est bon, pour les fils d’Adam, de faire sous le ciel pendant le peu de jours qu’ils ont à vivre. Alors j’ai tourné mes regards vers la sagesse, vers la sottise et la folie&nbsp;: «&nbsp;Voyons, que fera le successeur du roi&nbsp;? —&nbsp;Ce que déjà on a fait&nbsp;!&nbsp;» Voici donc ce que j’ai constaté&nbsp;: autant la lumière l’emporte sur les ténèbres, autant la sagesse l’emporte sur la folie. Le sage a les yeux où il faut&nbsp;; le fou marche dans l’obscurité. Mais je sais aussi que tous deux auront le même sort. Alors je me suis dit&nbsp;: «&nbsp;Si le sort du fou et le mien sont les mêmes, à quoi bon avoir été si sage&nbsp;?&nbsp;» Et j’ai pensé en moi-même&nbsp;: Cela aussi n’est que vanité&nbsp;! Car le sage ne laisse aucun souvenir, pas plus que le fou, et cela pour toujours, puisque, dès les jours suivants, tout est oublié. Comment se fait-il que le sage meure aussi bien que le fou&nbsp;? Oui, je déteste la vie&nbsp;; je trouve mauvais ce qui se fait sous le soleil&nbsp;: tout n’est que vanité et poursuite de vent. Je déteste tout ce travail que j’accomplis sous le soleil et que je vais laisser à mon successeur. Qui sait s’il sera sage ou insensé&nbsp;? Ce sera lui le maître de tous ces travaux accomplis par ma sagesse sous le soleil. Cela aussi n’est que vanité&nbsp;! J’ai fini par me dégoûter de toute la peine que je m’étais donnée sous le soleil. Un homme s’est donné de la peine&nbsp;; il est avisé, il s’y connaissait, il a réussi. Et voilà qu’il doit laisser son bien à quelqu’un qui ne s’est donné aucune peine. Cela aussi n’est que vanité, c’est un grand mal&nbsp;! En effet, que reste-t-il à l’homme de toute la peine et de tous les calculs pour lesquels il se fatigue sous le soleil&nbsp;? Tous ses jours sont autant de souffrances, ses occupations sont autant de tourments&nbsp;: même la nuit, son cœur n’a pas de repos. Cela aussi n’est que vanité. Rien de bon pour l’homme, sinon manger et boire, et trouver le bonheur dans son travail. J’ai vu que cela aussi vient de la main de Dieu. Et qui donc pourrait manger et prendre du plaisir à ma place&nbsp;? À l’homme qui lui est agréable, Dieu donne sagesse, savoir et joie. Quant au pécheur, il le charge de recueillir et d’amasser pour donner à qui lui plaît. Cela aussi n’est que vanité et poursuite de vent.</p>",
  "readingsBiblicalReadingResponsory": "<p>R/ Poursuis la justice, la piété,<br> combats le bon combat de la foi.</p> <p>La racine de tous les maux,<br> c’est l’amour de l’argent&nbsp;;<br> pour s’y être livrés,<br> certains se sont égarés loi de la foi.</p> <p>Ne place pas ta confiance<br> dans des richesses précaires&nbsp;;<br> conquiers la vie éternelle<br> à laquelle tu as été appelé.</p>",
  "readingsPatristicReadingTitle": "HOMÉLIE DE SAINT GRÉGOIRE DE NYSSE SUR L’ECCLÉSIASTE",
  "readingsPatristicReadingSubtitle": "«&nbsp;Celui qui me suit ne marchera pas dans les ténèbres&nbsp;»",
  "readingsPatristicReadingContent": "<p><i>Les yeux du sage sont dans sa tête, mais l’insensé marche dans les ténèbres.</i> Si l’âme lève les yeux vers sa tête, qui est le Christ, comme l’explique saint Paul, on la jugera heureuse à cause de la clarté de sa vision, puisqu’elle porte ses regards là où ne règne pas l’obscurité du mal. Ce grand Apôtre et ceux qui, pareils à lui, sont grands eux aussi, avaient les yeux dans la tête&nbsp;: ce sont tous ceux qui ont dans le Christ leur vie, leur mouvement et leur être. De même qu’un homme placé dans la lumière ne peut voir de ténèbres, ainsi est-il impossible à celui qui dirige son regard vers le Christ de le fixer sur quelque vanité. Avoir les yeux dans la tête —&nbsp;j’entends par tête le principe de toutes choses&nbsp;—, c’est avoir les regards fixés sur toute vertu, car le Christ est la vertu absolue. C’est les avoir fixés sur la vérité, sur la justice, sur l’incorruptibilité, sur tout bien. Donc,<i> les yeux du sage sont dans sa tête, mais l’insensé marche dans les ténèbres</i>. Car celui qui ne met pas sa lampe sur le lampadaire mais sous le lit transforme sa lumière en ténèbres. ~ Et combien y a-t-il d’hommes qui se consacrent aux biens célestes, qui s’adonnent à la contemplation de ce qui existe réellement, que l’on estime aveugles et inutiles dans les affaires matérielles&nbsp;? Paul se vantait d’être ainsi lorsqu’il se disait <i>fou à cause du Christ</i>. En effet, son intelligence et sa sagesse ne concernaient aucune des choses qui captivent ici-bas notre intérêt. Il disait donc&nbsp;: <i>Nous, nous sommes fous à cause du Christ</i>, comme s’il disait&nbsp;: «&nbsp;Nous, nous sommes aveugles en ce qui concerne la vie d’en bas parce que nous regardons en haut et que nous avons nos yeux dans la tête.&nbsp;» À cause de cela, il n’avait ni toit, ni table, il était pauvre, errant, nu, souffrant de la faim et de la soif. ~ Qui ne l’aurait pas jugé digne de pitié, en le voyant prisonnier, accablé de coups, englouti dans la mer à la suite d’un naufrage, chargé de chaînes&nbsp;? Cependant, s’il en était ainsi sur le plan humain, il n’a jamais cessé d’avoir les yeux dans la tête, lui qui disait&nbsp;: <i>Qui pourra nous séparer de l’amour de Dieu qui est dans le Christ Jésus&nbsp;? la détresse&nbsp;? l’angoisse&nbsp;? la persécution&nbsp;? la faim&nbsp;? le dénuement&nbsp;? le danger&nbsp;? le supplice&nbsp;? </i>Cela revient à dire&nbsp;: «&nbsp;Qui m’arrachera les yeux de la tête, pour les placer sur la terre que l’on foule aux pieds&nbsp;?&nbsp;» Quant à nous, il nous prescrit d’en faire autant lorsqu’il nous ordonne de <i>rechercher ce qui est en haut</i>, ce qui revient à dire&nbsp;: «&nbsp;avoir les yeux dans la tête&nbsp;».</p>",
  "readingsPatristicReadingResponsory": "<p>R/  Vers toi j’ai les yeux levés,<br> Seigneur qui te tiens au ciel.</p> <p>Le jour du Seigneur arrive<br> comme un voleur en pleine nuit.</p> <p>Vous qui êtes enfants de la lumière,<br> enfants du jour, restez éveillés et sobres.</p> <p>Toujours joyeux, priez sans cesse,<br> en toute condition, soyez dans l’action de grâce.</p>",
  "readingsOration": "Dieu éternel et tout-puissant, dirige notre vie selon ton amour, afin qu’au nom de ton Fils bien-aimé, nous portions des fruits en abondance.",
  "middleOfDaySexteReadingRef": "Rm 6, 22",
  "middleOfDaySexteReadingContent": "<p>Maintenant que vous avez été libérés du péché et que vous êtes devenus les esclaves de Dieu, vous y récoltez la sainteté, et cela aboutit à la vie éternelle.</p>"
}