{
  "invitatoryAntiphon": "Allez vers le Seigneur parmi les chants d’allégresse.",
  "sundayEvangelicAntiphonA": "Cherchez d’abord le Royaume et sa justice, et le surcroît vous sera donné.",
  "sundayEvangelicAntiphonB": "Tant que l’Epoux est là, comment ses compagnons jeûneraient-ils&nbsp;? Un jour viendra où l’Epoux leur sera enlevé&nbsp;: alors, ils jeûneront.",
  "sundayEvangelicAntiphonC": "Un bon arbre ne donne pas de mauvais fruits&nbsp;; un mauvais arbre ne donne pas de bons fruits.",
  "readingsBiblicalReadingTitle": "L’un des trois amis presse Job de plaider coupable",
  "readingsBiblicalReadingRef": "Jb 11, 1-20",
  "readingsBiblicalReadingContent": "<p>Sofar de Naama prit la parole et dit&nbsp;: «&nbsp;Un tel flot de paroles restera-t-il sans réponse&nbsp;? Suffit-il d’être verbeux pour avoir raison&nbsp;? Tes bavardages feront-ils taire les gens, te moqueras-tu sans que nul te confonde&nbsp;? Tu as dit&nbsp;: “Mon savoir est irréprochable, je suis pur à tes yeux&nbsp;!” Mais si seulement Dieu voulait parler, si pour toi il desserrait les lèvres, s’il te dévoilait les secrets de la sagesse tellement subtils à entendre, alors tu saurais que Dieu oublie une part de tes fautes. Prétends-tu sonder la profondeur de Dieu, atteindre la perfection du Puissant&nbsp;? Elle est haute comme les cieux&nbsp;: que feras-tu&nbsp;? plus abyssale que le séjour des morts&nbsp;: qu’en sauras-tu&nbsp;? Plus longue que la terre est son étendue, et plus vaste que la mer&nbsp;! S’il vient à passer, s’il emprisonne, s’il convoque en justice, qui l’en détournera&nbsp;? Car lui connaît les hommes de rien, sans peine il discerne le mal. Un écervelé peut accéder à la raison, un ânon sauvage devenir un homme&nbsp;! Et toi, si tu affermis ton cœur et tends les paumes vers Dieu, si tu écartes le mal dont tu es responsable et n’héberges pas l’injustice sous ta tente, alors tu lèveras un visage sans reproche, tu seras ferme et sans crainte. Ta peine, tu l’oublieras, tu t’en souviendras comme d’une eau déjà écoulée. Plus radieuse que midi ta vie se lèvera, le crépuscule brillera comme le matin. Tu seras confiant car il y aura de l’espoir, et, protégé, tu dormiras tranquille. Ton repos, nul ne le troublera, et beaucoup rechercheront tes faveurs. Quant aux méchants, leurs yeux se consument, tout refuge leur fait défaut. Leur espoir, c’est de rendre l’âme.&nbsp;»</p>",
  "readingsBiblicalReadingResponsory": "<p>R/ Plus haute que les cieux, la pensée du Seigneur,<br> plus profond que l’abîme, son mystère.</p> <p>Je suis fou à cause du Christ,<br> vous, vous êtes sages dans le Christ.</p> <p>Je suis faible et vous êtes forts,<br> vous êtes à l’honneur et moi dans le mépris.</p> <p>La folie de Dieu est plus sage que les hommes,<br> la faiblesse de Dieu, plus forte que les hommes.</p>",
  "readingsPatristicReadingTitle": "COMMENTAIRE DE SAINT GRÉGOIRE LE GRAND SUR LE LIVRE DE JOB",
  "readingsPatristicReadingSubtitle": "«&nbsp;L’accomplissement de la loi, c’est l’amour&nbsp;»",
  "readingsPatristicReadingContent": "<p>Comment doit-on entendre ici la loi de Dieu, sinon comme étant la charité&nbsp;? Car c’est toujours elle qui nous fait comprendre comment nous devons observer dans notre conduite les préceptes de vie. De cette loi, la parole de Vérité nous dit&nbsp;: <i>Ce que je vous commande, c’est de vous aimer les uns les autres</i>. Saint Paul dit à ce sujet&nbsp;: <i>L’accomplissement parfait de la loi, c’est l’amour</i>. Et il dit encore&nbsp;:<i> Portez les fardeaux les uns des autres, et vous accomplirez ainsi la loi du Christ</i>. En effet, rien ne traduira plus exactement la loi du Christ, sinon la charité que nous accomplissons vraiment lorsque nous portons par amour les fardeaux de nos frères. Mais on dit aussi que cette même loi est multiple, parce que la charité, avec empressement, s’étend à tous les actes des différentes vertus. Elle commence par deux préceptes, mais elle s’étend à des préceptes innombrables. Saint Paul expose bien cette multiplicité de la loi, lorsqu’il dit&nbsp;: <i>L’amour prend patience, l’amour est serviable, il ne jalouse pas, ne se gonfle pas d’orgueil&nbsp;; il ne fait rien de malhonnête; il n’est pas ambitieux&nbsp;; il ne cherche pas son intérêt, il ne s’emporte pas&nbsp;; il ne pense pas au mal, il ne se réjouit pas de ce qui est mauvais, mais il trouve sa joie dans ce qui est vrai. L’amour prend patience</i>, parce qu’il supporte avec calme le mal qu’on lui fait. Il <i>est serviable</i>, parce qu’il distribue généreusement le bien, en échange du mal. <i>Il ne jalouse pas</i>, parce que, ne désirant rien dans le monde présent, il ignore la jalousie à l’égard des réussites terrestres. <i>Il ne se gonfle pas d’orgueil</i>, parce que, désirant ardemment la récompense intérieure, il ne s’enorgueillit pas des biens extérieurs. <i>Il ne fait rien de malhonnête</i>, parce que, du fait qu’il s’épanouit seulement dans l’amour de Dieu et du prochain, il ignore tout ce qui s’écarte de la rectitude. <i>Il n’est pas ambitieux</i>, parce que, toute sa recherche étant tournée vers l’intérieur, il ne convoite aucunement à l’extérieur les biens d’autrui. <i>Il ne cherche pas son intérêt</i>, parce que, tout ce qu’il possède ici-bas en passant, il le néglige comme un bien étranger, puisqu’il reconnaît que rien ne lui appartient vraiment, sinon ce qui pourra demeurer avec lui. <i>Il ne s’emporte pas</i>, parce que, même accablé d’injustices, il ne cède à aucun mouvement de vengeance, puisqu’il attend, pour les grandes peines qu’il subit, des récompenses bien plus grandes. <i>Il ne pense pas au mal</i>, parce que, en établissant fermement son âme dans l’amour de la pureté&nbsp;; puisqu’il extirpe radicalement toute haine, il ne peut remuer en lui des pensées qui le salissent. <i>Il ne se réjouit pas de ce qui est mauvais</i>, parce que, ne cherchant qu’à aimer tout le monde, il ne trouve aucune joie dans la perte de ses adversaires. <i>Il trouve sa joie dans ce qui est vrai</i>, parce que, aimant les autres comme soi-même, lorsqu’il découvre en autrui quelque chose de droit, il s’en réjouit comme contribuant à son progrès personnel. Cette loi de Dieu est donc multiple.</p>",
  "readingsPatristicReadingResponsory": "<p>R/ Vivons dans la charité<br> au service les uns des autres&nbsp;!</p> <p>Toute la loi s’accomplit<br> en cette parole unique&nbsp;:<br> Tu aimeras ton prochain comme toi-même.</p> <p>Je vous donne un commandement nouveau&nbsp;:<br> Aimez-vous les uns les autres,<br> comme je vous ai aimés.</p>",
  "readingsOration": "Fais-nous vivre à tout moment, Seigneur, dans l’amour et le respect de ton saint nom, toi qui ne cesses jamais de guider ceux que tu enracines solidement dans ton amour."
}