{
  "invitatoryAntiphon": "Au son de la joie et de la fête, allons à la rencontre du Seigneur.",
  "sundayEvangelicAntiphonA": "Cherchez d’abord le Royaume et sa justice, et le surcroît vous sera donné.",
  "sundayEvangelicAntiphonB": "Tant que l’Epoux est là, comment ses compagnons jeûneraient-ils&nbsp;? Un jour viendra où l’Epoux leur sera enlevé&nbsp;: alors, ils jeûneront.",
  "sundayEvangelicAntiphonC": "Un bon arbre ne donne pas de mauvais fruits&nbsp;; un mauvais arbre ne donne pas de bons fruits.",
  "readingsBiblicalReadingTitle": "L’épreuve n’atteint pas la foi de Job",
  "readingsBiblicalReadingRef": "Jb 2, 1-13",
  "readingsBiblicalReadingContent": "<p>Le jour où les fils de Dieu se rendaient à l’audience du SEIGNEUR, l’Adversaire, lui aussi, vint parmi eux à l’audience. Le SEIGNEUR lui dit&nbsp;: «&nbsp;D’où viens-tu&nbsp;?&nbsp;» L’Adversaire répondit&nbsp;: «&nbsp;De parcourir la terre et d’y rôder.&nbsp;» Le SEIGNEUR reprit&nbsp;: «&nbsp;As-tu remarqué mon serviteur Job&nbsp;? Il n’a pas son pareil sur la terre&nbsp;: c’est un homme intègre et droit, qui craint Dieu et s’écarte du mal&nbsp;; il persiste encore dans son intégrité, et c’est pour rien que tu m’as incité à le détruire.&nbsp;» Mais l’Adversaire répliqua au SEIGNEUR&nbsp;: «&nbsp;Peau pour peau&nbsp;! L’homme donne tout ce qu’il a pour sauver sa vie. Mais étends la main, touche à ses os et à sa chair, je parie qu’il te maudira en face&nbsp;!&nbsp;» Le SEIGNEUR dit à l’Adversaire&nbsp;: «&nbsp;Soit&nbsp;! le voici en ton pouvoir, mais préserve sa vie.&nbsp;» Et l’Adversaire, quittant la présence du SEIGNEUR, frappa Job d’un ulcère malin depuis la plante des pieds jusqu’au sommet de la tête. Job prit un tesson pour se gratter, assis parmi les cendres. Sa femme lui dit&nbsp;: «&nbsp;Tu persistes encore dans ton intégrité&nbsp;! Maudis Dieu et meurs&nbsp;!&nbsp;» Il lui répondit&nbsp;: «&nbsp;Tu parles comme une insensée. Si nous accueillons le bonheur comme venant de Dieu, comment ne pas accueillir de même le malheur&nbsp;?&nbsp;» En tout cela, Job ne commit pas de péché par ses lèvres. Trois amis de Job apprirent tout ce malheur qui lui était advenu. Ils arrivèrent chacun de son pays, Élifaz de Témane, Bildad de Shouah et Sofar de Naama, et ils se concertèrent pour venir le plaindre et le consoler. De loin, levant les yeux sur lui, ils ne le reconnurent pas. Alors, ils éclatèrent en sanglots. Ils déchirèrent chacun son manteau et projetèrent de la poussière sur leur tête. Sept jours et sept nuits, ils restèrent assis par terre auprès de lui et, à la vue d’une si grande douleur, personne ne lui disait mot.</p>",
  "readingsBiblicalReadingResponsory": "<p>R/ Vous qui passez par le chemin,<br> voyez s’il est douleur pareille à ma douleur.</p> <p>Je suis l’homme qui a connu la misère<br> sous la verge de sa fureur.</p> <p>Contre moi seul il tourne et retourne<br> sa main tout le jour.</p> <p>Pitié, pitié pour moi, mes amis,<br> car la main de Dieu m’a frappé&nbsp;!</p>",
  "readingsPatristicReadingTitle": "COMMENTAIRE DE SAINT GRÉGOIRE LE GRAND SUR LE LIVRE DE JOB",
  "readingsPatristicReadingSubtitle": "Job dans l’épreuve",
  "readingsPatristicReadingContent": "<p>Saint Paul disait&nbsp;: <i>Nous portons ce trésor dans les vases d’argile,</i> quand il considérait les richesses de sagesse intérieure qu’il portait en lui, tandis qu’il se voyait extérieurement comme un corps voué à la corruption. Eh bien, chez le saint homme Job, le vase d’argile a éprouvé à l’extérieur les déchirures de ses ulcères, mais le trésor intérieur est demeuré intact. Au-dehors, il a craqué par ses blessures, mais intérieurement le trésor indéfiniment renaissant de la sagesse a jailli en des paroles de sainte connaissance comme celle-ci&nbsp;: <i>Si nous avons reçu des biens de la main du Seigneur, pourquoi n’en accepterions-nous pas des maux&nbsp;?</i> Ce qu’il appelle les biens, ce sont les dons de Dieu, temporels ou éternels&nbsp;: ce qu’il appelle les maux, ce sont les épreuves qu’il subit, dont le Seigneur a dit, par la bouche du prophète&nbsp;: <i>Je suis le Seigneur, et il n’y en a pas d’autre&nbsp;; je façonne la lumière et je crée les ténèbres, je fais la paix et je crée le malheur</i>. <i>Il façonne la lumière et crée les ténèbres</i>, car lorsque les ténèbres de la douleur sont créées à l’extérieur par les épreuves, à l’intérieur la lumière de l’âme s’allume par la connaissance. <i>Il fait la paix et crée le malheur</i>, car la paix avec Dieu nous est rendue lorsque des choses qui étaient bonnes en tant que créées, mais non pas en tant que désirées, sont mauvaises pour nous en devenant des épreuves. En effet, par le péché, nous sommes en désaccord avec Dieu&nbsp;; il est donc juste que nous revenions à la paix avec lui par les épreuves. Ainsi, lorsque toute chose créée bonne nous cause de la douleur, l’âme de celui qui est ainsi corrigé est rétablie par l’humilité dans la paix avec son Créateur. Mais ce qu’il faut surtout considérer dans ces paroles, c’est avec quelle sagesse dans la réflexion Job se ressaisit contre les objurgations de sa femme&nbsp;:<i> Si nous avons reçu des biens de la main du Seigneur, pourquoi n’en accepterions-nous pas des maux&nbsp;?</i> Certes, c’est un grand réconfort dans l’affliction de rappeler à notre mémoire les biens reçus du Créateur, au moment où nous endurons l’adversité. On ne se laisse pas briser par la rencontre de la douleur, si l’on se hâte de se rappeler un bienfait qui nous réconforte. C’est pourquoi il est écrit&nbsp;: <i>Au jour du malheur, n’oublie pas le bonheur&nbsp;; au jour du bonheur, n’oublie pas le malheur.</i> Celui qui reçoit des bienfaits, mais qui, à l’époque des bienfaits, ne redoute aucunement l’épreuve, se précipite dans l’orgueil sous l’effet de la joie. Celui qui est broyé par les épreuves mais qui, à l’époque des épreuves, ne trouve aucun réconfort dans les bienfaits qu’il a eu le bonheur de recevoir, voit s’anéantir son équilibre spirituel par un désespoir total. Il faut donc joindre les deux, pour que l’un vienne toujours soutenir l’autre, de telle sorte que le souvenir du bienfait reçu atténue la peine causée par l’épreuve, et que l’éventualité et la crainte de l’épreuve refrènent la joie du bienfait. Le saint homme Job, pour calmer son âme écrasée par les coups, doit apprécier, dans les douleurs causées par l’épreuve, la douceur des bienfaits en disant&nbsp;: <i>Si nous avons reçu des biens de la main du Seigneur, pourquoi n’en accepterions-nous pas des maux&nbsp;?</i></p>",
  "readingsPatristicReadingResponsory": "<p>R/ Le Seigneur avait donné, le Seigneur a repris&nbsp;:<br> que son nom soit béni&nbsp;!</p> <p>De tout mon cœur, c’est toi que j’ai cherché&nbsp;:<br> apprends-moi tes volontés.</p> <p>Tu sondes mon cœur, tu me visites la nuit&nbsp;:<br> tu m’éprouves sans rien trouver,<br> aucun murmure en moi.</p>",
  "readingsOration": "Seigneur notre Père, nous en appelons à ta providence qui jamais ne se trompe en ses desseins&nbsp;: tout ce qui fait du mal, écarte-le, et donne-nous ce qui peut nous aider."
}