{
    "commonTitle": "Commun des Pasteurs évêques",
    "readingsBiblicalReadingTitle": "Doctrine des apôtres sur les ministères",
    "readingsBiblicalReadingRef": "Tt 1, 7-11; 2, 1-8",
    "readingsBiblicalReadingContent": "<p>Il faut en effet que le responsable de communauté soit sans reproche, puisqu’il est l’intendant de Dieu&nbsp;; il ne doit être ni arrogant, ni coléreux, ni buveur, ni brutal, ni avide de profits malhonnêtes&nbsp;; mais il doit être accueillant, ami du bien, raisonnable, juste, saint, maître de lui. Il doit être attaché à la parole digne de foi, celle qui est conforme à la doctrine, pour être capable d’exhorter en donnant un enseignement solide, et aussi de réfuter les opposants.</p> <p>Car il y a beaucoup de réfractaires, des gens au discours inconsistant, des marchands d’illusion, surtout parmi ceux qui viennent du judaïsme. Il faut fermer la bouche à ces gens qui, pour faire des profits malhonnêtes, bouleversent des maisons entières, en enseignant ce qu’il ne faut pas.</p> <p>Quant à toi, dis ce qui est conforme à l’enseignement de la saine doctrine. Que les hommes âgés soient sobres, dignes de respect, pondérés, et solides dans la foi, la charité et la persévérance. De même, que les femmes âgées mènent une vie sainte, ne soient pas médisantes ni esclaves de la boisson, et qu’elles soient de bon conseil, pour apprendre aux jeunes femmes à aimer leur mari et leurs enfants, à être raisonnables et pures, bonnes maîtresses de maison, aimables, soumises à leur mari, afin que la parole de Dieu ne soit pas exposée au blasphème.</p> <p>Les jeunes aussi, exhorte-les à être raisonnables en toutes choses. Toi-même, sois un modèle par ta façon de bien agir, par un enseignement sans défaut et digne de respect, par la solidité inattaquable de ta parole, pour la plus grande confusion de l’adversaire, qui ne trouvera aucune critique à faire sur nous.</p>",
    "readingsBiblicalReadingResponsory": "<p>R/ C’est au prix de son sang<br> que le Christ Jésus s’est acquis l’Église.</p><p>Soyez donc attentifs au troupeau<br>dont l’Esprit vous a confié la charge.</p><p >Vous serez les intendants fidèles<br>des mystères de sa grâce.</p><p>Livrés en spectacle au monde,<br>vous serez les modèles du troupeau.</p>",
    "readingsPatristicReadingTitle": "Homélie de Saint Fulgence sur le serviteur fidèle",
    "readingPatristicReadingSubtitle": "«&nbsp;Les intendants des mystères de Dieu&nbsp;»",
    "readingsPatristicReadingsContent": "<p>Le Seigneur a dit, voulant montrer le devoir spécial des serviteurs qu’il a mis à la tête de son peuple&nbsp;: <i>Quel est donc l’intendant fidèle et sensé à qui le maître de maison a confié la charge de sa famille pour lui donner en temps voulu la mesure de froment&nbsp;? Heureux serviteur, que son maître, en arrivant, trouvera occupe a ce travail&nbsp;!</i></p><p>Qui est ce maître de maison, mes frères&nbsp;? Le Christ, sans aucun doute, puisqu’il a dit à ses disciples&nbsp;: <i>Vous m’appelez Maître et Seigneur, et vous avez raison, car vraiment je le suis</i>.</p><p>Et quelle est cette famille du maître&nbsp;? C’est évidemment celle que le Seigneur lui-même a rachetée du pouvoir de l’ennemi et a transférée dans son royaume. Cette famille sainte est l’Église catholique qui se répand dans le monde entier par sa grande fécondité, et qui se glorifie d’avoir été rachetée par la rançon du sang de son Seigneur. Comme lui-même l’a dit&nbsp;: <i>Le Fils de l’homme n’est pas venu pour être servi, mais pour servir et donner sa vie en rançon pour la multitude</i>.</p> <p>Il est aussi le bon Pasteur, qui a <i>donné sa vie pour ses brebis</i>. Le troupeau du bon pasteur, c’est donc la famille du Rédempteur.</p><p>Mais quel est cet intendant, qui doit être en même temps fidèle et sensé&nbsp;? L’Apôtre Paul nous le montre, lorsqu’il dit, à propos de lui-même et de ses compagnons&nbsp;: <i>Que l’on nous regarde comme les serviteurs du Christ et les intendants des mystères de Dieu. Et ce que l’on demande aux intendants, c’est de se montrer fidèles</i>.</p> <p>Mais personne d’entre nous ne doit penser que les Apôtres sont les seuls à avoir reçu la charge d’intendants et le serviteur paresseux, négligeant le devoir du combat spirituel, ne doit pas somnoler, ce qui serait infidèle et insensé. C’est pourquoi le saint Apôtre montre que les évêques eux aussi sont des intendants, lorsqu’il dit&nbsp;: <i>Il faut que l’évêque soit irréprochable, en sa qualité d’intendant de Dieu.</i></p><p>Nous sommes donc les serviteurs du père de famille, nous sommes les intendants du Seigneur, nous avons reçu la mesure de froment que nous devons vous distribuer.</p><p>Si nous cherchons ce que signifie cette mesure de froment, c’est encore le saint Apôtre qui nous l’explique, lorsqu’il dit&nbsp;: <i>Chacun selon la mesure de foi que Dieu lui a donnée en partage</i>.</p><p>Ce que le Christ appelle mesure de froment, Paul l’appelle mesure de foi, pour nous faire comprendre que le froment spirituel n’est autre que le mystère adorable de la foi chrétienne. Nous vous distribuons la mesure de ce froment, au nom du Seigneur, chaque fois que, éclairés par le don de la grâce qui vient de l’Esprit, nous exposons la doctrine selon la règle de la vraie foi. Et vous recevez cette mesure de froment, par l’intermédiaire des intendants du Seigneur, lorsque vous entendez chaque jour, grâce aux serviteurs de Dieu, la parole de vérité.</p>",
    "readingsPatristicReadingResponsory": "<p>R/ Heureux le serviteur fidèle,<br>il entre dans la joie de son maître.</p><p>Je rends grâce au Seigneur Jésus&nbsp;:<br>il m’a jugé assez fidèle<br>pour m’appeler à son service.</p><p>En moi la grâce du Seigneur a surabondé,<br>avec la foi et la charité<br>qui est dans le Christ Jésus.</p>",
    "oration": "Seigneur, tu as voulu que saint N. soit animé d’une charité vraiment divine et d’une foi qui triomphe du monde&nbsp;; puisque tu l’as mis au nombre de tes saints Pasteurs, accorde-nous, par son intercession, de persévérer dans la foi et la charité, afin de participer un jour à sa gloire."
    
}