{
 "commonTitle": "Commun des Saints mariés",
"readingsBiblicalReadingTitle": "Époux chrétiens",
"readingsBiblicalReadingRef": "Ep 5, 21-32",
"readingsBiblicalReadingContent": "Frères, Par respect pour le Christ, soyez soumis les uns aux autres ; les femmes, à leur mari, comme au Seigneur Jésus ; car, pour la femme, le mari est la tête, tout comme, pour l’Église, le Christ est la tête, lui qui est le Sauveur de son corps. Eh bien ! puisque l’Église se soumet au Christ, qu’il en soit toujours de même pour les femmes à l’égard de leur mari. Vous, les hommes, aimez votre femme à l’exemple du Christ : il a aimé l’Église, il s’est livré lui-même pour elle, afin de la rendre sainte en la purifiant par le bain de l’eau baptismale, accompagné d’une parole ; il voulait se la présenter à lui-même, cette Église, resplendissante, sans tache, ni ride, ni rien de tel ; il la voulait sainte et immaculée. C’est de la même façon que les maris doivent aimer leur femme : comme leur propre corps. Celui qui aime sa femme s’aime soi-même. Jamais personne n’a méprisé son propre corps : au contraire, on le nourrit, on en prend soin. C’est ce que fait le Christ pour l’Église, parce que nous sommes les membres de son corps. Comme dit l’Écriture : À cause de cela, l’homme quittera son père et sa mère, il s’attachera à sa femme, et tous deux ne feront plus qu’un. Ce mystère est grand : je le dis en référence au Christ et à l’Église.",
"readingsBiblicalReadingResponsory": "<p>R/ Dieu créa l’homme à son image&nbsp;:<br>homme et femme il les créa.</p><p>Une femme parfaite est la joie de son mari&nbsp;;<br>il passera dans la paix les années de sa vie.</p><p>La grâce d’une femme est à l’intérieur du cœur,<br>parure incorruptible d’un esprit doux et paisible.</p><p>Ce mystère est grand&nbsp;:<br>le Christ est l’époux de l’Église&nbsp;;<br>il l’a aimée et s’est livré pour elle.</p>"
}