{
  "middleOfDayResponsory1": "V/ Vierge Mère de Dieu, glorieuse Reine du monde, alléluia,<br> intercède pour nous auprès du Seigeur, alléluia.<br>",
  "middleOfDayResponsory2": "V/ Heureuse la Vierge Marie, alléluia :<br> elle a mis au monde le roi du ciel, alléluia.<br>",
  "middleOfDayResponsory3": "V/ Marie retenait tous ces événements, alléluia,<br> elle les méditait dans son cœur, alléluia.<br>",
  "oration": "Dieu qui as donné la joie au monde en ressuscitant Jésus ton Fils, accorde-nous, par sa Mère, la Vierge Marie, de parvenir au bonheur de la vie éternelle.",
  "oration2": "Dieu qui as envoyé l'Esprit Saint sur tes Apôtres quand ils étaient en prière avec Marie, la Mère de Jésus, donne-nous, par son intercession, de savoir te servir avec fidélité et de travailler par la parole et l'exemple au rayonnement de ta gloire."
}