{
  "invitatory": {
    "antiphon": [
      "Le Roi qui va venir, venez, adorons-le.",
      "Allons au-devant de celui qui vient.",
      "Réjouissez-vous dans le Seigneur, réjouissez-vous, car il est proche."
    ]
  },
  "morning": {
    "psalmody": [
      {
        "psalm": "PSALM_89",
        "antiphon": [
          "Reviens, Seigneur, pourquoi tarder&nbsp;? Ravise-toi par égard pour tes serviteurs."
        ]
      },
      {
        "psalm": "AT_26",
        "antiphon": [
          "Chantez au Seigneur un chant nouveau. Louez-le des extrémités de la terre&nbsp;!"
        ]
      },
      {
        "psalm": "PSALM_134_1",
        "antiphon": [
          "Quand viendra le Fils de l’homme, trouvera-t-il la foi sur la terre&nbsp;?"
        ]
      }
    ]
  },
  "readings": {
    "psalmody": [
      {
        "psalm": "PSALM_72_1",
        "antiphon": [
          "Où est ton trésor, là aussi sera ton cœur."
        ]
      },
      {
        "psalm": "PSALM_72_2",
        "antiphon": [
          "Où est ton trésor, là aussi sera ton cœur."
        ]
      },
      {
        "psalm": "PSALM_72_3",
        "antiphon": [
          "Où est ton trésor, là aussi sera ton cœur."
        ]
      }
    ],
    "verse": "<p>V/ Montre-nous, Seigneur, ta bonté,<br> donne-nous enfin le Sauveur.</p>"
  },
  "middleOfDay": {
    "psalmody": [
      {
        "psalm": "PSALM_118_17",
        "antiphon": [
          "Les prophètes l’ont dit&nbsp;: le Sauveur naîtra de la Vierge Marie."
        ]
      },
      {
        "psalm": "PSALM_81"
      },
      {
        "psalm": "PSALM_119"
      }
    ]
  },
  "vespers": {
    "psalmody": [
      {
        "psalm": "PSALM_135_1",
        "antiphon": [
          "Dieu se souvient de son peuple humilié."
        ]
      },
      {
        "psalm": "PSALM_135_2",
        "antiphon": [
          "Dieu se souvient de son peuple humilié."
        ]
      },
      {
        "psalm": "NT_4"
      }
    ]
  }
}