{
  "invitatory": {
    "antiphon": [
      "Le Roi qui va venir, venez, adorons-le.",
      "Allons au-devant de celui qui vient.",
      "Réjouissez-vous dans le Seigneur, réjouissez-vous, car il est proche."
    ]
  },
  "morning": {
    "psalmody": [
      {
        "psalm": "PSALM_118_19",
        "antiphon": [
          "Dieu se lèvera du Liban, resplendissant comme l’aurore."
        ]
      },
      {
        "psalm": "AT_10",
        "antiphon": [
          "Je regarde vers mon Dieu, j’attends mon Sauveur&nbsp;!"
        ]
      },
      {
        "psalm": "PSALM_116",
        "antiphon": [
          "Prépare-toi, Israël, à rencontrer ton Dieu, car il vient&nbsp;!"
        ]
      }
    ],
    "reading": {
      "biblicalReference": "Is 11, 1-2",
      "content": "Un rameau sortira de la souche de Jessé, père de David, un rejeton jaillira de ses racines. Sur lui reposera l’esprit du Seigneur&nbsp;: esprit de sagesse et de discernement, esprit de conseil et de force, esprit de connaissance et de crainte du Seigneur, qui lui inspirera la crainte du Seigneur."
    },
    "responsory": "<p>R/ Le Seigneur est avec toi,<br>  * Marie, pleine de grâce.<br> V/ Dieu t’a regardée&nbsp;: il a comblé ton attente. * <br> V/ Il vient, le jour se lève&nbsp;; la terre entière exulte. * <br> Gloire au Père et au Fils et au Saint-Esprit.&nbsp;R/ <br></p>"
  },
  "readings": {
    "psalmody": [
      {
        "psalm": "PSALM_106_1",
        "antiphon": [
          "Le salut vient de Dieu&nbsp;: c’est par grâce que nous sommes sauvés."
        ]
      },
      {
        "psalm": "PSALM_106_2",
        "antiphon": [
          "Le salut vient de Dieu&nbsp;: c’est par grâce que nous sommes sauvés."
        ]
      },
      {
        "psalm": "PSALM_106_3",
        "antiphon": [
          "Le salut vient de Dieu&nbsp;: c’est par grâce que nous sommes sauvés."
        ]
      }
    ],
    "verse": "<p>V/ Il révèle à Jacob sa parole,<br> ses volontés et ses lois à Israël.&nbsp;</p>"
  },
  "middleOfDay": {
    "psalmody": [
      {
        "psalm": "PSALM_118_16",
        "antiphon": [
          "Le salut vient de Dieu&nbsp;: c’est par grâce que nous sommes sauvés."
        ]
      },
      {
        "psalm": "PSALM_33_1"
      },
      {
        "psalm": "PSALM_33_2"
      }
    ]
  }
}