{
  "invitatory": {
    "antiphon": [
      "Le Roi qui va venir, venez, adorons-le.",
      "Allons au-devant de celui qui vient.",
      "Réjouissez-vous dans le Seigneur, réjouissez-vous, car il est proche."
    ]
  },
  "morning": {
    "psalmody": [
      {
        "psalm": "PSALM_107",
        "antiphon": [
          "Il viendra de Sion, le Tout-Puissant, c’est lui qui sauvera son peuple."
        ]
      },
      {
        "psalm": "AT_30",
        "antiphon": [
          "Pour la cause de Sion, je ne me tairai pas avant que son Juste ne monte comme l’aurore."
        ]
      },
      {
        "psalm": "PSALM_145",
        "antiphon": [
          "L’Esprit du Seigneur est sur moi, l’Esprit du Seigneur m’a choisi pour porter la Bonne Nouvelle à ses pauvres."
        ]
      }
    ]
  },
  "readings": {
    "psalmody": [
      {
        "psalm": "PSALM_102_1",
        "antiphon": [
          "Le Fils de l’homme a pouvoir sur la terre de remettre les péchés."
        ]
      },
      {
        "psalm": "PSALM_102_2",
        "antiphon": [
          "Le Fils de l’homme a pouvoir sur la terre de remettre les péchés."
        ]
      },
      {
        "psalm": "PSALM_102_3",
        "antiphon": [
          "Le Fils de l’homme a pouvoir sur la terre de remettre les péchés."
        ]
      }
    ],
    "verse": "<p>V/ Viens, Seigneur, montre-nous ton visage,<br> et nous serons sauvés.</p>"
  },
  "middleOfDay": {
    "psalmody": [
      {
        "psalm": "PSALM_118_19",
        "antiphon": [
          "Vierge bénie entre toutes les femmes, Jésus, ton Enfant, est béni&nbsp;!"
        ]
      },
      {
        "psalm": "PSALM_93_1"
      },
      {
        "psalm": "PSALM_93_2"
      }
    ]
  },
  "vespers": {
    "psalmody": [
      {
        "psalm": "PSALM_138_1",
        "antiphon": [
          "Il viendra de Sion, le Tout-Puissant, c’est lui qui sauvera son peuple."
        ]
      },
      {
        "psalm": "PSALM_138_2",
        "antiphon": [
          "Pour la cause de Sion, je ne me tairai pas avant que son Juste ne monte comme l’aurore."
        ]
      },
      {
        "psalm": "NT_6",
        "antiphon": [
          "Gloire au Christ, premier-né d’entre les morts, souverain des rois de la terre&nbsp;!"
        ]
      }
    ]
  }
}