{
  "invitatory": {
    "antiphon": [
      "Le Roi qui va venir, venez, adorons-le.",
      "Allons au-devant de celui qui vient.",
      "Réjouissez-vous dans le Seigneur, réjouissez-vous, car il est proche."
    ]
  },
  "morning": {
    "psalmody": [
      {
        "psalm": "PSALM_50",
        "antiphon": [
          "J’attends mon Sauveur, j’espère en lui, car il est proche."
        ]
      },
      {
        "psalm": "AT_27",
        "antiphon": [
          "Dieu juste et sauveur, pas d’autre Dieu que toi&nbsp;!"
        ]
      },
      {
        "psalm": "PSALM_99",
        "antiphon": [
          "Allez vers le Seigneur avec des chants de joie."
        ]
      }
    ],
    "reading": {
      "biblicalReference": "Jr 30, 21.22",
      "content": "La communauté d’Israël aura pour prince l’un des siens, un chef né au milieu d’elle. Je lui permettrai d’approcher et il aura accès auprès de moi. Vous serez mon peuple, et je serai votre Dieu. Parole du Seigneur."
    },
    "responsory": "<p>R/ Que l’univers chante et crie de joie&nbsp;:<br>  * Car le Seigneur vient.<br> V/ Amour et vérité se rencontrent. * <br> V/ Justice et paix s’embrassent. * <br> Gloire au Père et au Fils et au Saint-Esprit.&nbsp;R/ <br></p>",
    "evangelicAntiphon": {
      "common": "Voici que vient l’homme-Dieu&nbsp;! Voici le Fils de David qui montera sur le trône, alléluia."
    },
    "intercession": {
      "content": "<p>Seigneur Jésus, venu nous appeler à ton Royaume de lumière, que cette lumière éclaire nos vies.</p> <p>R/ Tu es proche, Seigneur&nbsp;: vienne ton jour&nbsp;!</p> <p>Tu te tiens, comme un inconnu, au milieu de nous&nbsp;:<br> —&nbsp;accorde aux hommes de notre temps de reconnaître ton visage.</p> <p>Tu es plus proche de nous que nous-mêmes&nbsp;:<br> —&nbsp;fais-nous la grâce de te préférer à tout.</p> <p>Tu nous aimes d’un amour sans condition&nbsp;:<br> —&nbsp;apprends-nous à nous accueillir les uns les autres.</p> <p>Ta miséricorde te porte au secours des hommes éprouvés&nbsp;:<br> —&nbsp;viens au-devant de ceux qui t’attendent sans le savoir.</p> "
    }
  },
  "readings": {
    "psalmody": [
      {
        "psalm": "PSALM_34_1",
        "antiphon": [
          "C’est par beaucoup de souffrances qu’on parvient au Royaume de Dieu."
        ]
      },
      {
        "psalm": "PSALM_34_2",
        "antiphon": [
          "C’est par beaucoup de souffrances qu’on parvient au Royaume de Dieu."
        ]
      },
      {
        "psalm": "PSALM_34_3",
        "antiphon": [
          "C’est par beaucoup de souffrances qu’on parvient au Royaume de Dieu."
        ]
      }
    ],
    "biblicalReading": {
      "title": "L’Égypte et l’Assyrie se convertiront",
      "ref": "Is 19, 16-25",
      "content": "<p>Ce jour-là, l’Égypte, comme les femmes, sera tremblante et terrifiée quand le SEIGNEUR de l’univers lui-même élèvera la main contre elle. Le pays de Juda sera objet d’effroi pour l’Égypte&nbsp;: chaque fois qu’on l’évoquera, elle sera terrifiée à cause du projet que le SEIGNEUR de l’univers a lui-même formé contre elle. Ce jour-là, il y aura au pays d’Égypte cinq villes pour parler la langue de Canaan et prêter serment au SEIGNEUR de l’univers&nbsp;; l’une d’elles se nomme «&nbsp;Ville-du-Soleil&nbsp;». Ce jour-là, il y aura un autel pour le SEIGNEUR au centre du pays d’Égypte, et près de sa frontière une stèle pour le SEIGNEUR. Ce sera un signe, un témoin, pour le SEIGNEUR de l’univers dans le pays d’Égypte&nbsp;: quand ils crieront vers le SEIGNEUR devant ceux qui les oppriment, il leur enverra un sauveur, un défenseur qui les délivrera. Le SEIGNEUR se fera connaître de l’Égypte et l’Égypte connaîtra le SEIGNEUR, ce jour-là&nbsp;; elle le servira par des sacrifices et des offrandes, elle fera des vœux au SEIGNEUR et les accomplira. Le SEIGNEUR frappera l’Égypte, il frappera et guérira. Elle reviendra au SEIGNEUR qui l’écoutera et la guérira. Ce jour-là, il y aura une route pour relier l’Égypte et Assour. Assour viendra en Égypte, et l’Égypte en Assour&nbsp;; et l’Égypte avec Assour servira le SEIGNEUR. Ce jour-là, entre l’Égypte et Assour, Israël viendra en troisième, bénédiction au milieu de la terre, que bénira le SEIGNEUR Dieu de l’univers en disant&nbsp;: «&nbsp;Bénis soient l’Égypte, mon peuple, Assour, l’ouvrage de mes mains, et Israël, mon héritage.&nbsp;»</p>",
      "responsory": "<p>R/ Seigneur,<br> tu veux que tous les hommes soient sauvés&nbsp;!</p> <p>Dans l’oppression, ils crieront vers toi,<br> et tu leur enverras un Sauveur.</p> <p>On viendra du levant et du couchant,<br> du nord et du midi,<br> pour prendre place au festin du Royaume.</p>"
    },
    "patristicReading": {
      "title": "ENTRETIEN DE SAINT ANSELME SUR L’EXISTENCE DE DIEU",
      "subtitle": "Le désir de Dieu",
      "content": "<p>Allons, courage, pauvre homme&nbsp;! Fuis un peu tes occupations, dérobe-toi un moment au tumulte de tes pensées. Rejette maintenant tes lourds soucis et laisse de côté tes tracas. Donne un petit instant à Dieu et repose-toi un peu en lui. <i>Entre dans la chambre</i> de ton esprit, bannis-en tout, sauf Dieu ou ce qui peut t’aider à le chercher. <i>Ferme la porte</i> et mets-toi à sa recherche. À présent, parle, mon cœur, ouvre-toi tout entier et dis à Dieu&nbsp;: <i>Je cherche ton visage&nbsp;; c’est ton visage, Seigneur, que je cherche.</i> Et maintenant, toi, Seigneur mon Dieu, enseigne à mon cœur où et comment te chercher, où et comment te trouver. Seigneur, si tu n’es pas ici, où te chercherai-je en ton absence&nbsp;? Et si tu es partout, pourquoi ta présence m’est-elle invisible&nbsp;? Certes, tu habites <i>une lumière inaccessible</i>. Mais où est-elle, cette lumière inaccessible&nbsp;? Comment accéder à une lumière inaccessible&nbsp;? Qui donc m’y conduira et m’y introduira pour que je t’y voie&nbsp;? Et puis, à quels indices, sous quels traits te chercher&nbsp;? Je ne t’ai jamais vu, Seigneur mon Dieu, je ne connais pas ton visage. Que peut faire, très haut Seigneur, que peut faire ton lointain exilé&nbsp;? Que peut faire ton serviteur tourmenté de ton amour et rejeté <i>loin de ta face&nbsp;?</i> Il aspire à te voir, et ta face est trop éloignée de lui. Il désire t’aborder et ta demeure est inabordable. Il souhaite te trouver et il ne sait où tu es. Il ambitionne de te chercher, et il ignore ton visage. Seigneur, tu es mon Dieu, tu es mon Maître, et je ne t’ai jamais vu. Tu m’as créé et recréé, tu m’as pourvu de tous mes biens, et je ne te connais pas encore. Bref, j’ai été créé pour te voir, et je n’ai pas encore réalisé ce pour quoi j’ai été créé. <i>Et toi, Seigneur, jusques à quand&nbsp;? Jusques à quand, Seigneur, nous oublieras-tu&nbsp;? Combien de temps nous cacheras-tu ton visage&nbsp;?</i> Quand nous regarderas-tu et nous exauceras-tu&nbsp;? Quand éclaireras-tu nos yeux et nous montreras-tu ta face&nbsp;? Quand reviendras-tu à nous&nbsp;? Regarde-nous, Seigneur, exauce-nous, éclaire-nous, montre-toi à nous. Rends-nous ta présence, pour notre bonheur, toi dont l’absence est pour nous un tel malheur. Aie pitié de nos laborieux efforts vers toi, nous qui ne pouvons rien sans toi. Enseigne-moi à te chercher et montre-toi quand je te cherche&nbsp;; car je ne puis te chercher si tu ne me l’enseignes, ni te trouver si tu ne te montres. En mon désir, puissé-je te chercher, et, dans ma recherche, te désirer&nbsp;; dans mon amour, puissé-je te trouver et, en te trouvant, t’aimer.</p>",
      "responsory": "<p>R/ Ce soir peut-être aux pas d’un inconnu,<br> Nos yeux liront les routes de Jésus,<br> Visage d’homme aux traits marqués de coups,<br> Cortège d’hommes aux poings levés vers nous&nbsp;:<br> Te voir, Seigneur, en tout homme né<br> Sous le soleil pour ta liberté.</p>"
    },
    "verse": "<p>V/ Que vienne à moi, Seigneur, ton amour,<br> et ton salut, selon ta promesse.</p>",
    "oration": [
      "Déploie, Seigneur, ta puissance et viens&nbsp;: puisque, dans le péril où nous mettent nos péchés, nous ne pouvons obtenir que de toi la délivrance et le salut. Toi qui règnes."
    ]
  },
  "middleOfDay": {
    "psalmody": [
      {
        "psalm": "PSALM_118_4",
        "antiphon": [
          "La loi viendra de Sion, et de Jérusalem, la parole du Seigneur."
        ]
      },
      {
        "psalm": "PSALM_25"
      },
      {
        "psalm": "PSALM_27"
      }
    ]
  },
  "vespers": {
    "psalmody": [
      {
        "psalm": "PSALM_40",
        "antiphon": [
          "Voici le Seigneur, il arrive de loin, l’éclat de son nom couvre la terre."
        ]
      },
      {
        "psalm": "PSALM_45",
        "antiphon": [
          "Ant.&nbsp;R/ du psaume"
        ]
      },
      {
        "psalm": "NT_11",
        "antiphon": [
          "Ne craignez pas&nbsp;: vous verrez que le Seigneur est avec vous."
        ]
      }
    ],
    "reading": {
      "biblicalReference": "2 P 3. 8b-9",
      "content": "Pour le Seigneur, un seul jour est comme mille ans, et mille ans sont comme un seul jour. Le Seigneur n’est pas en retard pour tenir sa promesse, comme le pensent certaines personnes&nbsp;; c’est pour vous qu’il patiente&nbsp;: car il n’accepte pas d’en laisser quelques-uns se perdre&nbsp;; mais il veut que tous aient le temps de se convertir."
    },
    "responsory": "<p>R/ Notre âme attend le Seigneur.<br>  *  En lui la joie de notre cœur.<br> V/ Son salut est proche de ceux qui le craignent.&nbsp; * <br> V/ Sa gloire habitera notre terre.  * <br> Gloire au Père et au Fils et au Saint-Esprit.&nbsp;R/ <br></p>",
    "evangelicAntiphon": {
      "common": "Du pays d’Égypte j’ai rappelé mon Fils&nbsp;: il viendra, il sauvera son peuple."
    },
    "intercession": {
      "content": "<p>Seigneur Jésus, Berger du peuple de Dieu,<br> rassemble son Église dans l’unité de la foi et de l’amour.</p> <p>R/ Visite-nous par ton amour&nbsp;!</p> <p>Viens en aide aux pasteurs de ton peuple,<br> —&nbsp;qu’ils conduisent leurs frères dans la vérité, jusqu’au jour de ta venue.</p> <p>Choisis parmi nous des messagers de ta parole,<br> —&nbsp;qu’ils annoncent l’Évangile à toute la terre.</p> <p>Prends pitié de ceux qui peinent et défaillent en chemin,<br> —&nbsp;donne-leur de rencontrer le soutien d’un ami.</p> <p>Reconnais ceux qui ont ici-bas écouté ta voix,<br> —&nbsp;fais-les entrer dans la paix du ciel.</p> "
    }
  }
}