{
  "invitatory": {
    "antiphon": [
      "Le Roi qui va venir, venez, adorons-le.",
      "Allons au-devant de celui qui vient.",
      "Réjouissez-vous dans le Seigneur, réjouissez-vous, car il est proche."
    ]
  },
  "morning": {
    "psalmody": [
      {
        "psalm": "PSALM_56",
        "antiphon": [
          "Que Dieu envoie son amour et sa vérité, du ciel qu’il envoie le salut."
        ]
      },
      {
        "psalm": "AT_36",
        "antiphon": [
          "Comme un berger garde son troupeau, le Seigneur veillera sur nous."
        ]
      },
      {
        "psalm": "PSALM_47",
        "antiphon": [
          "Dieu, nous revivons ton amour au milieu de ton temple."
        ]
      }
    ],
    "reading": {
      "biblicalReference": "Is 45, 8",
      "content": "Que les cieux distillent la rosée, que les nuages répandent la justice, que la terre s’entrouvre et que le salut s’épanouisse, que la justice fasse éclater en même temps tous ses bourgeons."
    },
    "responsory": "<p>R/ Voici votre Dieu&nbsp;!<br>  * Voici le Seigneur Dieu&nbsp;!<br> V/ Il vient avec puissance. * <br> V/ Toute chair verra sa gloire. * <br> Gloire au Père et au Fils et au Saint-Esprit.&nbsp;R/ <br></p>",
    "evangelicAntiphon": {
      "common": "J’attends mon Sauveur, j’espère en lui, car il est proche, alléluia."
    },
    "intercession": {
      "content": "<p>Seigneur Jésus, venu du sein du Père pour partager notre vie,<br> libère-nous de tout ce qui nous retient loin de toi et loin de nos frères.</p> <p>R/ Visite-nous, Seigneur, dans ta miséricorde&nbsp;!</p> <p>Toi qui viendras manifester ta gloire à tes élus,<br> —&nbsp;creuse dans nos cœurs une attente aussi vaste que tes promesses.</p> <p>Toi qui nous conduis par la lumière de la foi,<br> —&nbsp;donne-nous imagination et courage pour accorder notre vie à notre foi.</p> <p>Toi qui frémissais de compassion devant les souffrances des hommes,<br> —&nbsp;soutiens les malades et ceux qui les soignent.</p> <p>Toi qui es venu offrir à tous les hommes le salut promis à Israël,<br> —&nbsp;protège ton Église contre toute ségrégation en elle-même et dans le monde.</p> "
    }
  },
  "readings": {
    "psalmody": [
      {
        "psalm": "PSALM_17_4",
        "antiphon": [
          "Dieu se montre fidèle à son Messie, à sa descendance pour toujours."
        ]
      },
      {
        "psalm": "PSALM_17_5",
        "antiphon": [
          "Dieu se montre fidèle à son Messie, à sa descendance pour toujours."
        ]
      },
      {
        "psalm": "PSALM_17_6",
        "antiphon": [
          "Dieu se montre fidèle à son Messie, à sa descendance pour toujours."
        ]
      }
    ],
    "biblicalReading": {
      "title": "Des pays traditionnellement ennemis seront réconciliés",
      "ref": "Is 16, 1-5; 17, 4-8",
      "content": "<p>Envoyez au maître du pays un agneau, depuis La Roche au désert, vers la montagne de la fille de Sion. Des oiseaux qui s’enfuient, une nichée dispersée, telles seront les filles de Moab, aux gués de l’Arnon. Moab dit à Juda&nbsp;: «&nbsp;Fais des plans&nbsp;! Prends une décision&nbsp;! En plein midi, fais-nous une ombre comme la nuit, cache les expulsés, ne trahis pas les fugitifs&nbsp;! Que les expulsés de Moab trouvent chez toi un asile, sois un abri pour eux face au dévastateur. Quand l’oppression aura disparu, quand la dévastation aura pris fin, quand sera parti du pays celui qui le foulait, un trône s’établira sur la fidélité&nbsp;; et, pour la maison de David, siégera sur ce trône avec loyauté le juge qui cherche le droit et fait prompte justice.&nbsp;» Ce jour-là, la gloire de Jacob faiblira, sa chair s’amaigrira. Ce sera comme à la moisson, quand le blé est ramassé, que les épis sont recueillis à brassée et rassemblés au val des Rephaïm&nbsp;; il n’y restera presque rien à glaner, comme à la cueillette des olives&nbsp;: deux ou trois olives à la cime des plus hautes branches, quatre ou cinq sur les meilleurs rameaux —&nbsp;oracle du SEIGNEUR, le Dieu d’Israël. Ce jour-là, l’homme regardera vers Celui qui l’a fait et portera les yeux vers le Saint d’Israël. Il ne regardera plus vers les autels faits de ses mains&nbsp;; il ne verra plus ce que ses doigts avaient fait, ni les poteaux sacrés, ni les colonnes à encens.</p>",
      "responsory": "<p>R/ Le Père ne juge personne,<br> tout le jugement il l’a remis au Fils&nbsp;!</p> <p>En ces jours-là, je ferai lever pour David<br> un germe de justice.</p> <p>Son trône s’affermira dans la douceur,<br> son jugement s’établira dans la fidélité.</p>"
    },
    "patristicReading": {
      "title": "COMMENTAIRE DE SAINT ÉPHREM SUR L’ÉVANGILE CONCORDANT",
      "subtitle": "«&nbsp;Veillez&nbsp;»",
      "content": "<p>Le Christ a dit, pour empêcher les disciples de l’interroger sur le moment de son avènement&nbsp;: <i>Quant à l’heure, personne ne la connaît, pas même les Anges, pas même le Fils. Il ne vous appartient pas de connaître les délais et les dates.</i> Il nous a caché cela pour que nous veillions, et pour que chacun d’entre nous pense que cela pourra se produire pendant sa vie. Si le temps de sa venue avait été révélé, son avènement aurait été quelque chose de banal, et les nations et les siècles dans lesquels il se produira ne l’auraient pas désiré. Il a bien dit qu’il viendrait, mais il n’a pas précisé à quel moment, et ainsi toutes les générations et tous les siècles l’attendent ardemment. Bien que le Seigneur ait fait connaître les signes de son avènement, on ne voit pas clairement leur terme&nbsp;; car ces signes, dans un changement constant, sont venus et sont passés, et ils durent toujours. Son ultime avènement est en effet semblable au premier. Les justes et les prophètes le désiraient, parce qu’ils estimaient qu’il paraîtrait de leur temps&nbsp;; de même, aujourd’hui, chacun des fidèles désire le recevoir de son temps, et cela d’autant plus qu’il n’a pas dit clairement le jour de son apparition. Il voulait surtout, lui qui domine les nombres et le temps, qu’on ne le crût pas soumis à un commandement et à une heure. Ce qu’il a établi lui-même, comment cela lui serait-il caché, alors qu’il a décrit les signes de son avènement&nbsp;? Il a mis ces signes en relief pour que, dès le premier jour, tous les peuples et les siècles pensent que l’avènement du Christ se ferait de leur temps. Veillez, car, lorsque le corps sommeille, c’est la nature qui nous domine et notre action est alors dirigée non par notre volonté, mais par l’impulsion de la nature. Et lorsque règne sur l’âme une lourde torpeur de faiblesse et de tristesse, c’est l’ennemi qui la domine et la mène contre son propre gré. La force domine la nature, et l’ennemi domine l’âme. C’est pourquoi notre Seigneur a parlé de la vigilance de l’âme et de celle du corps, afin que le corps ne sombre pas dans un lourd sommeil, ni l’âme dans l’engourdissement. Comme dit l’Écriture&nbsp;: <i>Veillez, comme il est juste.</i> Et encore&nbsp;: <i>Je m’éveille, et je suis encore avec toi.</i> Et enfin&nbsp;: <i>Ne perdez pas courage.</i> C’est pourquoi <i>nous ne perdons pas courage dans le ministère qui nous est confié.</i></p>",
      "responsory": "<p>R/ Debout&nbsp;! Le Seigneur vient&nbsp;!<br> Une voix prophétique a surgi du désert.<br> Un désir, une attente<br> ont mûri nos esprits.<br> Préparons-nous&nbsp;!</p> <p>Le Seigneur vient&nbsp;!</p>"
    },
    "verse": "<p>V/ Écoutez, tous les peuples, la parole du Seigneur,<br> annoncez-la aux îles lointaines.</p>",
    "oration": [
      "Déploie, Seigneur, ta puissance, soutiens-nous de ta force, afin que le salut retardé par nos fautes soit hâté par l’indulgence de ta grâce."
    ]
  },
  "middleOfDay": {
    "psalmody": [
      {
        "psalm": "PSALM_118_3",
        "antiphon": [
          "Souviens-toi, Seigneur, de ton amour et viens nous sauver."
        ]
      },
      {
        "psalm": "PSALM_24_1"
      },
      {
        "psalm": "PSALM_24_2"
      }
    ]
  },
  "vespers": {
    "psalmody": [
      {
        "psalm": "PSALM_29",
        "antiphon": [
          "Un grand prophète vient vers toi, Jérusalem&nbsp;: c’est lui qui te relèvera, alléluia&nbsp;!"
        ]
      },
      {
        "psalm": "PSALM_31",
        "antiphon": [
          "Je rendrai grâce au Seigneur en confessant mon péché."
        ]
      },
      {
        "psalm": "NT_10",
        "antiphon": [
          "Lève les yeux, Jérusalem, vois la puissance de ton Roi, le Sauveur vient briser tes chaînes."
        ]
      }
    ],
    "reading": {
      "biblicalReference": "Jc 5, 7-8.9b",
      "content": "Frères, en attendant la venue du Seigneur, ayez de la patience. Voyez le cultivateur&nbsp;: il attend les produits précieux de la terre avec patience, jusqu’à ce qu’il ait fait la première et la dernière récoltes. Ayez de la patience, vous aussi, et soyez fermes, car la venue du Seigneur est proche. Voyez&nbsp;: le Juge est à notre porte."
    },
    "responsory": "<p>R/ À toi, Dieu, nous rendons grâce&nbsp;:<br>  *  Ton Nom est proche.<br> V/ De toi vient le relèvement.  * <br> Gloire au Père et au Fils et au Saint-Esprit.&nbsp;R/ <br></p>",
    "evangelicAntiphon": {
      "common": "Vierge bénie entre toutes les femmes, Jésus, ton enfant, est béni."
    },
    "intercession": {
      "content": "<p>Verbe éternel, dans ces temps qui sont les derniers, tu as pris notre nature, fais de notre vie une marche vers le Royaume des cieux.</p> <p>R/ Viens, Seigneur Jésus&nbsp;!</p> <p>Vraie lumière, qui éclaires tout homme en ce monde,<br> —&nbsp;dissipe les ténèbres de notre ignorance.</p> <p>Fils unique, qui es dans le sein du Père,<br> —&nbsp;donne-nous de comprendre combien Dieu nous aime.</p> <p>Christ Jésus, né comme un homme parmi les hommes,<br> —&nbsp;conforme-nous à ton image pour faire de nous des enfants de Dieu.</p> <p>Toi qui brises les portes de nos prisons,<br> —&nbsp;accueille au festin des noces ceux qui mendient leur pain à ta porte.</p> "
    }
  }
}