{
  "invitatory": {
    "antiphon": [
      "Le Roi qui va venir, venez, adorons-le.",
      "Allons au-devant de celui qui vient.",
      "Réjouissez-vous dans le Seigneur, réjouissez-vous, car il est proche."
    ]
  },
  "morning": {
    "psalmody": [
      {
        "psalm": "PSALM_86",
        "antiphon": [
          "Il vient, celui que les peuples désirent&nbsp;! la maison du Seigneur va resplendir de gloire&nbsp;!"
        ]
      },
      {
        "psalm": "AT_25",
        "antiphon": [
          "Voici le Seigneur Dieu&nbsp;! Il vient avec puissance."
        ]
      },
      {
        "psalm": "PSALM_98",
        "antiphon": [
          "Le Seigneur sortira de sa demeure. Il viendra, il sauvera son peuple."
        ]
      }
    ],
    "reading": {
      "biblicalReference": "Is 45, 8",
      "content": "Que les cieux distillent la rosée, que les nuages répandent la justice, que la terre s’entrouvre et que le salut s’épanouisse, que la justice fasse éclater en même temps tous ses bourgeons."
    },
    "responsory": "<p>R/ Voici votre Dieu&nbsp;!<br>  * Voici le Seigneur Dieu&nbsp;!<br> V/ Il vient avec puissance. * <br> V/ Toute chair verra sa gloire. * <br> Gloire au Père et au Fils et au Saint-Esprit.&nbsp;R/ <br></p>",
    "evangelicAntiphon": {
      "common": "Éveille-toi, Seigneur, et revêts ta puissance."
    },
    "intercession": {
      "content": "<p>Avec une joie renouvelée, prions notre Rédempteur,<br> qui nous justifie par la grâce de sa venue&nbsp;:</p> <p>R/ Viens, Seigneur Jésus&nbsp;! Viens, justice de Dieu&nbsp;!</p> <p>Toi dont les prophètes avaient annoncé la naissance,<br> fortifie ce que tu fais renaître en nous.</p> <p>Toi qui es venu guérir les cœurs contrits,<br> libère ton peuple de ses tristesses.</p> <p>Toi qui es venu réconcilier le monde avec Dieu,<br> quand tu viendras pour le jugement, ne nous condamne pas.</p> <p>Nous proclamons aujourd’hui ton salut&nbsp;;<br> donne-nous d’en connaître la joie.</p> "
    }
  },
  "readings": {
    "psalmody": [
      {
        "psalm": "PSALM_88_4",
        "antiphon": [
          "Viens, Seigneur, prends en pitié ton serviteur."
        ]
      },
      {
        "psalm": "PSALM_88_5",
        "antiphon": [
          "Viens, Seigneur, prends en pitié ton serviteur."
        ]
      },
      {
        "psalm": "PSALM_89",
        "antiphon": [
          "Paraisse ton œuvre en tes serviteurs, brille ta splendeur sur leurs enfants."
        ]
      }
    ],
    "biblicalReading": {
      "title": "Renouveau",
      "ref": "Is 32, 15 –&nbsp;33, 6",
      "content": "<p>Jusqu’à ce que soit répandu sur nous l’esprit qui vient d’en haut. Alors le désert deviendra un verger, et le verger sera pareil à une forêt. Le droit habitera le désert, la justice résidera dans le verger. L’œuvre de la justice sera la paix, et la pratique de la justice, le calme et la sécurité pour toujours. Mon peuple habitera un séjour de paix, des demeures protégées, des lieux sûrs de repos. —&nbsp;Mais la forêt s’écroulera sous la grêle et la ville sera entièrement démolie. Heureux vous qui sèmerez près de tous les cours d’eau, et laisserez aller le bœuf et l’âne. Malheur&nbsp;! Toi, dévastateur qui n’as pas été dévasté, ravageur qui n’as pas subi de ravage, quand tu auras fini de dévaster, tu seras dévasté&nbsp;! quand tu auras cessé de ravager, on te ravagera&nbsp;! SEIGNEUR, fais-nous grâce&nbsp;: c’est toi que nous attendons&nbsp;! Chaque matin, sois notre bras, notre salut aux jours de détresse. À la voix qui tonne, les peuples s’enfuient&nbsp;; quand tu te lèves, les nations se dispersent. Votre butin s’entasse comme s’entassent des insectes&nbsp;; c’est la ruée, une ruée de sauterelles. Le SEIGNEUR domine, il habite les hauteurs&nbsp;; il emplit Sion de droit et de justice&nbsp;: il sera la sécurité de tes jours. Sagesse et connaissance&nbsp;: des biens pour le salut&nbsp;; la crainte du SEIGNEUR&nbsp;: un trésor qu’il te donne.</p>",
      "responsory": "<p>R/ L’Esprit venu d’en haut sera répandu sur nous&nbsp;!</p> <p>Mon peuple habitera un séjour de paix&nbsp;;<br> heureux seront-ils&nbsp;:<br> ils sèmeront partout où il y a de l’eau.</p> <p>Je vous laisse la paix, dit le Seigneur,<br> je vous donne ma joie.<br> Que votre cœur cesse de se troubler.</p>"
    },
    "patristicReading": {
      "title": "ACTES DU IIe CONCILE VATICAN II&nbsp;: La Révélation divine",
      "subtitle": "Le Christ, plénitude personnelle de la Révélation",
      "content": "<p>Dieu, qui crée toutes choses par le Verbe et les conserve par lui, offre aux hommes, dans les créatures, un témoignage incessant sur lui-même. En outre, comme il veut ouvrir le chemin du salut surnaturel, il s’est manifesté dès le commencement à nos premiers parents. Après leur chute, il les releva en leur faisant espérer le salut par la promesse de la rédemption. Sans relâche il s’est soucié du genre humain pour donner la vie éternelle à tous ceux qui recherchaient le salut en persévérant dans le bien. Le moment venu, il appela Abraham pour faire de lui le père d’un grand peuple. Après les Patriarches, il forma ce peuple, par la voix de Moïse et des Prophètes, afin qu’il le reconnaisse comme le seul Dieu vivant et véritable, Père attentionné et Juge plein de justice&nbsp;; afin aussi qu’il attende le Sauveur promis. Et c’est ainsi qu’au long des siècles il prépara la route pour l’Évangile. Après avoir <i>parlé à nos pères par les prophètes, sous des formes fragmentaires et variées, Dieu, dans les derniers temps, dans ces jours où nous sommes, nous a parlé par son Fils</i>. En effet, il a envoyé son Fils, le Verbe éternel <i>qui éclaire tout homme</i>, pour qu’il fasse sa demeure parmi eux et leur fasse connaître les secrets de Dieu. Jésus Christ, le Verbe fait chair, homme envoyé aux hommes, <i>prononce</i> donc <i>les paroles de Dieu</i>, et achève l’œuvre de salut que le Père l’a chargé d’accomplir. Puisque celui qui voit le Christ voit le Père, c’est lui par conséquent qui, par toute sa présence et en se manifestant lui-même, par ses paroles et ses œuvres, par ses signes et ses miracles, mais surtout par sa mort glorieuse et sa résurrection d’entre les morts, enfin par l’envoi de l’Esprit de vérité, achève la révélation en la rendant accomplie. Il confirme par une attestation divine que Dieu est avec nous afin de nous arracher aux ténèbres du péché et de la mort, et afin de nous ressusciter pour la vie éternelle. L’économie chrétienne, puisqu’elle est l’Alliance nouvelle et définitive, ne passera donc jamais&nbsp;; désormais on ne doit attendre aucune nouvelle révélation publique avant la manifestation glorieuse de notre Seigneur Jésus Christ.</p>",
      "responsory": "<p>R/ En ces jours-là, les sourds entendront,<br> les yeux des aveugles s’ouvriront.</p> <p>Que les humbles se réjouissent,<br> que les pauvres exultent dans le Seigneur.</p> <p>Désormais, dit le Seigneur,<br> Jacob n’aura plus de honte,<br> il verra l’œuvre de mes mains.</p>"
    },
    "verse": "<p>V/ Écoutez, tous les peuples, la parole du Seigneur,<br> annoncez-la aux îles lointaines.</p>",
    "oration": [
      "Seigneur, nous sommes des serviteurs indignes de toi, et nous sentons avec tristesse tout le mal qui fausse notre vie&nbsp;; donne-nous cependant de trouver notre joie dans la naissance de ton Fils, car il vient pour nous sauver. Lui qui règne."
    ]
  },
  "middleOfDay": {
    "psalmody": [
      {
        "psalm": "PSALM_118_15",
        "antiphon": [
          "J’espère en ta parole&nbsp;: ne déçois pas mon attente."
        ]
      },
      {
        "psalm": "PSALM_78"
      },
      {
        "psalm": "PSALM_79"
      }
    ]
  },
  "vespers": {
    "psalmody": [
      {
        "psalm": "PSALM_131_1",
        "antiphon": [
          "Il régnera pour toujours, alléluia, sur le Royaume de David, alléluia&nbsp;!"
        ]
      },
      {
        "psalm": "PSALM_131_2",
        "antiphon": [
          "Es-tu celui qui doit venir, ou devons-nous en attendre un autre&nbsp;?"
        ]
      },
      {
        "psalm": "NT_10",
        "antiphon": [
          "Lève les yeux, Jérusalem, vois la puissance de ton Roi, le Sauveur vient briser tes chaînes."
        ]
      }
    ],
    "reading": {
      "biblicalReference": "Jc 5, 7-8.9b",
      "content": "Frères, en attendant la venue du Seigneur, ayez de la patience. Voyez le cultivateur&nbsp;: il attend les produits précieux de la terre avec patience, jusqu’à ce qu’il ait fait la première et la dernière récoltes. Ayez de la patience, vous aussi, et soyez fermes, car la venue du Seigneur est proche. Voyez&nbsp;: le Juge est à notre porte."
    },
    "responsory": "<p>R/ À toi, Dieu, nous rendons grâce&nbsp;:<br>  *  Ton Nom est proche.<br> V/ De toi vient le relèvement.  * <br> Gloire au Père et au Fils et au Saint-Esprit.&nbsp;R/ <br></p>",
    "evangelicAntiphon": {
      "common": "Réjouis-toi, Jérusalem, vous qui l’aimez, rassemblez-vous, exultez de sa joie."
    },
    "intercession": {
      "content": "<p>Dans l’allégresse, prions le Seigneur qui s’est humilié pour nous&nbsp;:</p> <p>R/ Viens, Seigneur Jésus, fruit de la terre et don du ciel&nbsp;!</p> <p>Ô Emmanuel, venu renouveler le monde,<br> purifie nos âmes et nos corps.</p> <p>Dans le mystère de ton incarnation, tu nous appelles tes frères&nbsp;;<br> garde-nous d’écouter d’autres voix.</p> <p>Accorde-nous d’accueillir pleinement ton salut&nbsp;:<br> que ton jugement soit notre délivrance.</p> <p>Ton pardon généreux est de chaque instant&nbsp;:<br> laisse-nous espérer la gloire sans fin.</p> <p>Nous te confions nos frères qui sont morts&nbsp;;<br> qu’ils vivent de toi pour toujours.</p> "
    }
  }
}