{
  "invitatory": {
    "antiphon": [
      "Le Roi qui va venir, venez, adorons-le.",
      "Allons au-devant de celui qui vient.",
      "Réjouissez-vous dans le Seigneur, réjouissez-vous, car il est proche."
    ]
  },
  "morning": {
    "psalmody": [
      {
        "psalm": "PSALM_91"
      },
      {
        "psalm": "AT_38"
      },
      {
        "psalm": "PSALM_8"
      }
    ]
  },
  "readings": {
    "psalmody": [
      {
        "psalm": "PSALM_77_4",
        "antiphon": [
          "Quand nous sommes infidèles, le Seigneur reste fidèle&nbsp;; pourrait-il se renier lui-même&nbsp;?"
        ]
      },
      {
        "psalm": "PSALM_77_5",
        "antiphon": [
          "Quand nous sommes infidèles, le Seigneur reste fidèle&nbsp;; pourrait-il se renier lui-même&nbsp;?"
        ]
      },
      {
        "psalm": "PSALM_77_6",
        "antiphon": [
          "Quand nous sommes infidèles, le Seigneur reste fidèle&nbsp;; pourrait-il se renier lui-même&nbsp;?"
        ]
      }
    ],
    "verse": "<p>V/ Dieu révèle à Jacob sa parole,<br> ses volontés et ses lois à Israël.</p>"
  },
  "middleOfDay": {
    "psalmody": [
      {
        "psalm": "PSALM_118_22",
        "antiphon": [
          "Les Prophètes l’ont dit&nbsp;: le Sauveur naîtra de la Vierge Marie."
        ]
      },
      {
        "psalm": "PSALM_44_1"
      },
      {
        "psalm": "PSALM_44_2"
      }
    ]
  }
}