{
  "invitatory": {
    "antiphon": [
      "Le Roi qui va venir, venez, adorons-le.",
      "Allons au-devant de celui qui vient.",
      "Réjouissez-vous dans le Seigneur, réjouissez-vous, car il est proche."
    ]
  },
  "morning": {
    "psalmody": [
      {
        "psalm": "PSALM_35",
        "antiphon": [
          "Le Seigneur viendra, accompagné de tous les justes, on verra, ce jour-là, une grande lumière."
        ]
      },
      {
        "psalm": "AT_7",
        "antiphon": [
          "Je chanterai pour mon Dieu un chant nouveau."
        ]
      },
      {
        "psalm": "PSALM_46",
        "antiphon": [
          "Tous les peuples, battez des mains, acclamez Dieu par vos cris de joie&nbsp;!"
        ]
      }
    ],
    "reading": {
      "biblicalReference": "Is 7, 14b-15",
      "content": "Voici que la jeune femme est enceinte, elle enfantera un fils, et on l’appellera Emmanuel, (c’est-à-dire&nbsp;: Dieu avec nous). De crème et de miel il se nourrira, et il saura rejeter le mal et choisir le bien."
    },
    "responsory": "<p>R/ Le Seigneur est avec toi,<br>  * Marie, pleine de grâce.<br> V/ Dieu t’a regardée&nbsp;: il a comblé ton attente, * <br> V/ Il vient, le jour se lève&nbsp;; la terre entière exulte, * <br> Gloire au Père et au Fils et au Saint-Esprit.&nbsp;R/ <br></p>",
    "evangelicAntiphon": {
      "common": "Il vient après moi, celui qui est plus grand que moi."
    },
    "intercession": {
      "content": "<p>Verbe de Dieu, venu partager notre condition d’homme, fais grandir en nous le désir d’avoir part à ta gloire.</p> <p>R/ En toi notre salut, Seigneur, Emmanuel&nbsp;!</p> <p>Prince de la paix, venu pour changer les épées en charrues et les lances en faucilles,<br> fais-nous passer de la haine à l’amour, de l’injure au pardon.</p> <p>Envoyé du Père pour annoncer la délivrance des captifs,<br> rends-nous solidaires de la lutte pour la justice et la vérité.</p> <p>Maître de justice, qui ne juges pas sur l’apparence,<br> donne-nous de vivre dans l’humilité et d’accomplir la vérité.</p> <p>Quand tu viendras avec puissance et grande gloire,<br> accorde-nous de paraître devant toi dans l’assurance de ta miséricorde.</p> "
    }
  },
  "readings": {
    "psalmody": [
      {
        "psalm": "PSALM_17_1",
        "antiphon": [
          "Il viendra, le Fils de l’homme&nbsp;; il viendra sur la nuée avec gloire et puissance, et vous le verrez."
        ]
      },
      {
        "psalm": "PSALM_17_2",
        "antiphon": [
          "Il viendra, le Fils de l’homme&nbsp;; il viendra sur la nuée avec gloire et puissance, et vous le verrez."
        ]
      },
      {
        "psalm": "PSALM_17_3",
        "antiphon": [
          "Il viendra, le Fils de l’homme&nbsp;; il viendra sur la nuée avec gloire et puissance, et vous le verrez."
        ]
      }
    ],
    "biblicalReading": {
      "title": "Cette vigne saccagée, c’est la Maison d’Israël",
      "ref": "Is 5, 1-7",
      "content": "<p>Je veux chanter pour mon ami le chant du bien-aimé à sa vigne. Mon ami avait une vigne sur un coteau fertile. Il en retourna la terre, en retira les pierres, pour y mettre un plant de qualité. Au milieu, il bâtit une tour de garde et creusa aussi un pressoir. Il en attendait de beaux raisins, mais elle en donna de mauvais. Et maintenant, habitants de Jérusalem, hommes de Juda, soyez donc juges entre moi et ma vigne&nbsp;! Pouvais-je faire pour ma vigne plus que je n’ai fait&nbsp;? J’attendais de beaux raisins, pourquoi en a-t-elle donné de mauvais&nbsp;? Eh bien, je vais vous apprendre ce que je ferai de ma vigne&nbsp;: enlever sa clôture pour qu’elle soit dévorée par les animaux, ouvrir une brèche dans son mur pour qu’elle soit piétinée. J’en ferai une pente désolée&nbsp;; elle ne sera ni taillée ni sarclée, il y poussera des épines et des ronces&nbsp;; j’interdirai aux nuages d’y faire tomber la pluie. La vigne du SEIGNEUR de l’univers, c’est la maison d’Israël. Le plant qu’il chérissait, ce sont les hommes de Juda. Il en attendait le droit, et voici le crime&nbsp;; il en attendait la justice, et voici les cris.</p>",
      "responsory": "<p>R/ Plus jamais nous n’irons loin de toi,<br> laisse-nous vivre et invoquer ton nom.</p> <p>La vigne que tu as prise en Égypte,<br> tu l’as replantée en écartant les nations.<br> Pourquoi as-tu percé sa clôture&nbsp;?</p> <p>Dieu de l’univers, reviens&nbsp;!<br> Interviens pour cette vigne,<br> pour la souche que ta main a plantée&nbsp;!</p>"
    },
    "patristicReading": {
      "title": "SERMON DE SAINT BERNARD POUR L’AVENT",
      "subtitle": "Il viendra parmi nous, le Verbe de Dieu",
      "content": "<p>Nous savons qu’il y a une triple venue du Seigneur. ~ La troisième se situe entre les deux autres. ~ Celles-ci, en effet, sont manifestes, celle-là, non. Dans sa première venue, il a paru sur la terre et il a vécu avec les hommes, lorsque —&nbsp;comme lui-même en témoigne —&nbsp;ils l’ont vu et l’ont pris en haine. Mais lors de sa dernière venue, <i>toute chair verra le salut de notre Dieu et ils regarderont vers celui qu’ils ont transpercé</i>. La venue intermédiaire, elle, est cachée&nbsp;: les élus seuls la voient au fond d’eux-mêmes, et leur âme est sauvée. Ainsi il est venu d’abord dans la chair et la faiblesse&nbsp;; puis, dans l’entre-deux, il vient en esprit et en puissance&nbsp;; enfin il viendra dans la gloire et la majesté. ~ Cette venue intermédiaire est vraiment comme la voie par laquelle on passe de la première à la dernière&nbsp;: dans la première le Christ fut notre rédemption, dans la dernière il apparaîtra comme notre vie, et entre temps il est notre repos et notre consolation. Mais pour que personne ne risque de penser que ce que nous disons de cette venue intermédiaire est une invention de notre part, écoutez ce que dit le Seigneur lui-même&nbsp;: <i>Si quelqu’un m’aime, il gardera mes paroles, et mon Père l’aimera et nous viendrons à lui</i>. Ailleurs j’ai lu en effet&nbsp;: <i>Qui craint Dieu fera le bien.</i> Mais je perçois qu’ici Jésus exprime quelque chose de plus en disant de celui qui l’aime&nbsp;: <i>il gardera mes paroles.</i> Mais où les gardera-t-il&nbsp;? —&nbsp;Dans son cœur, sans aucun doute. Comme le dit le prophète&nbsp;: <i>Dans mon cœur je conserve tes ordres pour ne point faillir envers toi</i>. ~ Voici comment il te faut garder la parole de Dieu&nbsp;: <i>Heureux</i>, en effet, <i>ceux qui la gardent.</i> Qu’on la fasse donc entrer dans ce qu’on peut appeler les entrailles de l’âme&nbsp;; qu’elle passe dans les mouvements de ton cœur et dans ta conduite. Consomme ce qui est bien, et ton âme y trouvera avec joie de quoi s’y nourrir largement. N’oublie pas de manger ton pain pour ne pas laisser ton cœur se dessécher&nbsp;; de bonne et grasse nourriture rassasie ton âme. Si de la sorte tu t’es mis à garder en toi la parole de Dieu, nul doute qu’elle ne te garde aussi. Le Fils viendra à toi, avec le Père&nbsp;; il viendra, le grand prophète, qui rétablira Jérusalem&nbsp;; c’est lui qui fait toutes choses nouvelles. Voici en effet ce qu’accomplira sa venue&nbsp;: alors, <i>de même que nous sommes à l’image de l’homme pétri de terre, de même nous serons à l’image de celui qui vient du ciel.</i> Comme le vieil Adam s’est répandu à travers l’homme tout entier et y a pris toute la place, de la même manière il faut que le Christ occupe toute la place, lui qui a créé l’homme dans sa totalité, qui le rachète intégralement et le glorifie dans son entier.</p>",
      "responsory": "<p>R/ Viens bientôt, Sauveur du monde,<br> Lève-toi, clarté d’en haut&nbsp;;<br> Vrai soleil du jour nouveau,<br> Viens percer la nuit profonde.</p> <p>Ta naissance dans l’histoire<br> transfigure nos tourments<br> En douleurs d’enfantement<br> Où, déjà, surgit ta gloire.</p>"
    },
    "verse": "<p>V/ Viens, Seigneur, montre-nous ton visage,<br> et nous serons sauvés.<br></p>",
    "oration": [
      "Apprête nos cœurs, Dieu très bon, par la puissance de ta grâce, pour qu’au jour où ton Fils viendra, il nous juge dignes de prendre place à sa table et de recevoir, de sa main, le pain du ciel. Lui qui règne."
    ]
  },
  "middleOfDay": {
    "psalmody": [
      {
        "psalm": "PSALM_118_2",
        "antiphon": [
          "Il viendra, le Seigneur notre Dieu, et toute chair verra sa puissance."
        ]
      },
      {
        "psalm": "PSALM_16_1"
      },
      {
        "psalm": "PSALM_16_2"
      }
    ]
  },
  "vespers": {
    "psalmody": [
      {
        "psalm": "PSALM_26_1",
        "antiphon": [
          "Mon cœur m’a redit ta parole&nbsp;: cherchez ma face."
        ]
      },
      {
        "psalm": "PSALM_26_2",
        "antiphon": [
          "Mon cœur m’a redit ta parole&nbsp;: cherchez ma face."
        ]
      },
      {
        "psalm": "NT_6",
        "antiphon": [
          "Tout vient de lui, tout est par lui, tout est en lui&nbsp;: gloire à Dieu pour les siècles&nbsp;!"
        ]
      }
    ],
    "reading": {
      "biblicalReference": "1 Co 4, 5",
      "content": "Ne portez pas de jugement prématuré, mais attendez la venue du Seigneur, car il mettra en lumière ce qui est caché dans les ténèbres, et il fera paraître les intentions secrètes. Alors, la louange qui revient à chacun lui sera donnée par Dieu."
    },
    "responsory": "<p>R/ Voici le temps favorable,<br>  *  Voici le jour du salut&nbsp;!<br> V/ Le Royaume de Dieu est tout proche.  * <br> Gloire au Père et au Fils et au Saint-Esprit.&nbsp;R/ <br></p>",
    "evangelicAntiphon": {
      "common": "La loi viendra de Sion, et de Jérusalem, la parole du Seigneur&nbsp;!"
    },
    "intercession": {
      "content": "<p>Dieu fidèle, prends soin de ton Église, cette vigne que ta main a plantée, inspire ses pasteurs pour qu’ils veillent sur sa fidélité.</p> <p>R/ Que vienne, Seigneur, ton règne de paix&nbsp;!</p> <p>Souviens-toi de tous les fils d’Abraham,<br> —&nbsp;accomplis tes promesses, élargis le cœur des chrétiens.</p> <p>Regarde tous les peuples de la terre,<br> —&nbsp;donne-leur de découvrir ton amour sans limite.</p> <p>Soutiens à travers le monde tous les artisans de paix,<br> —&nbsp;qu’ils ne se lassent pas d’espérer ton Royaume.</p> <p>Rappelle à toi tous ceux qui ont quitté cette vie,<br> —&nbsp;reçois-les dans la gloire auprès de toi.</p> "
    }
  }
}