{
  "invitatory": {
    "antiphon": [
      "Le Roi qui va venir, venez, adorons-le.",
      "Allons au-devant de celui qui vient.",
      "Réjouissez-vous dans le Seigneur, réjouissez-vous, car il est proche."
    ]
  },
  "morning": {
    "psalmody": [
      {
        "psalm": "PSALM_50",
        "antiphon": [
          "Lève les yeux, Jérusalem, vois la puissance de ton Roi&nbsp;: le Sauveur vient briser tes chaînes."
        ]
      },
      {
        "psalm": "AT_43",
        "antiphon": [
          "Relevez la tête, votre délivrance est proche."
        ]
      },
      {
        "psalm": "PSALM_147",
        "antiphon": [
          "Alléluia&nbsp;!"
        ]
      }
    ],
    "reading": {
      "biblicalReference": "Jr 30, 21.22",
      "content": "La communauté d’Israël aura pour prince l’un des siens, un chef né au milieu d’elle. Je lui permettrai d’approcher et il aura accès auprès de moi. Vous serez mon peuple, et je serai votre Dieu. Parole du Seigneur."
    },
    "responsory": "<p>R/ Que l’univers chante et crie de joie&nbsp;:<br>  * Car le Seigneur vient.<br> V/ Amour et vérité se rencontrent. * <br> V/ Justice et paix s’embrassent. * <br> Gloire au Père et au Fils et au Saint-Esprit.&nbsp;R/ <br></p>",
    "evangelicAntiphon": {
      "common": "Allez dire à ceux qui tremblent&nbsp;: Courage&nbsp;! Voici votre Dieu&nbsp;!"
    },
    "intercession": {
      "content": "<p>Seigneur Jésus, venu nous appeler à ton Royaume de lumière, que cette lumière éclaire nos vies.</p> <p>R/ Tu es proche, Seigneur&nbsp;: vienne ton jour&nbsp;!</p> <p>Tu te tiens, comme un inconnu, au milieu de nous&nbsp;:<br> —&nbsp;accorde aux hommes de notre temps de reconnaître ton visage.</p> <p>Tu es plus proche de nous que nous-mêmes&nbsp;:<br> —&nbsp;fais-nous la grâce de te préférer à tout.</p> <p>Tu nous aimes d’un amour sans condition&nbsp;:<br> —&nbsp;apprends-nous à nous accueillir les uns les autres.</p> <p>Ta miséricorde te porte au secours des hommes éprouvés&nbsp;:<br> —&nbsp;viens au-devant de ceux qui t’attendent sans le savoir.</p> "
    }
  },
  "readings": {
    "psalmody": [
      {
        "psalm": "PSALM_37_1",
        "antiphon": [
          "Seigneur, tout mon désir est devant toi."
        ]
      },
      {
        "psalm": "PSALM_37_2",
        "antiphon": [
          "Seigneur, tout mon désir est devant toi."
        ]
      },
      {
        "psalm": "PSALM_37_3",
        "antiphon": [
          "Seigneur, tout mon désir est devant toi."
        ]
      }
    ],
    "biblicalReading": {
      "title": "Restauration d’Israël",
      "ref": "Is 27, 1-13",
      "content": "<p>Ce jour-là, le SEIGNEUR châtiera de son épée dure et grande et forte, Léviathan, le serpent fuyard, Léviathan, le serpent tortueux&nbsp;; il tuera le dragon de la mer. Ce jour-là, chantez la vigne exquise&nbsp;! Moi, le SEIGNEUR, j’en suis le gardien&nbsp;; je l’arrose en temps voulu. De peur qu’on ne la visite, je la garde nuit et jour. Je ne suis plus en fureur, mais si je trouve des épines et des ronces, je leur ferai la guerre, je les brûlerai toutes, à moins que l’on cherche ma protection, que l’on fasse la paix avec moi, oui, qu’avec moi on fasse la paix. À l’avenir, Jacob s’enracinera, Israël fleurira et poussera ses bourgeons, la face du monde sera couverte de fruits. Israël a-t-il été frappé, comme le SEIGNEUR avait frappé ceux qui le frappaient&nbsp;? A-t-il été égorgé, comme il avait égorgé ses égorgeurs&nbsp;? Il l’a condamné au bannissement, à la déportation, il l’a chassé par le souffle violent d’un jour de vent d’est. C’est ainsi que sera expiée la faute de Jacob&nbsp;; et tel sera le fruit de la rémission de son péché&nbsp;: il traitera toutes les pierres des autels comme les pierres à chaux que l’on pulvérise, poteaux sacrés et colonnes à encens ne se dresseront plus. La ville fortifiée, à l’écart, est un lieu dépeuplé, abandonné comme un désert. Le veau y viendra paître&nbsp;; là, il se couchera, il saccagera ses arbustes. Ses rameaux qui ont séché seront brisés&nbsp;: des femmes viennent qui les brûlent. Oui, ce peuple est sans discernement, voilà pourquoi Celui qui l’a fait n’en a pas compassion&nbsp;: Celui qui l’a façonné ne lui fera pas grâce. Il arrivera, en ce jour-là, que le SEIGNEUR fera le battage des épis depuis l’Euphrate jusqu’au Torrent d’Égypte&nbsp;; quant à vous, fils d’Israël, vous serez glanés un par un. Il arrivera, en ce jour-là, que l’on sonnera de la grande trompe&nbsp;; ils viendront, ceux qui étaient perdus au pays d’Assour, et ceux qui étaient dispersés au pays d’Égypte&nbsp;; ils se prosterneront devant le SEIGNEUR, sur sa montagne sainte, à Jérusalem.</p>",
      "responsory": "<p>R/ Qu’il vienne, le Fils de l’homme<br> avec puissance et grande gloire&nbsp;!</p> <p>Il enverra ses anges rassembler les élus<br> d’une extrémité des cieux à l’autre.</p> <p>Il rassemblera dans l’unité<br> les enfants de Dieu dispersés.</p>"
    },
    "patristicReading": {
      "title": "TRAITÉ DE SAINT IRÉNÉE CONTRE LES HÉRÉSIES",
      "subtitle": "Ève et Marie",
      "content": "<p>Le Seigneur est venu&nbsp;; il s’est manifesté dans son propre domaine&nbsp;; il a été porté par sa propre création, qu’il porte lui-même&nbsp;; il a récapitulé, par son obéissance sur le bois, la désobéissance perpétrée par le bois. Cette séduction, dont avait été misérablement victime Ève, vierge déjà promise à un mari, a été dissipée par la bonne nouvelle de vérité magnifiquement annoncée par l’ange à Marie, vierge déjà en pouvoir de mari. Car de même que celle-là, séduite par le discours d’un ange afin de se soustraire à Dieu, a transgressé la Parole de Dieu&nbsp;; de même celle-ci a reçu par le discours d’un ange l’annonce qu’elle porterait Dieu, et a obéi à sa parole. Et de même que celle-là fut séduite de manière à désobéir à Dieu, de même celle-ci fut persuadée d’obéir à Dieu, afin que de la vierge Ève, la Vierge Marie devienne l’avocate. Récapitulant toutes choses, le Seigneur a récapitulé aussi la guerre que nous livrons à notre ennemi&nbsp;; il a provoqué et broyé celui qui au commencement en Adam nous avait faits captifs, et il lui a piétiné la tête, selon ce que Dieu avait dit au serpent dans la Genèse&nbsp;: <i>Je mettrai une inimitié entre toi et la femme, et entre ta postérité et la sienne&nbsp;; elle observera ta tête, et toi tu observeras son talon</i>. Dès ce moment, celui qui devait naître de la Vierge, à la ressemblance d’Adam, était annoncé comme observant la tête du serpent. Et c’est la postérité dont l’Apôtre dit dans sa lettre aux Galates&nbsp;: <i>La loi des œuvres a été établie jusqu’à ce que vienne la postérité à laquelle avait été faite la promesse</i>. Il le montre plus clairement dans la même lettre, en disant&nbsp;: <i>Quand arriva la plénitude des temps, Dieu envoya son Fils né d’une femme</i>. En effet, l’ennemi n’aurait pas été vaincu en toute justice, si ce n’avait été un homme, né d’une femme, qui le vainquît. Car c’est par une femme que depuis le commencement, il avait dominé sur l’homme, puisqu’il s’était posé en adversaire de l’homme. C’est pour cela que le Seigneur a reconnu qu’il était Fils de l’homme, récapitulant en lui-même l’homme des origines à partir duquel le modelage de la femme avait été effectué. Ainsi, de même que par la défaite d’un homme, notre race est descendue dans la mort, de même par la victoire d’un homme, nous sommes remontés vers la vie.</p>",
      "responsory": "<p>R/ La vierge enfantera un fils,<br> qu’elle appellera Emmanuel.</p> <p>Ne crains pas, Marie,<br> tu as trouvé grâce auprès de Dieu.<br> Voici, tu concevras et enfanteras un fils.</p> <p>Cet enfant sera grand,<br> on l’appellera&nbsp;: Fils du Très-Haut,<br> le Seigneur lui donnera le trône de David son Père.</p>"
    },
    "verse": "<p>V/ Que vienne à moi, Seigneur, ton amour,<br> et ton salut, selon ta promesse.</p>",
    "oration": [
      "Tiens ton peuple éveillé, Seigneur, pour la venue de ton Fils&nbsp;; puissions-nous, fidèles à son avertissement, garder au cœur toutes lumières de foi et d’amour pour nous porter à sa rencontre. Lui qui règne."
    ]
  },
  "middleOfDay": {
    "psalmody": [
      {
        "psalm": "PSALM_118_10",
        "antiphon": [
          "Ce jour-là, le Fils de David se dressera devant les peuples."
        ]
      },
      {
        "psalm": "PSALM_58"
      },
      {
        "psalm": "PSALM_59"
      }
    ]
  },
  "vespers": {
    "psalmody": [
      {
        "psalm": "PSALM_114",
        "antiphon": [
          "Le Seigneur défend les petits, notre Dieu est tendresse."
        ]
      },
      {
        "psalm": "PSALM_120",
        "antiphon": [
          "Le secours me vient du Seigneur qui a fait le ciel et la terre."
        ]
      },
      {
        "psalm": "NT_11",
        "antiphon": [
          "Ton chemin sera connu sur la terre, ton salut parmi toutes les nations."
        ]
      }
    ],
    "reading": {
      "biblicalReference": "2 P 3. 8b-9",
      "content": "Pour le Seigneur, un seul jour est comme mille ans, et mille ans sont comme un seul jour. Le Seigneur n’est pas en retard pour tenir sa promesse, comme le pensent certaines personnes&nbsp;; c’est pour vous qu’il patiente&nbsp;: car il n’accepte pas d’en laisser quelques-uns se perdre&nbsp;; mais il veut que tous aient le temps de se convertir."
    },
    "responsory": "<p>R/ Notre âme attend le Seigneur.<br>  *  En lui la joie de notre cœur.<br> V/ Son salut est proche de ceux qui le craignent.&nbsp; * <br> V/ Sa gloire habitera notre terre.  * <br> Gloire au Père et au Fils et au Saint-Esprit.&nbsp;R/ <br></p>",
    "evangelicAntiphon": {
      "common": "Exultant de joie, vous puiserez les eaux aux sources du salut&nbsp;!"
    },
    "intercession": {
      "content": "<p>Seigneur Jésus, Berger du peuple de Dieu,<br> rassemble son Église dans l’unité de la foi et de l’amour.</p> <p>R/ Visite-nous par ton amour&nbsp;!</p> <p>Viens en aide aux pasteurs de ton peuple,<br> —&nbsp;qu’ils conduisent leurs frères dans la vérité, jusqu’au jour de ta venue.</p> <p>Choisis parmi nous des messagers de ta parole,<br> —&nbsp;qu’ils annoncent l’Évangile à toute la terre.</p> <p>Prends pitié de ceux qui peinent et défaillent en chemin,<br> —&nbsp;donne-leur de rencontrer le soutien d’un ami.</p> <p>Reconnais ceux qui ont ici-bas écouté ta voix,<br> —&nbsp;fais-les entrer dans la paix du ciel.</p> "
    }
  }
}