{
  "invitatory": {
    "antiphon": [
      "Le Roi qui va venir, venez, adorons-le.",
      "Allons au-devant de celui qui vient.",
      "Réjouissez-vous dans le Seigneur, réjouissez-vous, car il est proche."
    ]
  },
  "morning": {
    "psalmody": [
      {
        "psalm": "PSALM_100",
        "antiphon": [
          "Le Seigneur sortira de sa demeure, il viendra, il sauvera son peuple."
        ]
      },
      {
        "psalm": "AT_39",
        "antiphon": [
          "Nous avons une ville forte, alléluia&nbsp;! Le Seigneur est pour nous, alléluia&nbsp;!"
        ]
      },
      {
        "psalm": "PSALM_143a",
        "antiphon": [
          "Ton chemin sera connu sur la terre&nbsp;; ton salut, parmi toutes les nations."
        ]
      }
    ]
  },
  "readings": {
    "psalmody": [
      {
        "psalm": "PSALM_101_1",
        "antiphon": [
          "Tu te lèveras, attendri, pour Sion&nbsp;: il est temps de la prendre en pitié."
        ]
      },
      {
        "psalm": "PSALM_101_2",
        "antiphon": [
          "Tu te lèveras, attendri, pour Sion&nbsp;: il est temps de la prendre en pitié."
        ]
      },
      {
        "psalm": "PSALM_101_3",
        "antiphon": [
          "Tu te lèveras, attendri, pour Sion&nbsp;: il est temps de la prendre en pitié."
        ]
      }
    ],
    "verse": "<p>V/ Préparez les chemins du Seigneur,<br> aplanissez la route.</p>"
  },
  "middleOfDay": {
    "psalmody": [
      {
        "psalm": "PSALM_118_18",
        "antiphon": [
          "L’Ange dit à Marie&nbsp;: je te salue, comblée de grâce&nbsp;! Le Seigneur est avec toi&nbsp;!"
        ]
      },
      {
        "psalm": "PSALM_87_1"
      },
      {
        "psalm": "PSALM_87_2"
      }
    ]
  },
  "vespers": {
    "psalmody": [
      {
        "psalm": "PSALM_136",
        "antiphon": [
          "Le Seigneur sortira de sa demeure. Il viendra, il sauvera son peuple."
        ]
      },
      {
        "psalm": "PSALM_137",
        "antiphon": [
          "Les nations marcheront à ta lumière, et les rois verront ta gloire&nbsp;!"
        ]
      },
      {
        "psalm": "NT_9",
        "antiphon": [
          "Voici le Seigneur, le Souverain des rois de la terre&nbsp;! Heureux qui se tient prêt à l’accueillir&nbsp;!"
        ]
      }
    ]
  }
}