{
  "invitatory": {
    "antiphon": [
      "Le Christ est né pour nous, alléluia ! Venez, adorons-le."
    ]
  },
  "morning": {
    "psalmody": [
      {
        "psalm": "PSALM_79",
        "antiphon": [
          "Jamais plus nous n’irons loin de toi&nbsp;: fais-nous vivre et invoquer ton nom."
        ]
      },
      {
        "psalm": "AT_19",
        "antiphon": [
          "Jubilez, criez de joie, habitants de Sion, car il est grand au milieu de toi, le Saint d’Israël."
        ]
      },
      {
        "psalm": "PSALM_80",
        "antiphon": [
          "Criez de joie pour Dieu, notre force, acclamez le Dieu de Jacob."
        ]
      }
    ],
    "reading": {
      "biblicalReference": "Is 62, 11b-12a",
      "content": "Dites à la fille de Sion&nbsp;: Voici ton Sauveur qui vient, le fruit de sa victoire l’accompagne et ses trophées le précèdent. On vous appellera «&nbsp;Peuple-saint&nbsp;», «&nbsp;Rachetés-par-le-Seigneur&nbsp;»."
    },
    "responsory": "<p>R/ Lève-toi, resplendis, car elle est venue, ta lumière&nbsp;!<br>  * La gloire du Seigneur s’est levée sur toi.<br> V/ Regarde alentour&nbsp;: tous les peuples viennent vers toi.&nbsp; * <br> V/ Ils s’avancent à la clarté de ton aurore.&nbsp; * <br> Gloire au Père et au Fils et au Saint-Esprit.&nbsp;R/ <br></p>",
    "evangelicAntiphon": {
      "common": "Toutes les nations viendront de loin, apportant leurs présents, alléluia."
    },
    "intercession": {
      "content": "<p>R/ Gloire à Dieu&nbsp;! Aux hommes paix sur la terre&nbsp;!</p> <p>Tu t’es fait homme, ô Christ,<br> et tu as demeuré parmi nous.</p> <p>Tu t’es fait homme, ô Christ,<br> et tu marches à notre pas.</p> <p>Tu t’es fait homme, ô Christ,<br> et ton visage sera le nôtre.</p> <p>Tu t’es fait homme, ô Christ,<br> et ta voix éveille la nôtre.<br> <p>Tu t’es fait homme, ô Christ<br> et tu nous mènes au véritable amour.</p> <p>Tu t’es fait homme, ô Christ,<br> et tu rassembles tes frères.</p> <p>Tu t’es fait homme, ô Christ,<br> et nous devenons fils de Dieu.</p> "
    }
  },
  "readings": {
    "psalmody": [
      {
        "psalm": "PSALM_43_1",
        "antiphon": [
          "Comme un surgeon il grandira, homme de douleur, pour porter nos souffrances."
        ]
      },
      {
        "psalm": "PSALM_43_2",
        "antiphon": [
          "Comme un surgeon il grandira, homme de douleur, pour porter nos souffrances."
        ]
      },
      {
        "psalm": "PSALM_43_3",
        "antiphon": [
          "Comme un surgeon il grandira, homme de douleur, pour porter nos souffrances."
        ]
      }
    ],
    "biblicalReading": {
      "title": "Nous sommes tous l’ouvrage de tes mains",
      "ref": "Is 63, 19b; 64, 1-11",
      "content": "<p>Ah&nbsp;! Si tu déchirais les cieux, si tu descendais, les montagnes seraient ébranlées devant ta face, comme un feu qui enflamme les broussailles, un feu qui fait bouillonner les eaux&nbsp;! Ainsi tu manifesterais ton nom à tes ennemis, les nations trembleraient devant toi, quand tu ferais des prodiges terrifiants que nous n’espérons plus. Voici que tu es descendu&nbsp;: les montagnes furent ébranlées devant ta face. Jamais on n’a entendu, jamais on n’a ouï dire, nul œil n’a jamais vu un autre dieu que toi agir ainsi pour celui qui l’attend. Tu viens rencontrer celui qui pratique avec joie la justice, qui se souvient de toi en suivant tes chemins. Tu étais irrité, mais nous avons encore péché, et nous nous sommes égarés. Tous, nous étions comme des gens impurs, et tous nos actes justes n’étaient que linges souillés. Tous, nous étions desséchés comme des feuilles, et nos fautes, comme le vent, nous emportaient. Personne n’invoque plus ton nom, nul ne se réveille pour prendre appui sur toi. Car tu nous as caché ton visage, tu nous as livrés au pouvoir de nos fautes. Mais maintenant, SEIGNEUR, c’est toi notre père. Nous sommes l’argile, c’est toi qui nous façonnes&nbsp;: nous sommes tous l’ouvrage de ta main. SEIGNEUR, ne t’irrite pas à l’excès, ne te rappelle pas la faute à jamais. Ah, de grâce, regarde&nbsp;: tous, nous sommes ton peuple&nbsp;! Elles sont devenues un désert, tes villes saintes&nbsp;; Sion est devenue un désert, Jérusalem, une désolation. Notre Maison sainte et resplendissante, où nos pères te louaient, est devenue la proie du feu&nbsp;; tout ce qui nous était cher est en ruine. Peux-tu rester insensible à cela, SEIGNEUR, te taire et nous humilier à l’excès&nbsp;?</p>",
      "responsory": "<p>R/ Dieu est amour, Dieu est lumière&nbsp;!</p> <p>Nulle oreille n’a entendu, nul œil n’a vu<br> un Dieu agir ainsi pour qui se fie en lui.</p> <p>Tu as tellement aimé le monde<br> que tu as donné ton Fils, ton unique.</p> <p>Tu n’as pas envoyé ton Fils pour juger le monde,<br> mais pour que le monde soit sauvé par lui.</p>"
    },
    "patristicReading": {
      "title": "COMMENTAIRE DE SAINT CYRILLE D’ALEXANDRIE SUR L’ÉVANGILE DE JEAN",
      "subtitle": "C’est pour nous que le Christ, au baptême, a reçu le Saint-Esprit",
      "content": "<p>Le Créateur de l’univers avait décidé de <i>récapituler toutes choses dans le Christ</i>, par une réalisation magnifique, et de restaurer la nature humaine dans son premier état. Il promet donc de lui rendre, avec tous les autres dons, le Saint-Esprit. En effet, elle n’aurait pas pu autrement retrouver la possession paisible et durable de ses biens. Aussi Dieu a-t-il fixé le moment où le Saint-Esprit descendrait vers nous, et il nous en a fait la promesse&nbsp;: <i>En ces jours-là</i> —&nbsp;évidemment ceux de notre Sauveur&nbsp;—, <i>je répandrai mon Esprit sur tout être de chair</i>. Lorsque le temps de cette générosité a fait venir sur cette terre le Fils unique incarné, c’est-à-dire un homme <i>né d’une femme</i>, selon la sainte Écriture, Dieu le Père nous a encore donné son Esprit, et le premier qui le reçut fut le Christ, comme étant le premier exemplaire de la nature renouvelée. Jean le Baptiste l’affirme&nbsp;: <i>J’ai vu l’Esprit descendre du ciel et demeurer sur lui</i>. ~ Si l’on dit que le Christ a reçu le Saint-Esprit, c’est en tant qu’il s’est fait homme et en tant qu’il convenait à l’homme de le recevoir. Sans doute, il est le Fils de Dieu le Père, et engendré de sa substance, et cela avant l’incarnation et même avant tous les siècles. Malgré cela, il n’éprouve aucune tristesse à entendre le Père lui dire, maintenant qu’il s’est fait homme&nbsp;: <i>Tu es mon Fils&nbsp;; moi, aujourd’hui, je t’ai engendré</i>. Celui qui était Dieu, engendré par lui avant les siècles, le Père dit qu’il est engendré aujourd’hui&nbsp;: cela signifie qu’il nous accueille en lui comme des fils adoptifs, car toute l’humanité était contenue dans le Christ en tant qu’il était homme. En ce sens, on dit que le Père, alors que son Fils possédait déjà son Esprit, le lui donne de nouveau, de telle sorte que nous soyons gratifiés de l’Esprit en lui. C’est pour cela qu’il <i>prend en charge la descendance d’Abraham</i>, selon l’Écriture, et qu’il s’est rendu <i>en tout semblable à ses frères</i>. Ce n’est donc pas pour lui-même que le Fils unique a reçu le Saint-Esprit. Car l’Esprit est à lui, en lui et par lui, comme nous l’avons déjà dit. Mais parce que, s’étant fait homme, il possédait en lui toute la nature humaine, il a reçu l’Esprit afin de la récapituler tout entière, en la restaurant dans son premier état. ~ Nous pouvons donc voir, par un sage raisonnement et en nous appuyant sur les affirmations de la sainte Écriture, que le Christ n’a pas reçu l’Esprit Saint pour lui-même, mais plutôt pour nous, qui étions en lui. Car c’est par lui que nous parviennent tous les biens.</p>",
      "responsory": "<p>R/ Le Seigneur, c’est l’Esprit,<br> l’Esprit du Seigneur est la liberté.</p> <p>Nous tous, à visage découvert,<br> réfléchissons comme en un miroir la gloire de Dieu.</p> <p>Laissons-nous transformer<br> en l’image du Seigneur, toujours plus glorieuse.</p>"
    },
    "verse": "<p>V/ Le Fils de Dieu est venu,<br> nous faire connaître le Père.</p>",
    "oration": [
      "Seigneur, avec ton Fils bien-aimé, l’aurore de ton jour éternel s’est levée sur toutes les nations&nbsp;: accorde à ton peuple de reconnaître la gloire de son Rédempteur et de parvenir à la lumière qui ne s’éteint pas."
    ]
  },
  "middleOfDay": {
    "psalmody": [
      {
        "psalm": "PSALM_118_9",
        "antiphon": [
          "Le Verbe est la vraie lumière qui éclaire tout homme."
        ]
      },
      {
        "psalm": "PSALM_55"
      },
      {
        "psalm": "PSALM_56"
      }
    ]
  },
  "vespers": {
    "psalmody": [
      {
        "psalm": "PSALM_71_1",
        "antiphon": [
          "Tous les rois de la terre se prosterneront devant lui, tous les pays le serviront."
        ]
      },
      {
        "psalm": "PSALM_71_2",
        "antiphon": [
          "En lui seront bénis tous les peuples&nbsp;; ils le diront bienheureux, alléluia&nbsp;!"
        ]
      },
      {
        "psalm": "NT_10",
        "antiphon": [
          "Il a pris possession de son règne, le Seigneur Dieu, Maître de tout&nbsp;!"
        ]
      }
    ],
    "reading": {
      "biblicalReference": "1 Jn 1, 5b.7",
      "content": "Dieu est lumière, il n’y a pas de ténèbres en lui. Si nous marchons dans la lumière, comme il est lui-même dans la lumière, nous sommes en communion les uns avec les autres, et le sang de Jésus son Fils nous purifie de tout péché."
    },
    "responsory": "<p>R/ Dieu est amour, Dieu est lumière&nbsp;!<br> V/ Tu es, Seigneur, notre Père, notre Rédempteur.&nbsp;R/ <br> V/ Tu as envoyé ton Fils<br> pour que le monde soit sauvé.&nbsp;R/ <br></p>",
    "evangelicAntiphon": {
      "common": "Tous les gens de Saba viendront, ils porteront l’or et l’encens, alléluia."
    },
    "intercession": {
      "content": "<p>Bénissons et prions Dieu<br> qui nous a manifesté son salut dans le Christ.</p> <p>R/ Montre-nous, Seigneur, ta miséricorde.</p> <p>Nous te prions pour ceux qui te connaissent à la seule lumière de la raison&nbsp;:<br> —&nbsp;que leurs yeux s’ouvrent à la lumière de l’Évangile.</p> <p>Nous te prions pour ceux qui travaillent à libérer les hommes de leurs chaînes&nbsp;:<br> —&nbsp;qu’ils reconnaissent dans le Christ la source de toute liberté.</p> <p>Nous te prions pour les hommes de toutes religions qui te rendent un culte sincère&nbsp;:<br> —&nbsp;qu’ils parviennent à la lumière incomparable du Christ.</p> <p>Nous te prions pour ceux qui croient en toi&nbsp;:<br> —&nbsp;qu’ils cherchent à te connaître davantage.</p> <p>Nous te prions pour nos frères défunts&nbsp;:<br> —&nbsp;que la gloire où tu demeures les environne.</p> "
    }
  }
}