{
  "invitatory": {
    "antiphon": [
      "Le Christ est né pour nous, alléluia ! Venez, adorons-le."
    ]
  },
  "morning": {
    "psalmody": [
      {
        "psalm": "PSALM_85"
      },
      {
        "psalm": "AT_22"
      },
      {
        "psalm": "PSALM_97"
      }
    ]
  },
  "readings": {
    "psalmody": [
      {
        "psalm": "PSALM_88_1"
      },
      {
        "psalm": "PSALM_88_2"
      },
      {
        "psalm": "PSALM_88_3"
      }
    ]
  },
  "middleOfDay": {
    "psalmody": [
      {
        "psalm": "PSALM_118_14"
      },
      {
        "psalm": "PSALM_69"
      },
      {
        "psalm": "PSALM_74"
      }
    ]
  },
  "vespers": {
    "psalmody": [
      {
        "psalm": "PSALM_125"
      },
      {
        "psalm": "PSALM_126"
      },
      {
        "psalm": "NT_6"
      }
    ],
    "oration": [
      "<p>Seigneur notre Dieu, soleil qui brille pour toutes les nations, accorde aux peuples de la terre de vivre en paix, et fais lever en nos cœurs l’admirable lumière qui a guidé les mages vers ton Fils. Lui qui règne.</p>"
    ]
  }
}