{
  "invitatory": {
    "antiphon": [
      "Le Christ est né pour nous, alléluia ! Venez, adorons-le."
    ]
  },
  "morning": {
    "psalmody": [
      {
        "psalm": "PSALM_91",
        "antiphon": [
          "Que tes œuvres sont grandes, Seigneur, et combien profondes, tes pensées&nbsp;!"
        ]
      },
      {
        "psalm": "AT_2",
        "antiphon": [
          "Tel un aigle qui éveille sa nichée, Dieu te porte sur ses ailes."
        ]
      },
      {
        "psalm": "PSALM_8",
        "antiphon": [
          "Qu’est-ce que l’homme pour que tu penses à lui&nbsp;? Tu l’as voulu un peu moindre qu’un Dieu."
        ]
      }
    ],
    "reading": {
      "biblicalReference": "Sg 7, 26-27",
      "content": "La Sagesse est le reflet de la lumière éternelle, le miroir sans tache de l’activité de Dieu, l’image de sa bonté. Comme elle est unique, elle peut tout&nbsp;; et sans sortir d’elle-même, elle renouvelle l’univers. De génération en génération, elle se transmet à des âmes saintes, pour en faire des prophètes et des amis de Dieu."
    },
    "responsory": "<p>R/ Lève-toi, resplendis, car elle est venue, ta lumière&nbsp;!<br>  * La gloire du Seigneur s’est levée sur toi.<br> V/ Regarde alentour&nbsp;: tous les peuples viennent vers toi. * <br> V/ Ils s’avancent à la clarté de ton aurore. * <br> Gloire au Père et au Fils et au Saint-Esprit.&nbsp;R/ <br></p>",
    "evangelicAntiphon": {
      "common": "À Cana de Galilée, fut accompli le premier des signes de Jésus&nbsp;: là il manifesta sa gloire."
    },
    "intercession": {
      "content": "<p>R/ Fils du Dieu vivant, exauce-nous&nbsp;!</p> <p>Seigneur Jésus, qui nous a fait connaître l’amour du Père&nbsp;:<br> —&nbsp;donne-nous de nous aimer les uns les autres afin que le monde croie.</p> <p>Tu t’es montré le Seigneur de la vie&nbsp;:<br> —&nbsp;fais-nous vivre de ta plénitude.</p> <p>Quand la mort accomplit son œuvre en nous,&nbsp;<br> —&nbsp;que ta résurrection soit aussi manifestée.</p> <p>Tu t’es révélé Sagesse de Dieu&nbsp;:<br> —&nbsp;fais-nous voir toute chose à la lumière de ta vérité.</p> "
    }
  },
  "readings": {
    "psalmody": [
      {
        "psalm": "PSALM_105_1",
        "antiphon": [
          "Au Seigneur, notre Dieu, la miséricorde et le pardon&nbsp;!"
        ]
      },
      {
        "psalm": "PSALM_105_2",
        "antiphon": [
          "Au Seigneur, notre Dieu, la miséricorde et le pardon&nbsp;!"
        ]
      },
      {
        "psalm": "PSALM_105_3",
        "antiphon": [
          "Au Seigneur, notre Dieu, la miséricorde et le pardon&nbsp;!"
        ]
      }
    ],
    "biblicalReading": {
      "title": "Renaissance d’un peuple",
      "ref": "Is 66, 10-14.18-23",
      "content": "<p>Réjouissez-vous avec Jérusalem&nbsp;! Exultez en elle, vous tous qui l’aimez&nbsp;! Avec elle, soyez pleins d’allégresse, vous tous qui la pleuriez&nbsp;! Alors, vous serez nourris de son lait, rassasiés de ses consolations&nbsp;; alors, vous goûterez avec délices à l’abondance de sa gloire. Car le SEIGNEUR le déclare&nbsp;: «&nbsp;Voici que je dirige vers elle la paix comme un fleuve et, comme un torrent qui déborde, la gloire des nations.&nbsp;» Vous serez nourris, portés sur la hanche&nbsp;; vous serez choyés sur ses genoux. Comme un enfant que sa mère console, ainsi, je vous consolerai. Oui, dans Jérusalem, vous serez consolés. Vous verrez, votre cœur sera dans l’allégresse&nbsp;; et vos os revivront comme l’herbe reverdit. Le SEIGNEUR fera connaître sa puissance à ses serviteurs, il sera indigné par ses ennemis. Moi, je viens rassembler toutes les nations, de toute langue. Elles viendront et verront ma gloire&nbsp;: je mettrai chez elles un signe&nbsp;! Et, du milieu d’elles, j’enverrai des rescapés vers les nations, vers Tarsis, Pouth et Loud, Mèshek, Rosh, Toubal et Yavane, vers les îles lointaines qui n’ont rien entendu de ma renommée, qui n’ont pas vu ma gloire&nbsp;; ma gloire, ces rescapés l’annonceront parmi les nations. Et, de toutes les nations, ils ramèneront tous vos frères, en offrande au SEIGNEUR, sur des chevaux et des chariots, en litière, à dos de mulets et de dromadaires, jusqu’à ma montagne sainte, à Jérusalem, —&nbsp;dit le SEIGNEUR. On les portera comme l’offrande qu’apportent les fils d’Israël, dans des vases purs, à la maison du SEIGNEUR. Je prendrai même des prêtres et des Lévites parmi eux, —&nbsp;dit le SEIGNEUR. Oui, comme le ciel nouveau et la terre nouvelle que je fais subsistent devant moi —&nbsp;oracle du SEIGNEUR&nbsp;—, ainsi subsisteront votre descendance et votre nom&nbsp;! Alors, de nouvelle lune en nouvelle lune, et de sabbat en sabbat, tout être de chair viendra se prosterner devant moi, — dit le SEIGNEUR.</p>",
      "responsory": "<p>R/ Le Verbe s’est fait chair,<br> nous avons vu sa gloire&nbsp;!</p> <p>Je viens rassembler tous les hommes<br> de toute nation et de toute langue.<br> Ils viendront et ils verront ma gloire.</p> <p>Père, j’ai manifesté ton nom<br> aux hommes que tu m’as donnés&nbsp;:<br> ils ont vu que tu m’as envoyé&nbsp;!</p> <p>Je veux que là où je suis,<br> ceux que tu m’as donnés<br> soient aussi avec moi.</p>"
    },
    "patristicReading": {
      "title": "SERMON DE FAUSTE DE RIEZ POUR L’ÉPIPHANIE",
      "subtitle": "L’eau changée en vin, mystère du passage de l’ancienne alliance à la nouvelle",
      "content": "<p><i>Le troisième jour, il y eut des noces</i>. Que sont ces <i>noces</i>, sinon les vœux et les joies de l’humanité sauvée, célébrées <i>le troisième jour</i>, dans le mystère de ce chiffre qui désigne soit la confession de la Trinité, soit la foi en la résurrection. Car, dans un autre passage de l’Évangile, c’est avec la musique et les danses et la robe des noces que l’on accueille le retour du fils cadet, c’est-à-dire la conversion du peuple païen. Aussi, <i>tel un époux sortant de la chambre nuptiale</i>, le Verbe descend jusqu’à la terre, jusqu’à l’Église qui doit rassembler les nations&nbsp;; en assumant l’incarnation, il va s’unir à celle qu’il a gratifiée d’un contrat de mariage et d’une dot. Un contrat, quand Dieu s’est uni à l’homme&nbsp;; une dot, quand il a été immolé pour le salut de l’homme. Le contrat, c’est la rédemption présente&nbsp;; par la dot, nous entendons la vie éternelle. ~ Aussi était-ce des miracles pour ceux qui voyaient, des mystères pour ceux qui comprenaient. C’est pourquoi, si nous regardons bien, on découvre d’une certaine manière, dans les eaux elles-mêmes, une ressemblance avec le baptême et la nouvelle naissance. En effet, lorsqu’une chose se transforme intérieurement en une autre, lorsque la créature inférieure, par un changement invisible, se transmue en une nature meilleure, le mystère de la seconde naissance s’accomplit. Les eaux, tout à coup, sont changées, elles qui plus tard doivent changer les hommes. ~ Par l’action du Christ en Galilée, voici du vin. C’est-à-dire que la loi touche à sa fin et la grâce lui succède&nbsp;: le reflet est écarté, la vérité est rendue présente&nbsp;; les réalités charnelles conduisent aux spirituelles, l’observance ancienne se transforme en la Nouvelle alliance. Comme dit l’Apôtre&nbsp;: <i>Ce qui est ancien a passé, voici que du nouveau est advenu</i>. De même que l’eau contenue dans les cuves ne perd rien de ce qu’elle était, mais reçoit alors une existence qu’elle ne possédait pas auparavant, ainsi la loi ne disparaît pas, mais se perfectionne par l’avènement du Christ. ~ Le vin venant à manquer, un autre vin est procuré&nbsp;; le vin de l’Ancienne alliance était bon, mais celui de la Nouvelle est meilleur. L’Ancienne alliance, celle que les Juifs observent, s’évapore dans la lettre. La Nouvelle alliance, celle qui nous concerne, restitue le goût de la vie en donnant la grâce. <i>Le bon vin</i>, c’est-à-dire le bon commandement, est celui de la loi, lorsque tu entends&nbsp;: <i>Tu aimeras ton prochain et tu haïras ton ennemi</i>. Mais le vin de l’Évangile est meilleur et plus fort, lorsque tu entends&nbsp;: <i>Eh bien moi, je vous dis&nbsp;: Aimez vos ennemis, faites du bien à ceux qui vous haïssent</i>.</p>",
      "responsory": "<p>R/ Ton Dieu sera ta beauté, ta lumière éternelle&nbsp;!</p> <p>Jérusalem, tes portes seront de cristal,<br> et tes murs, de rubis,<br> et l’on chantera sur tes places&nbsp;:<br> Alléluia, alléluia&nbsp;!</p> <p>Ta splendeur illuminera<br> toutes les contrées de la terre&nbsp;;<br> les peuples viendront de loin<br> adorer le Seigneur dans tes murs.</p>"
    },
    "verse": "<p>V/ Le Verbe est la vraie lumière,<br> qui éclaire tous les hommes.</p>",
    "oration": [
      "Dieu éternel et tout-puissant, tu as voulu que, dans ton Fils unique, nous devenions pour toi de nouvelles créatures&nbsp;; que ta grâce nous modèle à l’image du Christ en qui notre nature est unie à la tienne. Lui qui règne."
    ]
  },
  "middleOfDay": {
    "psalmody": [
      {
        "psalm": "PSALM_118_11",
        "antiphon": [
          "Par cet enfant seront dévoilées les pensées des cœurs."
        ]
      },
      {
        "psalm": "PSALM_60"
      },
      {
        "psalm": "PSALM_63"
      }
    ]
  },
  "vespers": {
    "psalmody": [
      {
        "psalm": "PSALM_118_14"
      },
      {
        "psalm": "PSALM_15"
      },
      {
        "psalm": "NT_5"
      }
    ],
    "oration": [
      "Tu as voulu, Seigneur, illuminer ton Église par l’enseignement et par les exemples de saint Basile et de saint Grégoire de Nazianze&nbsp;; accorde-nous de chercher humblement à connaître ta vérité pour que ta charité imprègne notre vie."
    ]
  }
}