{
  "invitatory": {
    "antiphon": [
      "Le Seigneur est vraiment ressuscité, alléluia !",
      "Nous te louons, splendeur du Père, Jésus, Fils de Dieu."
    ]
  },
  "morning": {
    "psalmody": [
      {
        "psalm": "PSALM_50",
        "antiphon": [
          "Lave-moi, Seigneur, purifie-moi de toute ma faute, alléluia."
        ]
      },
      {
        "psalm": "AT_34",
        "antiphon": [
          "Le Christ, dans son corps, a porté nos péchés, alléluia."
        ]
      },
      {
        "psalm": "PSALM_99",
        "antiphon": [
          "Rencontrez le Seigneur dans la joie, alléluia."
        ]
      }
    ],
    "reading": {
      "biblicalReference": "Ac 5, 30-32",
      "content": "Le Dieu de nos pères a ressuscité Jésus, que vous aviez exécuté en le pendant au bois du supplice. C’est lui que Dieu, par sa puissance, a élevé en faisant de lui le Chef, le Sauveur, pour apporter à Israël la conversion et le pardon des péchés. Quant à nous, nous sommes les témoins de tout cela, avec l’Esprit Saint, que Dieu a donné à ceux qui lui obéissent."
    },
    "responsory": "<p>R/ Ô Christ, tu es le Fils du Dieu vivant.<br>  * Alléluia, alléluia&nbsp;!<br> V/ Tu es ressuscité d’entre les morts.  * <br> Gloire au Père et au Fils et au Saint-Esprit.&nbsp;R/ </p>",
    "evangelicAntiphon": {
      "common": "Jésus Christ était mort, il est ressuscité à la droite de Dieu, il est toujours vivant, il intercède pour nous, alléluia."
    },
    "intercession": {
      "content": "<p>Invoquons le Père des miséricordes, le Dieu de tout réconfort&nbsp;:</p> <p>R/ Envoie l’Esprit consolateur.</p> <p>Sur les pauvres et les petits, sur les méprisés, les opprimés,</p> <p>Sur les enfants mal-aimés, sur les vieillards délaissés,</p> <p>Sur les malades, les intoxiqués, les désespérés,</p> <p>Sur les victimes de la faim, de la guerre et de tous les fléaux,</p> <p>Sur les prisonniers, sur ceux que le monde rejette,</p> <p>Sur les hommes de désir qui cherchent la lumière.</p>"
    }
  },
  "readings": {
    "psalmody": [
      {
        "psalm": "PSALM_68_1",
        "antiphon": [
          "Crucifié en raison de sa faiblesse, Jésus vit par la puissance de Dieu, alléluia."
        ]
      },
      {
        "psalm": "PSALM_68_2",
        "antiphon": [
          "Crucifié en raison de sa faiblesse, Jésus vit par la puissance de Dieu, alléluia."
        ]
      },
      {
        "psalm": "PSALM_68_3",
        "antiphon": [
          "Crucifié en raison de sa faiblesse, Jésus vit par la puissance de Dieu, alléluia."
        ]
      }
    ],
    "biblicalReading": {
      "title": "Demeurer fidèle à la doctrine du Christ",
      "ref": "2Jn 1-13",
      "content": "<p>Moi, l’Ancien, à la Dame élue de Dieu, et à ses enfants, que j’aime en vérité —&nbsp;non pas moi seul, mais tous ceux qui connaissent la vérité&nbsp;—, à cause de la vérité qui demeure en nous et qui sera avec nous pour toujours. Avec nous seront la grâce, la miséricorde, la paix, de la part de Dieu le Père et de Jésus Christ, le Fils du Père, dans la vérité et dans l’amour. J’ai eu beaucoup de joie à trouver plusieurs de tes enfants qui marchent dans la vérité selon le commandement que nous avons reçu du Père. Et maintenant, Dame élue, je t’adresse une demande&nbsp;: aimons-nous les uns les autres. —&nbsp;Ce que je t’écris là n’est pas un commandement nouveau, nous l’avions depuis le commencement. Or l’amour, c’est que nous marchions selon ses commandements. Tel est le commandement selon lequel vous devez marcher, comme, depuis le commencement, vous l’avez appris. Beaucoup d’imposteurs se sont répandus dans le monde, ils refusent de proclamer que Jésus Christ est venu dans la chair&nbsp;; celui qui agit ainsi est l’imposteur et l’anti-Christ. Prenez garde à vous-mêmes, pour ne pas perdre le fruit de notre travail, mais pour recevoir intégralement votre salaire. Quiconque va trop loin et ne se tient pas à l’enseignement du Christ, celui-là se sépare de Dieu. Mais celui qui se tient à cet enseignement, celui-là reste attaché au Père et au Fils. Si quelqu’un vient chez vous sans apporter cet enseignement, ne le recevez pas dans votre maison et ne lui adressez pas votre salutation, car celui qui le salue participe à ses œuvres mauvaises. J’ai bien des choses à vous écrire&nbsp;; je n’ai pas voulu le faire avec du papier et de l’encre, mais j’espère me rendre chez vous et vous parler de vive voix, pour que notre joie soit parfaite. Les enfants de ta sœur, la communauté élue de Dieu, te saluent.</p>",
      "responsory": "<p>R/ La vérité nous libère,<br> l’homme libre rend gloire à Dieu.</p> <p>Voici l’amour de Dieu&nbsp;:<br> marcher dans la voie de ses commandements.</p> <p>Voici le commandement de Dieu&nbsp;:<br> marcher dans la voie de l’amour.</p>"
    },
    "patristicReading": {
      "title": "TRAITÉ DE SAINT HILAIRE SUR LA TRINITÉ",
      "subtitle": "Le don du Père",
      "content": "<p>Le Seigneur a ordonné de baptiser au nom du Père, et du Fils, et du Saint-Esprit, c’est-à-dire dans la profession de foi au Créateur, au Fils unique et à celui qui est le Don. Le Créateur de tous est unique. Il y a un seul Dieu Père, de qui tout provient&nbsp;; il y a un seul Fils unique, notre Seigneur Jésus Christ, par qui tout existe&nbsp;; il y a un seul Esprit, le don de Dieu répandu en tous. Toutes choses sont donc organisées par les vertus et les attributions divines&nbsp;: une puissance unique de qui tout provient&nbsp;; une descendance unique par qui tout existe&nbsp;; une grâce unique donnant une parfaite espérance. Et rien ne peut manquer à une telle perfection, puisqu’on y trouve l’infinité dans le Père éternel, la vision dans son image qui est le Fils, la pratique de la vie chrétienne dans le don de l’Esprit.&nbsp;~ Que tel soit en nous le rôle de celui-ci, apprenons-le des paroles dites par le Seigneur lui-même&nbsp;: <i>J’aurais encore beaucoup de choses à vous dire, mais pour l’instant vous n’avez pas la force de les porter. Il vous est avantageux que je parte ; si je m’en vais, je vous enverrai l’Avocat</i>. Et encore&nbsp;: <i>Moi, je prierai le Père, et il vous donnera un autre Avocat qui sera pour toujours avec vous. C’est l’Esprit de vérité. Il vous guidera vers la Vérité tout entière. En effet, ce qu’il dira ne viendra pas de lui-même&nbsp;; il redira tout ce qu’il aura entendu et, ce qui va venir, il vous l’expliquera. Il me glorifiera, car c’est de moi qu’il le tirera</i>. Ces paroles ont été dites pour vous faire comprendre plusieurs choses&nbsp;; on y trouve l’intention de celui qui procure le don et aussi la raison d’être et la nature du don. Puisque notre faiblesse serait incapable de saisir aussi bien le Père que le Fils, le Saint-Esprit est un don qui, par son intervention, peut éclairer notre foi pour laquelle l’Incarnation est un mystère difficile. ~ On le reçoit afin de connaître Dieu. La nature du corps humain, lorsque disparaîtront les objets qui l’intéressent, sera inactive. Car s’il n’y a pas de lumière ou de jour, le service rendu par les yeux n’aura pas à s’exercer&nbsp;; si aucun son ou aucune voix ne se fait entendre, les oreilles ne trouveront plus rien à faire&nbsp;; si aucune odeur ne s’exhale, les narines seront sans utilité. Il en est de même pour l’esprit humain&nbsp;: si, par la foi, il ne reçoit pas le don du Saint-Esprit, il aura bien un principe naturel de connaissance de Dieu, mais il n’aura pas la lumière de la science. Quant au don qui réside dans le Christ, il est toujours le même pour tous&nbsp;; et puisqu’il ne manque jamais, il est donné à chacun autant qu’il veut en profiter&nbsp;; il réside en chacun autant qu’il veut l’obtenir. Ce don demeure avec nous jusqu’à la fin du monde, il nous réconforte dans notre attente&nbsp;; il est un gage, par l’activité de ses bienfaits, de ce que nous espérons pour l’avenir, il éclaire les esprits, il illumine les cœurs.</p>",
      "responsory": "<p>R/ L’amour de Dieu est répandu dans nos cœurs<br> par le Saint-Esprit.</p> <p>Les nations sauront que je suis le Seigneur<br> quand éclatera ma sainteté à votre sujet.</p> <p>Je vous purifierai de tous vos péchés,<br> les nations le sauront&nbsp;: Je suis le Seigneur.</p> <p>Je vous donnerai un cœur nouveau,<br> je mettrai en vous un esprit nouveau.</p> <p>Je mettrai en vous, mon Esprit,<br> et vous marcherez selon mes lois.</p>"
    },
    "verse": "<p>V/ En ta résurrection, ô Christ, alléluia,<br>le ciel et la terre se réjouissent, alléluia.</p>",
    "oration": [
      "Dieu qui nous as ouvert la vie éternelle en exaltant ton Fils dans la gloire et en nous envoyant ton Esprit de lumière, fais qu’en participant à une telle grâce, nous soyons plus dévoués à te servir et obtenions une plus grande foi."
    ]
  },
  "middleOfDay": {
    "psalmody": [
      {
        "psalm": "PSALM_21_1",
        "antiphon": [
          "Alléluia, alléluia, alléluia&nbsp;!"
        ]
      },
      {
        "psalm": "PSALM_21_2"
      },
      {
        "psalm": "PSALM_21_3"
      }
    ]
  },
  "vespers": {
    "psalmody": [
      {
        "psalm": "PSALM_134_1",
        "antiphon": [
          "Je suis le Seigneur qui te sauve, ton rédempteur. Alléluia."
        ]
      },
      {
        "psalm": "PSALM_134_2",
        "antiphon": [
          "Jésus Christ, le seul puissant, est Roi des rois et Seigneur des seigneurs, alléluia."
        ]
      },
      {
        "psalm": "NT_11",
        "antiphon": [
          "Toi seul es saint, toi seul es le Seigneur&nbsp;!"
        ]
      }
    ],
    "reading": {
      "biblicalReference": "Ga 5, 16.22-23a.25",
      "content": "Vivez sous la conduite de l’Esprit de Dieu&nbsp;; alors vous n’obéirez pas aux tendances égoïstes de la chair. Voici ce que produit l’Esprit&nbsp;: amour, joie, paix, patience, bonté, bienveillance, foi, humilité et maîtrise de soi. Puisque l’Esprit nous fait vivre, laissons-nous conduire par l’Esprit."
    },
    "responsory": "<p>R/ Toi, la paix que rien ne trouble,<br> Esprit le Dieu pour notre terre,<br> Comment es-tu<br> La guerre au cœur de l’homme&nbsp;?<br> <p class=\"antienne rouge\"><i>ou bien</i></p> R/ Spíritus Paráclitus,<br>  *  Allelúia, allelúia. Spíritus.<br> V/ Docébit vos ómnia.<br>  *  Allelúia, allelúia.<br> Glória Patri. Spíritus.<br></p>",
    "evangelicAntiphon": {
      "common": "Unanimes, les Apôtres persévéraient dans la prière avec Marie, la mère de Jésus, alléluia."
    },
    "intercession": {
      "content": "<p>Supplions Dieu de répandre son Esprit sur toute créature, ainsi qu’il l’a promis&nbsp;:</p> <p>R/ Ô Seigneur, envoie ton Esprit.</p> <p>Sur ceux qui ont faim, ceux qui pleurent,<br> ceux qui attendent un consolateur,</p> <p>Sur ceux qui ont besoin de ta Sagesse pour établir la justice et la paix,</p> <p>Sur les persécutés, les opprimés, les abandonnés,</p> <p>Sur ceux qui annoncent ta Parole et ceux qui en vivent,</p> <p>Sur ceux qui te connaissent et ceux qui te cherchent,</p> <p>Sur ceux qui te suivent et ceux qui se détournent de toi,</p> <p>Sur les vivants et les morts,</p>"
    }
  }
}