{
  "invitatory": {
    "antiphon": [
      "Le Seigneur est vraiment ressuscité, alléluia !",
      "Nous te louons, splendeur du Père, Jésus, Fils de Dieu."
    ]
  },
  "morning": {
    "psalmody": [
      {
        "psalm": "PSALM_86",
        "antiphon": [
          "Jérusalem, cité de Dieu, chacun renaît en toi, alléluia."
        ]
      },
      {
        "psalm": "AT_25",
        "antiphon": [
          "Comme un berger, il a rassemblé ses agneaux, alléluia."
        ]
      },
      {
        "psalm": "PSALM_98",
        "antiphon": [
          "Le Seigneur est puissant, il domine les peuples, alléluia."
        ]
      }
    ],
    "reading": {
      "biblicalReference": "Rm 8, 10-11",
      "content": "Si le Christ est en vous, votre corps a beau être voué à la mort à cause du péché, l’Esprit est votre vie, parce que vous êtes devenus des justes. Et si l’Esprit de celui qui a ressuscité Jésus d’entre les morts habite en vous, celui qui a ressuscité Jésus d’entre les morts donnera aussi la vie à vos corps mortels par son Esprit qui habite en vous."
    },
    "responsory": "<p>R/ Jésus s’est levé du tombeau.<br>  * Alléluia, alléluia&nbsp;!<br> V/ Lui qui fut cloué pour nous sur le bois.  * <br> Gloire au Père et au Fils et au Saint-Esprit.&nbsp;R/ </p>",
    "evangelicAntiphon": {
      "common": "Allez dans le monde entier&nbsp;; enseignez toutes les nations, baptisez-les au nom du Père et du Fils et du Saint-Esprit. Alléluia."
    },
    "intercession": {
      "content": "<p>Bénissons le Christ, qui nous donne accès au Père dans l’Esprit&nbsp;:</p> <p>R/ Christ vainqueur, écoute-nous&nbsp;!</p> <p>Ressuscité des morts, tu sièges à la droite du Père&nbsp;:<br> –&nbsp;intercède pour nous dans ta fidélité.</p> <p>Que ton Esprit soit l’hôte de nos cœurs,<br> –&nbsp;préserve-nous de jamais le contrister.</p> <p>Tiens-nous unis à toi par l’Esprit,<br> –&nbsp;que rien, ni la persécution, ni la mort, ne nous sépare de ton amour.</p> <p>Apprends-nous à nous supporter, à nous soutenir mutuellement,<br> –&nbsp;toi qui nous as pris en charge pour l’honneur de ton Père.</p>"
    }
  },
  "readings": {
    "psalmody": [
      {
        "psalm": "PSALM_88_4",
        "antiphon": [
          "Tu nous as rachetés par ton sang, Seigneur, tu fis de nous un peuple de rois, alléluia."
        ]
      },
      {
        "psalm": "PSALM_88_5",
        "antiphon": [
          "Tu nous as rachetés par ton sang, Seigneur, tu fis de nous un peuple de rois, alléluia."
        ]
      },
      {
        "psalm": "PSALM_89",
        "antiphon": [
          "Nous sommes l’ouvrage de Dieu, créés dans le Christ Jésus en vue des bonnes œuvres, alléluia."
        ]
      }
    ],
    "biblicalReading": {
      "title": "Vous avez la foi au nom du Fils de Dieu",
      "ref": "1Jn 5, 13-21",
      "content": "<p>Mes bien-aimés, je vous ai écrit cela pour que vous sachiez que vous avez la vie éternelle, vous qui mettez votre foi dans le nom du Fils de Dieu. Voici l’assurance que nous avons auprès de Dieu&nbsp;: si nous faisons une demande selon sa volonté, il nous écoute. Et puisque nous savons qu’il nous écoute en toutes nos demandes, nous savons aussi que nous obtenons ce que nous lui avons demandé. Si quelqu’un voit son frère commettre un péché qui n’entraîne pas la mort, il demandera, et Dieu lui donnera la vie, —&nbsp;cela vaut pour ceux dont le péché n’entraîne pas la mort. Il y a un péché qui entraîne la mort, ce n’est pas pour celui-là que je dis de prier. Toute conduite injuste est péché, mais tout péché n’entraîne pas la mort. Nous le savons&nbsp;: ceux qui sont nés de Dieu ne commettent pas de péché&nbsp;; le Fils engendré par Dieu les protège et le Mauvais ne peut pas les atteindre. Nous savons que nous sommes de Dieu, alors que le monde entier est au pouvoir du Mauvais. Nous savons aussi que le Fils de Dieu est venu nous donner l’intelligence pour que nous connaissions Celui qui est vrai&nbsp;; et nous sommes en Celui qui est vrai, en son Fils Jésus Christ. C’est lui qui est le Dieu vrai, et la vie éternelle. Petits enfants, gardez-vous des idoles.</p>",
      "responsory": "<p>R/ C’est toi le chemin, la vérité, la vie,<br> Jésus, Fils de Dieu&nbsp;!</p> <p>Qui veut trouver le Père<br> doit passer par toi.</p> <p>Tu nous conduis<br> vers la joie sans déclin.</p>"
    },
    "patristicReading": {
      "title": "COMMENTAIRE DE SAINT CYRILLE D’ALEXANDRIE SUR L’ÉVANGILE DE JEAN",
      "subtitle": "«&nbsp;Si je ne pars pas, le Paraclet ne viendra pas à vous&nbsp;»",
      "content": "<p>Tout ce que le Christ avait à faire sur la terre était maintenant accompli&nbsp;; mais il fallait absolument que nous <i>devenions participants de la nature divine du Verbe</i>, c’est-à-dire que nous abandonnions notre vie propre pour qu’elle se transforme en une autre, qu’elle se transfigure pour atteindre la nouveauté d’une vie aimée de Dieu. Et cela ne pouvait se faire autrement que par union et participation à l’Esprit Saint. Le moment le plus indiqué et le plus opportun pour l’envoi de l’Esprit et sa venue en nous était celui où le Christ notre Sauveur nous quitterait. En effet, aussi longtemps qu’il demeurait dans la chair auprès des croyants, il leur apparaissait, je crois, comme le donateur de tout bien. Mais lorsque viendrait le moment où il devrait monter vers son Père des cieux, il faudrait bien qu’il soit présent par son Esprit auprès de ses fidèles, qu’il <i>habite par la foi dans nos cœurs</i>. Ainsi, le possédant en nous-mêmes, nous pourrions crier avec confiance&nbsp;: <i>Abba, Père </i>; nous porter facilement vers toutes les vertus et, en outre, montrer notre force invincible contre tous les pièges du démon et toutes les attaques des hommes, puisque nous posséderions l’Esprit tout-puissant. Les hommes en qui l’Esprit est venu et a fait sa demeure sont transformés&nbsp;; ils reçoivent de lui une vie nouvelle comme on peut facilement le voir par des exemples pris dans l’Ancien et le Nouveau Testament. Samuel, après avoir adressé tout un discours à Saül, lui dit&nbsp;: <i>L’Esprit du Seigneur fondra sur toi et tu seras changé en un autre homme</i>. Quant à saint Paul&nbsp;: <i>Nous tous qui, le visage dévoilé, reflétons la gloire du Seigneur, nous sommes transfigurés en cette même image, de gloire en gloire, comme il convient au Seigneur qui est Esprit. Car le Seigneur, c’est l’Esprit</i>. Vous voyez comment l’Esprit transforme pour ainsi dire en une autre image ceux en qui on le voit demeurer. Il fait passer facilement de la considération des choses terrestres à un regard exclusivement dirigé vers les réalités célestes&nbsp;; d’une lâcheté honteuse à des projets héroïques. Nous constatons que ce changement s’est produit chez les disciples&nbsp;: fortifiés ainsi par l’Esprit, les assauts des persécuteurs ne les ont pas paralysés&nbsp;; au contraire, ils se sont attachés au Christ par un amour invincible. C’est absolument indubitable. Elle est donc bien vraie, la parole du Sauveur&nbsp;: <i>C’est votre intérêt que je retourne au ciel</i>. Car, c’est le moment de la descente de l’Esprit.</p>",
      "responsory": "<p>R/  L’Esprit venu d’en haut<br> sera répandu sur nous&nbsp;!</p> <p>Mon peuple habitera un séjour de paix&nbsp;;<br> heureux seront-ils&nbsp;:<br> ils sèmeront partout où il y a de l’eau.</p> <p>Je vous laisse la paix, dit le Seigneur.<br> Je vous donne ma joie.<br> Que votre cœur cesse de se troubler.</p>"
    },
    "verse": "<p>V/ Dieu qui a ressuscité le Seigneur, alléluia.<br>nous ressuscitera aussi par sa puissance, alléluia.</p>",
    "oration": [
      "Que ton Esprit Saint, Dieu créateur, nous transforme par ses dons&nbsp;: qu’il change notre cœur en un cœur que tu aimes, parfaitement accordé à ta volonté."
    ]
  },
  "middleOfDay": {
    "psalmody": [
      {
        "psalm": "PSALM_118_15",
        "antiphon": [
          "Alléluia, alléluia, alléluia&nbsp;!"
        ]
      },
      {
        "psalm": "PSALM_78"
      },
      {
        "psalm": "PSALM_79"
      }
    ]
  },
  "vespers": {
    "psalmody": [
      {
        "psalm": "PSALM_131_1",
        "antiphon": [
          "Le Seigneur lui donne le trône de David, alléluia."
        ]
      },
      {
        "psalm": "PSALM_131_2",
        "antiphon": [
          "Le Royaume de David est accompli&nbsp;: béni soit Dieu, alléluia."
        ]
      },
      {
        "psalm": "NT_10"
      }
    ],
    "reading": {
      "biblicalReference": "1 Co 6, 19-20",
      "content": "Ne le savez-vous pas&nbsp;? Votre corps est le temple de l’Esprit Saint, qui est en vous et que vous avez reçu de Dieu&nbsp;; vous ne vous appartenez plus à vous-mêmes, car le Seigneur vous a achetés très cher. Rendez gloire à Dieu dans votre corps."
    },
    "responsory": "<p>R/ Toi, la grâce des coupables,<br> Esprit le Dieu pour notre terre,<br> Comment es-tu<br> Le sel qui nous décape&nbsp;?<br> <p class=\"antienne rouge\"><i>ou bien</i></p> R/ Spíritus Paráclitus,<br>  *  Allelúia, allelúia. Spíritus.<br> V/ Docébit vos ómnia.<br>  *  Allelúia, allelúia.<br> Glória Patri. Spíritus.<br></p>",
    "evangelicAntiphon": {
      "common": "Quand viendra l’Esprit de vérité, il vous guidera vers la vérité tout entière, il vous annoncera ce qui doit arriver. Alléluia."
    },
    "intercession": {
      "content": "<p>Seigneur Jésus, qui as promis à ton Église l’Esprit d’unité,<br> –&nbsp;donne-lui de surmonter toute division.</p> <p>R/ Rassemble-nous dans ton amour.</p> <p>Toi qui priais dans l’Esprit pour accomplir l’œuvre du Père,<br> –&nbsp;accorde à tes serviteurs l’esprit de prière pour que leur travail soit le tien.</p> <p>Toi qui libérais de leurs démons les possédés,<br> –&nbsp;libère ce monde des puissances du mal.</p> <p>Toi qui es entré dans ton règne,<br> –&nbsp;assiste les responsables des nations dans leur souci du bien de tous.</p> <p>Toi qui vis à jamais dans la gloire du Père,<br> –&nbsp;élève auprès de toi ceux qui nous ont quittés.</p>"
    }
  }
}