{
  "invitatory": {
    "antiphon": [
      "Le Seigneur est vraiment ressuscité, alléluia !",
      "Nous te louons, splendeur du Père, Jésus, Fils de Dieu."
    ]
  },
  "morning": {
    "psalmody": [
      {
        "psalm": "PSALM_62",
        "antiphon": [
          "Christ est ressuscité, alléluia. Sa lumière a resplendi, alléluia, sur le peuple racheté par son sang."
        ]
      },
      {
        "psalm": "AT_41",
        "antiphon": [
          "Notre Sauveur s’est levé de son tombeau&nbsp;; bénissons notre Dieu, alléluia&nbsp;!"
        ]
      },
      {
        "psalm": "PSALM_149",
        "antiphon": [
          "Comme il nous l’avait dit, alléluia, le Seigneur est ressuscité, alléluia&nbsp;!"
        ]
      }
    ],
    "reading": {
      "biblicalReference": "Ac 10, 40-43",
      "content": "Voici que Dieu a ressuscité Jésus le troisième jour. Il lui a donné de se montrer non pas à tout le peuple, mais seulement aux témoins que Dieu avait choisis d’avance, à nous qui avons mangé et bu avec lui après sa résurrection d’entre les morts. Il nous a chargés d’annoncer au peuple et de témoigner que Dieu l’a choisi comme Juge des vivants et des morts. C’est à lui que tous les prophètes rendent ce témoignage&nbsp;: Tout homme qui croit en lui reçoit par lui le pardon de ses péchés."
    },
    "responsory": "<p>R/ Voici le jour que fit le Seigneur,<br> jour de fête et de joie.<br> V/ Peuples, rayonnez de joie&nbsp;;<br> voici la Pâque du Seigneur.&nbsp;R/ <br> V/ Voici le jour où le Christ, notre Dieu,<br> nous conduit de la mort à la vie.&nbsp;R/ <br></p>",
    "evangelicAntiphon": {
      "common": "Le soleil s’est levé&nbsp;: ne cherchez plus parmi les morts le Fils de l’homme&nbsp;: il a brisé les verrous de la mort, alléluia&nbsp;!"
    },
    "intercession": {
      "content": "<p>Acclamons Jésus Christ&nbsp;: Dieu l’a ressuscité, il nous ressuscitera avec lui.</p> <p>R/ Gloire à toi, Jésus, notre vie&nbsp;!</p> <p>Ô Christ, radieuse lumière qui brille dans nos ténèbres,<br> tu as sanctifié pour toujours notre condition mortelle.</p> <p>Seigneur, toi qui as marché sur la voie du calvaire,<br> tu nous appelles à te suivre pour mourir et ressusciter avec toi.</p> <p>Fils du Père, notre frère et notre maître,<br> tu fais de nous un peuple de prêtres et de rois.</p> <p>Roi de gloire,<br> nous attendons le jour éclatant de ta manifestation&nbsp;:<br> alors nous te verrons tel que tu es,<br> et nous serons semblables à toi.</p> "
    }
  },
  "readings": {
    "psalmody": [
      {
        "psalm": "PSALM_0"
      },
      {
        "psalm": "PSALM_0"
      },
      {
        "psalm": "PSALM_0"
      }
    ],
    "biblicalReading": {
      "content": "<p></p>"
    },
    "verse": "<p></p>",
    "oration": [
      "Aujourd’hui, Dieu notre Père, tu nous ouvres la vie éternelle par la victoire de ton Fils sur la mort, et nous fêtons sa résurrection. Que ton Esprit fasse de nous des hommes nouveaux pour que nous ressuscitions avec le Christ dans la lumière de la vie. Lui qui règne."
    ]
  },
  "middleOfDay": {
    "psalmody": [
      {
        "psalm": "PSALM_8",
        "antiphon": [
          "Ant. Christ est ressuscité des morts, alléluia&nbsp;! Christ ne connaît plus la mort, alléluia&nbsp;! Ant. Livré pour nos fautes, Christ est ressuscité pour nous justifier, alléluia&nbsp;! Ant. Ressuscités avec le Christ, recherchez les choses d’en haut, alléluia&nbsp;! <!-- Astuce pour forcer l'affichage seul de l'antienne de l'office sélectionné --> <script>$('input[name=\"m_select_office\"]').trigger('change');</script>"
        ]
      },
      {
        "psalm": "PSALM_18A"
      },
      {
        "psalm": "PSALM_18B"
      }
    ]
  },
  "vespers": {
    "psalmody": [
      {
        "psalm": "PSALM_109",
        "antiphon": [
          "Après le sabbat, Marie de Magdala et l’autre Marie allèrent visiter le tombeau de Jésus, alléluia&nbsp;!"
        ]
      },
      {
        "psalm": "PSALM_113A",
        "antiphon": [
          "Venez, voyez l’endroit où l’on avait déposé le corps du Seigneur, alléluia&nbsp;!"
        ]
      },
      {
        "psalm": "NT_12",
        "antiphon": [
          "Ne craignez pas&nbsp;! Dites à mes frères d’aller en Galilée&nbsp;; c’est là qu’ils me verront. Alléluia&nbsp;!"
        ]
      }
    ],
    "reading": {
      "biblicalReference": "He 10, 12-14",
      "content": "Jésus Christ, après avoir offert pour les péchés un unique sacrifice, s’est assis pour toujours à la droite de Dieu. Il attend désormais que ses ennemis soient mis sous ses pieds. Par son sacrifice unique, il a mené pour toujours à leur perfection ceux qui reçoivent de lui la sainteté."
    },
    "responsory": "<p>R/ Voici le jour que fit le Seigneur,<br> jour de fête et de joie.<br> V/ Peuples, rayonnez de joie&nbsp;:<br> voici la Pâque du Seigneur.&nbsp;R/ <br> V/ Voici le jour où le Christ, notre Dieu,<br> nous conduit de la mort à la vie.&nbsp;R/ <br></p>",
    "evangelicAntiphon": {
      "common": "Jésus vient, toutes portes closes. Il se tient au milieu de ses disciples. Il leur dit&nbsp;: La paix soit avec vous&nbsp;! Alléluia&nbsp;!"
    },
    "intercession": {
      "content": "<p>À Jésus, le Vivant, qui ne cesse d’intercéder pour nous, adressons notre prière&nbsp;:</p> <p>R/ Roi de gloire, exauce-nous&nbsp;!</p> <p>Ô Christ, lumière et salut du monde,<br> répands le feu de ton Esprit sur ceux qui confessent ta résurrection.</p> <p>Permets aux fils d’Abraham, d’Isaac et de Jacob<br> de reconnaître en toi le messie de leur espérance.</p> <p>Ceux que tu as fait renaître, ceux que tu as nourris,<br> conduis-les à la plénitude du Royaume.</p> <p>Que toute terre habitée<br> soit illuminée de la lumière de Pâques.</p> <p>Par ton obéissance jusqu’à la mort,<br> par ton exaltation à la droite du Père,<br>ouvre à tes frères les portes du Paradis.</p> "
    }
  }
}