{
  "invitatory": {
    "antiphon": [
      "Le Seigneur est vraiment ressuscité, alléluia !",
      "Nous te louons, splendeur du Père, Jésus, Fils de Dieu."
    ]
  },
  "morning": {
    "psalmody": [
      {
        "psalm": "PSALM_117",
        "antiphon": [
          "Seigneur, que ton souffle en nous est bon et vivifiant, alléluia&nbsp;!"
        ]
      },
      {
        "psalm": "AT_40",
        "antiphon": [
          "Les sources, les fontaines et tout ce qui vit dans les eaux, chantez louange à Dieu, alléluia."
        ]
      },
      {
        "psalm": "PSALM_150",
        "antiphon": [
          "Les Apôtres proclamaient en toutes langues les merveilles de Dieu, alléluia."
        ]
      }
    ],
    "evangelicAntiphon": {
      "common": "Je suis le Pasteur des brebis, je suis la Voie, la Vérité, la Vie&nbsp;; je suis le bon Pasteur, je connais mes brebis et mes brebis me connaissent. Alléluia."
    },
    "intercession": {
      "content": "<p>Rendons grâce à Dieu le Père qui a sauvé son Fils de la mort&nbsp;:</p> <p>R/ Gloire à toi dans les siècles&nbsp;!</p> <p>Père saint, tu as glorifié ton Enfant bien-aimé&nbsp;;&nbsp;<br> –&nbsp;en lui tu nous appelles des ténèbres à ton admirable lumière&nbsp;:</p> <p>Tu nous as sauvés par la foi en ton Fils&nbsp;;<br> –&nbsp;affermis les croyants dans la foi de leur baptême&nbsp;:</p> <p>Tu tournes nos regards vers les réalités d’en haut&nbsp;<br> –&nbsp;libère-nous de l’emprise du péché&nbsp;:</p> <p>Que notre vie cachée en toi avec le Christ<br> –&nbsp;prépare les cieux nouveaux et la terre nouvelle&nbsp;:</p> "
    }
  },
  "readings": {
    "psalmody": [
      {
        "psalm": "PSALM_23",
        "antiphon": [
          "Vous verrez le Fils de l’homme monter auprès du Père où il était dès le commencement. Alléluia."
        ]
      },
      {
        "psalm": "PSALM_65_1",
        "antiphon": [
          "Allez par le monde entier, proclamez la bonne nouvelle à toute la création. Alléluia."
        ]
      },
      {
        "psalm": "PSALM_65_2",
        "antiphon": [
          "Allez par le monde entier, proclamez la bonne nouvelle à toute la création. Alléluia."
        ]
      }
    ],
    "biblicalReading": {
      "title": "La femme et le dragon",
      "ref": "Ap 12, 1-18",
      "content": "<p>Un grand signe apparut dans le ciel&nbsp;: une Femme, ayant le soleil pour manteau, la lune sous les pieds, et sur la tête une couronne de douze étoiles. Elle est enceinte, elle crie, dans les douleurs et la torture d’un enfantement. Un autre signe apparut dans le ciel&nbsp;: un grand dragon, rouge feu, avec sept têtes et dix cornes, et, sur chacune des sept têtes, un diadème. Sa queue, entraînant le tiers des étoiles du ciel, les précipita sur la terre. Le Dragon vint se poster devant la femme qui allait enfanter, afin de dévorer l’enfant dès sa naissance. Or, elle mit au monde un fils, un enfant mâle, celui qui sera le berger de toutes les nations, les conduisant avec un sceptre de fer. L’enfant fut enlevé jusqu’auprès de Dieu et de son Trône, et la Femme s’enfuit au désert, où Dieu lui a préparé une place, pour qu’elle y soit nourrie pendant mille deux cent soixante jours. Il y eut alors un combat dans le ciel&nbsp;: Michel, avec ses anges, dut combattre le Dragon. Le Dragon, lui aussi, combattait avec ses anges, mais il ne fut pas le plus fort&nbsp;; pour eux désormais, nulle place dans le ciel. Oui, il fut rejeté, le grand Dragon, le Serpent des origines, celui qu’on nomme Diable et Satan, le séducteur du monde entier. Il fut jeté sur la terre, et ses anges furent jetés avec lui. Alors j’entendis dans le ciel une voix forte, qui proclamait&nbsp;: «&nbsp;Maintenant voici le salut, la puissance et le règne de notre Dieu, voici le pouvoir de son Christ&nbsp;! Car il est rejeté, l’accusateur de nos frères, lui qui les accusait, jour et nuit, devant notre Dieu. Eux-mêmes l’ont vaincu par le sang de l’Agneau, par la parole dont ils furent les témoins&nbsp;; détachés de leur propre vie, ils sont allés jusqu’à mourir. Cieux, soyez donc dans la joie, et vous qui avez aux cieux votre demeure&nbsp;! Malheur à la terre et à la mer&nbsp;: le diable est descendu vers vous, plein d’une grande fureur&nbsp;; il sait qu’il lui reste peu de temps.&nbsp;» Et quand le Dragon vit qu’il était jeté sur la terre, il se mit à poursuivre la Femme qui avait mis au monde l’enfant mâle. Alors furent données à la Femme les deux ailes du grand aigle pour qu’elle s’envole au désert, à la place où elle doit être nourrie pour un temps, deux temps et la moitié d’un temps, loin de la présence du Serpent. Puis, de sa gueule, le Serpent projeta derrière la Femme de l’eau comme un fleuve, pour qu’elle soit emportée par ce fleuve. Mais la terre vint au secours de la Femme&nbsp;: la terre ouvrit la bouche et engloutit le fleuve projeté par la gueule du Dragon. Alors le Dragon se mit en colère contre la Femme, il partit faire la guerre au reste de sa descendance, ceux qui observent les commandements de Dieu et gardent le témoignage de Jésus. Et il se posta sur le sable au bord de la mer.</p>",
      "responsory": "<p>R/ Alléluia&nbsp;!<br> Ils triomphent par le sang de l’Agneau.</p> <p>Il est vainqueur du monde,<br> celui qui croit au Fils de Dieu<br> venu avec l’eau et le sang,<br> Jésus Christ.</p> <p>Vainqueur par le sang précieux<br> d’un agneau sans défaut et sans tache<br> prédestiné avant que fût le monde,<br> le sang du Christ&nbsp;!</p>"
    },
    "patristicReading": {
      "title": "HOMÉLIE DE SAINT GRÉGOIRE LE GRAND",
      "content": "<p><b>«&nbsp;Mes brebis écoutent ma voix,<br> et moi je leur donne la vie éternelle&nbsp;»</b> <i>Moi, je suis le bon Pasteur. Et je connais mes brebis</i> (c’est-à-dire je les aime), <i>et mes brebis me connaissent</i>. C’est comme s’il disait clairement&nbsp;: Ceux qui m’aiment m’obéissent, car celui qui n’aime pas la vérité, maintenant même ne la connaît pas du tout. Puisque vous avez entendu, frères très chers, le péril qui nous menace, nous les pasteurs, évaluez, grâce aux paroles du Seigneur, le péril qui est le vôtre. Voyez si vous êtes ses brebis, voyez si vous le connaissez, voyez si vous percevez la lumière de la vérité. Je parle de percevoir, non par la foi, mais par l’amour. Je parle de percevoir, non par la croyance, mais par l’action. Car saint Jean, qui parle dans notre évangile, atteste cela lorsqu’il dit ailleurs&nbsp;: <i>Celui qui prétend connaître Dieu, et qui ne garde pas ses commandements, est un menteur.</i> C’est pourquoi, dans notre passage, le Seigneur ajoute aussitôt&nbsp;: <i>Comme le Père me connaît, moi je connais le Père, et je donne ma vie pour mes brebis</i>. C’est comme s’il disait clairement&nbsp;: Ce qui prouve que je connais le Père et que je suis connu de lui, c’est que je donne ma vie pour mes brebis&nbsp;: c’est-à-dire&nbsp;: je montre combien j’aime le Père par l’amour qui me fait mourir pour mes brebis. ~ Au sujet des brebis, il dit encore&nbsp;: <i>Mes brebis entendent ma voix, et moi je les connais, elles me suivent, et je leur donne la vie éternelle</i>. Et un peu plus haut il avait dit à leur sujet&nbsp;: <i>Si quelqu’un entre en passant par moi, il sera sauvé il pourra entrer et sortir, et il trouvera un pâturage</i>. Il entrera pour avoir la foi&nbsp;; il sortira en passant de la foi à la vision, de la croyance à la contemplation, et il trouvera un pâturage en arrivant au festin éternel. Les brebis du bon Pasteur trouvent donc un pâturage parce que tout homme qui le suit avec un cœur simple est nourri dans la pâture des prairies intérieures. Et quel est le pâturage de ces brebis-là, sinon les joies éternelles d’un paradis toujours vert&nbsp;? Car le pâturage des élus, c’est le visage de Dieu, toujours présent&nbsp;: puisqu’on le regarde sans interruption, l’âme se rassasie sans fin de l’aliment de vie. ~ Recherchons donc, frères très chers, ce pâturage où nous trouverons notre joie au cœur de la fête célébrée par tant de nos concitoyens. Que leur allégresse nous y invite. ~ Réchauffons nos cœurs, mes frères, que notre foi se ranime envers ce qu’elle croit, que nos désirs s’enflamment pour les biens célestes&nbsp;: c’est déjà partir à leur rencontre que de les aimer. Aucun obstacle ne doit nous enlever la joie de la solennité intérieure, car si l’on désire se rendre à un endroit qu’on s’est fixé, aucune difficulté ne peut changer ce désir. Aucune prospérité flatteuse ne doit nous en détourner&nbsp;; il est fou, le voyageur qui, apercevant sur sa route de gracieuses prairies, oublie le but de son voyage.</p>",
      "responsory": "<p>Le Bon Pasteur s’est livré lui-même<br> pour que vous ayez la vie.<br> Laissez-vous conduire à sa voix<br> et suivez-le en chantant&nbsp;:</p> <p>R/ Tu es la porte du Royaume, alléluia,<br> tu es la route vers le Père, alléluia&nbsp;!</p> <p>Le Seigneur a les yeux sur ses fidèles,<br> sur ceux qui espèrent son amour.</p> <p>Pour nous préserver de la mort,<br> nous garder en vie au temps de la famine.</p>"
    },
    "oration": [
      "Dieu éternel et tout puissant, guide-nous jusqu’au bonheur du ciel&nbsp;; que le troupeau parvienne, malgré sa faiblesse, là où son Pasteur est entré victorieux. Lui qui règne."
    ]
  },
  "middleOfDay": {
    "psalmody": [
      {
        "psalm": "PSALM_22",
        "antiphon": [
          "Alléluia, alléluia, alléluia&nbsp;!"
        ]
      },
      {
        "psalm": "PSALM_75_1"
      },
      {
        "psalm": "PSALM_75_2"
      }
    ]
  },
  "vespers": {
    "psalmody": [
      {
        "psalm": "PSALM_109",
        "antiphon": [
          "Recherchez les biens d’en haut&nbsp;: c’est là que règne le Christ, assis à la droite de Dieu, alléluia."
        ]
      },
      {
        "psalm": "PSALM_111",
        "antiphon": [
          "Pour les cœurs droits, une lumière s’est levée, alléluia."
        ]
      },
      {
        "psalm": "NT_12",
        "antiphon": [
          "Salut, puissance, honneur et gloire à notre Dieu&nbsp;! Alléluia."
        ]
      }
    ],
    "evangelicAntiphon": {
      "common": "Mes brebis écoutent ma voix, et moi, je les connais. Alléluia."
    },
    "intercession": {
      "content": "<p>Prions le Père tout-puissant qui nous a rendu la vie en Jésus ressuscité&nbsp;:</p> <p>R/ Amen&nbsp;! Amen&nbsp;! Alléluia&nbsp;!</p> <p>Par l’exaltation de Jésus sur la croix,&nbsp;<br> —&nbsp;attire à lui tous les hommes.</p> <p>Par le passage du Christ à travers les eaux de la mort,<br> —&nbsp;garde la foi des nouveaux baptisés.</p> <p>Par la victoire du Ressuscité sur les forces du mal,&nbsp;<br> —&nbsp;préserve les peuples de la violence.</p> <p>Par le don de l’unique Esprit au soir de Pâques,&nbsp;<br> —&nbsp;fais de ton Église le signe de l’unité.</p> <p>Par le sacrement du Corps et du Sang de ton Fils,&nbsp;<br> —&nbsp;que nos frères défunts participent à sa résurrection.</p> "
    }
  }
}