{
  "invitatory": {
    "antiphon": [
      "Le Seigneur est vraiment ressuscité, alléluia !",
      "Nous te louons, splendeur du Père, Jésus, Fils de Dieu."
    ]
  },
  "morning": {
    "psalmody": [
      {
        "psalm": "PSALM_83",
        "antiphon": [
          "Vers toi, Dieu vivant, mon cœur et ma chair crient de joie, alléluia."
        ]
      },
      {
        "psalm": "AT_17",
        "antiphon": [
          "Tous les peuples viendront vers la maison de Dieu, alléluia."
        ]
      },
      {
        "psalm": "PSALM_95",
        "antiphon": [
          "Dites à tous les peuples&nbsp;: le Seigneur règne, alléluia."
        ]
      }
    ],
    "reading": {
      "biblicalReference": "Rm 10, 8-10",
      "content": "Nous lisons dans l’Écriture&nbsp;: «&nbsp;La Parole est près de toi&nbsp;; elle est dans ta bouche et dans ton cœur.&nbsp;» Cette Parole, c’est le message de la foi que nous proclamons. Donc, si tu affirmes de ta bouche que Jésus est Seigneur, si tu crois dans ton cœur que Dieu l’a ressuscité d’entre les morts, alors tu seras sauvé. Celui qui croit du fond de son cœur devient juste&nbsp;; celui qui, de sa bouche, affirme sa foi parvient au salut."
    },
    "responsory": "<p>R/ Jésus s’est levé du tombeau.<br>  * Alléluia, alléluia&nbsp;!<br> V/ Lui qui fut cloué pour nous sur le bois.  * <br> Gloire au Père et au Fils et au Saint-Esprit.&nbsp;R/ </p>",
    "evangelicAntiphon": {
      "common": "Vous aurez à souffrir dans le monde, mais ne craignez pas&nbsp;: je suis vainqueur du monde. Alléluia."
    },
    "intercession": {
      "content": "<p>Avec tous ceux qui ont été justifiés dans l’Esprit de Dieu, élevons vers le Christ une prière unanime&nbsp;:</p> <p>R/ Roi de gloire, répands sur nous ton Esprit&nbsp;!</p> <p>Verbe de vérité, fais rayonner sur nous ta lumière&nbsp;:<br> –&nbsp;que nos paroles et nos actes témoignent de toi devant les hommes.</p> <p>Sagesse de Dieu, emplis-nous des dons de l’Esprit&nbsp;:<br> –&nbsp;que notre désir accueille ce que son souffle nous inspire.</p> <p>Splendeur du Père, porte la lumière de l’Esprit jusqu’aux ténèbres de nos cœurs&nbsp;:<br> –&nbsp;qu’il soit lui-même notre prière.</p> <p>Jésus, notre gloire éternelle, imprègne-nous de ton amour&nbsp;:<br> –&nbsp;que nous vivions en frères dans l’espérance du Royaume.</p>"
    }
  },
  "readings": {
    "psalmody": [
      {
        "psalm": "PSALM_49_1",
        "antiphon": [
          "Par le Christ, offrons toujours à Dieu un sacrifice de louange, alléluia."
        ]
      },
      {
        "psalm": "PSALM_49_2",
        "antiphon": [
          "Par le Christ, offrons toujours à Dieu un sacrifice de louange, alléluia."
        ]
      },
      {
        "psalm": "PSALM_49_3",
        "antiphon": [
          "Par le Christ, offrons toujours à Dieu un sacrifice de louange, alléluia."
        ]
      }
    ],
    "biblicalReading": {
      "title": "Le premier, Dieu nous aime",
      "ref": "1Jn 4, 1-10",
      "content": "<p>Bien-aimés, ne vous fiez pas à n’importe quelle inspiration, mais examinez les esprits pour voir s’ils sont de Dieu, car beaucoup de faux prophètes se sont répandus dans le monde. Voici comment vous reconnaîtrez l’Esprit de Dieu&nbsp;: tout esprit qui proclame que Jésus Christ est venu dans la chair, celui-là est de Dieu. Tout esprit qui refuse de proclamer Jésus, celui-là n’est pas de Dieu&nbsp;: c’est l’esprit de l’anti-Christ, dont on vous a annoncé la venue et qui, dès maintenant, est déjà dans le monde. Vous, petits enfants, vous êtes de Dieu, et vous avez vaincu ces gens-là&nbsp;; car Celui qui est en vous est plus grand que celui qui est dans le monde. Eux, ils sont du monde&nbsp;; voilà pourquoi ils parlent le langage du monde, et le monde les écoute. Nous, nous sommes de Dieu&nbsp;; celui qui connaît Dieu nous écoute&nbsp;; celui qui n’est pas de Dieu ne nous écoute pas. C’est ainsi que nous reconnaissons l’esprit de la vérité et l’esprit de l’erreur. Bien-aimés, aimons-nous les uns les autres, puisque l’amour vient de Dieu. Celui qui aime est né de Dieu et connaît Dieu. Celui qui n’aime pas n’a pas connu Dieu, car Dieu est amour. Voici comment l’amour de Dieu s’est manifesté parmi nous&nbsp;: Dieu a envoyé son Fils unique dans le monde pour que nous vivions par lui. Voici en quoi consiste l’amour&nbsp;: ce n’est pas nous qui avons aimé Dieu, mais c’est lui qui nous a aimés, et il a envoyé son Fils en sacrifice de pardon pour nos péchés,</p>",
      "responsory": "<p>R/ Dieu a tant aimé le monde, alléluia,<br> qu’il a donné son Fils unique, alléluia&nbsp;!</p> <p>Ce n’est pas nous qui avons aimé Dieu&nbsp;:<br> lui, le premier, nous a aimés.</p> <p>Son Fils, son unique, il l’a offert<br> pour les péchés du monde entier.</p> <p>À tous ceux qui croient au Christ,<br> il donne la vie éternelle.</p>"
    },
    "patristicReading": {
      "title": "CATÉCHÈSE DE SAINT CYRILLE DE JÉRUSALEM SUR LE SAINT ESPRIT",
      "subtitle": "L’eau, symbole de l’Esprit",
      "content": "<p><i>L’eau que je lui donnerai deviendra en lui source jaillissante pour la vie éternelle</i>. C’est une eau toute nouvelle, vivante, et jaillissante, jaillissant pour ceux qui en sont dignes. Pour quelle raison le don de l’Esprit est-il appelé une «&nbsp;eau&nbsp;»&nbsp;? C’est parce que l’eau est à la base de tout&nbsp;; parce que l’eau produit la végétation et la vie&nbsp;; parce que l’eau descend du ciel sous forme de pluie&nbsp;; parce qu’en tombant sous une seule forme, elle opère de façon multiforme. ~ Elle est différente dans le palmier, différente dans la vigne, elle se fait toute à tous. Elle n’a qu’une seule manière d’être, et elle n’est pas différente d’elle-même. La pluie ne se transforme pas quand elle descend ici ou là ,mais, en s’adaptant à la constitution des êtres qui la reçoivent, elle produit en chacun ce qui lui convient. L’Esprit Saint agit ainsi. Il a beau être un, simple et indivisible, <i>il distribue ses dons à chacun, selon sa volonté</i>. De même que le bois sec, associé à l’eau, produit des bourgeons, de même l’âme qui vivait dans le péché, mais que la pénitence rend capable de recevoir le Saint-Esprit, apporte des fruits de justice. Bien que l’Esprit soit simple, c’est lui, sur l’ordre de Dieu et au nom du Christ, qui anime de nombreuses vertus. Il emploie la langue de celui-ci au service de la sagesse&nbsp;; il éclaire par la prophétie l’âme de celui-là&nbsp;; il donne à un prêtre le pouvoir de chasser les démons&nbsp;; à un autre encore celui d’interpréter les divines Écritures. Il fortifie la chasteté de l’un, il enseigne à un autre l’art de l’aumône, il enseigne à celui-ci le jeûne et l’ascèse, à un autre il enseigne à mépriser les intérêts du corps, il prépare un autre encore au martyre. Différent chez les différents hommes, il n’est pas différent de lui-même, ainsi qu’il est écrit&nbsp;: <i>Chacun reçoit le don de manifester l’Esprit en vue du bien de tous</i>. ~ Son entrée en nous se fait avec douceur, on l’accueille avec joie, son joug est facile à porter. Son arrivée est annoncée par des rayons de lumière et de science. Il vient avec la tendresse d’un défenseur véritable, car il vient pour sauver, guérir, enseigner, conseiller, fortifier, réconforter, éclairer l’esprit&nbsp;: chez celui qui le reçoit, tout d’abord&nbsp;; et ensuite, par celui-ci, chez les autres. Un homme qui se trouvait d’abord dans l’obscurité, en voyant soudain le soleil, a le regard éclairé et voit clairement ce qu’il ne voyait pas auparavant&nbsp;: ainsi celui qui a l’avantage de recevoir le Saint-Esprit a l’âme illuminée, et il voit de façon surhumaine ce qu’il ne connaissait pas.</p>",
      "responsory": "<p>R/ Allons dans la joie puiser aux sources du salut.</p> <p>Celui qui boira de l’eau que je lui donnerai<br> n’aura plus jamais soif.</p> <p>L’eau que je vous donnerai deviendra en vous<br> source jaillissant en vie éternelle.</p>"
    },
    "verse": "<p>V/ Mon cœur et ma chair sont un cri, alléluia,<br>vers le Dieu vivant, alléluia.</p>",
    "oration": [
      "Seigneur, nous t’en prions&nbsp;: que descende sur nous la force de l’Esprit Saint pour que nous puissions discerner ta volonté et l’accomplir tout au long de notre vie."
    ]
  },
  "middleOfDay": {
    "psalmody": [
      {
        "psalm": "PSALM_118_12",
        "antiphon": [
          "Alléluia, alléluia, alléluia&nbsp;!"
        ]
      },
      {
        "psalm": "PSALM_70_1"
      },
      {
        "psalm": "PSALM_70_2"
      }
    ]
  },
  "vespers": {
    "psalmody": [
      {
        "psalm": "PSALM_122",
        "antiphon": [
          "Une lumière a surgi, tous les humbles ont été relevés, alléluia."
        ]
      },
      {
        "psalm": "PSALM_123",
        "antiphon": [
          "Le filet s’est rompu, nous sommes libres, alléluia."
        ]
      },
      {
        "psalm": "NT_4",
        "antiphon": [
          "Béni sois-tu, notre Père, qui nous as bénis dans le Christ&nbsp;!"
        ]
      }
    ],
    "reading": {
      "biblicalReference": "Rm 8, 14-17",
      "content": "Tous ceux qui se laissent conduire par l’Esprit de Dieu, ceux-là sont fils de Dieu. L’Esprit que vous avez reçu ne fait pas de vous des esclaves, des gens qui ont encore peur&nbsp;; c’est un Esprit qui fait de vous des fils&nbsp;; poussés par cet Esprit, nous crions vers le Père en l’appelant&nbsp;: «&nbsp;Abba&nbsp;!&nbsp;» C’est donc l’Esprit Saint lui-même qui affirme à notre esprit que nous sommes enfants de Dieu. Puisque nous sommes ses enfants, nous sommes aussi ses héritiers&nbsp;; héritiers de Dieu, héritiers avec le Christ, à condition de souffrir avec lui pour être avec lui dans la gloire."
    },
    "responsory": "<p>R/ Toi, la source des eaux vives,<br> Esprit le Dieu pour notre terre,<br> Comment es-tu<br> La soif que rien n’apaise&nbsp;?<br> <p class=\"antienne rouge\"><i>ou bien</i></p> R/ Spíritus Paráclitus,<br>  *  Allelúia, allelúia. Spíritus.<br> V/ Docébit vos ómnia.<br>  *  Allelúia, allelúia.<br> Glória Patri. Spíritus.<br></p>",
    "evangelicAntiphon": {
      "common": "L’Esprit de vérité demeure auprès de vous, il est en vous. Alléluia."
    },
    "intercession": {
      "content": "<p>Nous ne savons pas prier comme il faut&nbsp;;<br> demandons au Christ que son Esprit nous enseigne&nbsp;:</p> <p>R/ Exauce-nous, Seigneur de gloire&nbsp;!</p> <p>Ô Christ, Tête du Corps qui est l’Église,<br> –&nbsp;donne-lui d’être un reflet de ta lumière au milieu des hommes.</p> <p>Toi, notre Pasteur éternel, accorde le discernement aux pasteurs que tu as choisis&nbsp;:<br> –&nbsp;qu’ils conduisent ton peuple dans la vérité.</p> <p>Tu as été conçu de la Vierge Marie dans l’ombre de l’Esprit,<br> –&nbsp;garde fidèles à ton amour ceux qui vivent le célibat consacré.</p> <p>Toi, le Maître de tout, riche en miséricorde, <br> –&nbsp;viens au secours des pauvres de la terre.</p> <p>Toi qui t’es appauvri pour nous enrichir, <br> –&nbsp;donne-nous l’esprit de partage.</p> <p>Toi, le Fils éternel du Père,<br> –&nbsp;fais entrer nos frères défunts dans la pleine liberté des enfants de Dieu.</p>"
    }
  }
}