{
  "invitatory": {
    "antiphon": [
      "Le Seigneur est vraiment ressuscité, alléluia !",
      "Nous te louons, splendeur du Père, Jésus, Fils de Dieu."
    ]
  },
  "morning": {
    "psalmody": [
      {
        "psalm": "PSALM_85",
        "antiphon": [
          "Tous les peuples viendront adorer le Seigneur, alléluia."
        ]
      },
      {
        "psalm": "AT_22",
        "antiphon": [
          "Nos yeux contempleront le roi dans sa beauté, alléluia."
        ]
      },
      {
        "psalm": "PSALM_97",
        "antiphon": [
          "Toute chair verra le salut de Dieu, alléluia."
        ]
      }
    ],
    "evangelicAntiphon": {
      "common": "Tout homme qui voit le Fils et croit en lui a la vie éternelle. Le Fils le ressuscitera au dernier jour. Alléluia."
    },
    "intercession": {
      "content": "<p>Jésus Sauveur, manifesté dans la chair,<br> arrache à la mort toute chair mortelle.</p> <p>R/ Jésus Christ, Seigneur, alléluia&nbsp;!</p> <p>Jésus Seigneur, justifié dans l’Esprit,<br> justifie ceux qui confessent ton nom.</p> <p>Roi de gloire, apparu aux anges,<br> règne sur tous les univers.</p> <p>Verbe vivant, proclamé dans les nations,<br> sois leur cri de victoire.</p> <p>Fils de Dieu, reconnu dans le monde,<br> révèle à tous la face du Père.</p> <p>Jésus, notre frère, enlevé dans la gloire,<br> tu reviendras nous prendre avec toi.</p> "
    }
  },
  "readings": {
    "psalmody": [
      {
        "psalm": "PSALM_88_1",
        "antiphon": [
          "Vainqueur, Jésus a pris place auprès du Père, sur son trône, alléluia."
        ]
      },
      {
        "psalm": "PSALM_88_2",
        "antiphon": [
          "Vainqueur, Jésus a pris place auprès du Père, sur son trône, alléluia."
        ]
      },
      {
        "psalm": "PSALM_88_3",
        "antiphon": [
          "Vainqueur, Jésus a pris place auprès du Père, sur son trône, alléluia."
        ]
      }
    ],
    "biblicalReading": {
      "title": "Le malheur des sauterelles",
      "ref": "Ap 9, 1-12",
      "content": "<p>Le cinquième ange sonna de la trompette, et j’ai vu une étoile qui était tombée du ciel sur la terre&nbsp;: c’est à elle que fut donnée la clé du puits de l’abîme. Elle ouvrit le puits de l’abîme, et du puits monta une fumée comme celle d’une grande fournaise&nbsp;; le soleil et l’air furent obscurcis par la fumée du puits. Et de la fumée sortirent vers la terre des sauterelles&nbsp;; un pouvoir leur fut donné, pareil au pouvoir des scorpions de la terre. Il leur fut dit de ne pas faire de mal à l’herbe de la terre, ni à la verdure, ni à aucun arbre, mais seulement aux hommes, ceux qui n’ont pas sur le front la marque du sceau de Dieu. Il leur fut donné, non pas de les tuer, mais de les tourmenter pendant cinq mois d’un tourment comme celui qu’inflige le scorpion quand il pique un homme. En ces jours-là, les hommes chercheront la mort et ne la trouveront pas&nbsp;; ils désireront mourir et la mort les fuira. Ces sortes de sauterelles ressemblent à des chevaux équipés pour la guerre&nbsp;; elles ont comme des couronnes d’or sur la tête, et un visage comme un visage humain. Elles ont des cheveux comme des cheveux de femmes, leurs dents sont comme celles des lions. Elles ont des poitrails comme des cuirasses de fer, et le bruit de leurs ailes est comme celui de chars à plusieurs chevaux courant au combat. Elles ont des queues comme des scorpions, et des dards venimeux. Dans leur queue se trouve le pouvoir de faire du mal aux hommes pendant cinq mois. Elles ont comme roi l’ange de l’abîme&nbsp;; il se nomme en hébreu <i>Abaddôn</i> et en grec <i>Apollyôn</i> (c’est-à-dire&nbsp;: Destructeur). Le premier «&nbsp;Malheur&nbsp;!&nbsp;» est passé&nbsp;; voici que deux «&nbsp;Malheur&nbsp;!&nbsp;» vont encore arriver.</p>",
      "responsory": "<p>R/ Tous ceux qui invoquent ton nom, Seigneur Jésus,<br> seront sauvés, alléluia&nbsp;!</p> <p>Je produirai des signes<br> dans le ciel et sur la terre<br> feu, sang, colonnes de fumée&nbsp;!</p> <p>Prenez garde, veillez, priez,<br> car vous ne savez pas le jour<br> où le Fils de l’homme viendra.</p>"
    },
    "patristicReading": {
      "title": "PREMIÈRE APOLOGIE DE SAINT JUSTIN",
      "subtitle": "Le baptême au nom de Jésus Christ&nbsp;: nouvelle naissance et illumination.",
      "content": "<p><i>Comme pour l’Eucharistie, Justin est aussi le premier témoin de l’incorporation à la communauté par le baptême, dans l’Église de Rome au IIe siècle.</i> Nous allons vous exposer comment, après avoir été renouvelés par le Christ, nous nous consacrons à Dieu. ~ Ceux qui sont convaincus de la vérité de notre doctrine et de notre parole, et qui y croient, promettent de vivre selon cette doctrine. On leur enseigne à prier et à demander à Dieu, en jeûnant, le pardon de leurs péchés passés&nbsp;; et nous-mêmes, nous prions et nous jeûnons avec eux. Ensuite ils sont conduits par nous au lieu où se trouve l’eau, et, de la même manière que nous avons été régénérés nous-mêmes, ils sont régénérés à leur tour. Au nom de Dieu le Père, maître de l’univers, de notre Sauveur Jésus Christ et de l’Esprit Saint, ils sont alors lavés dans l’eau. Le Christ a dit en effet&nbsp;: <i>Si vous ne renaissez pas, vous n’entrerez pas dans le Royaume des cieux</i>. Il est évident pour tout le monde que ceux qui sont nés une fois ne peuvent pas rentrer dans le sein de leur mère. Le prophète Isaïe a enseigné comment les pécheurs convertis échapperont à leurs péchés. Il a parlé ainsi&nbsp;: <i>Lavez-vous, purifiez-vous, enlevez la méchanceté de vos cœurs, apprenez à faire le bien, rendez justice à l’orphelin, défendez la veuve. Venez et discutons, dit le Seigneur. Et si vos péchés sont comme la pourpre, je les rendrai blancs comme la laine , s’ils sont comme l’écarlate, je vous rendrai blancs comme la neige. Mais si vous ne m’écoutez pas, l’épée vous dévorera. C’est la bouche du Seigneur qui a parlé.</i> Voici la doctrine que nous ont léguée les Apôtres à ce sujet. Nous avons reçu la première naissance sans le savoir, par une loi nécessaire, par la suite de l’union de nos parents, et nous sommes venus au monde avec des habitudes vicieuses et des mœurs mauvaises. Pour que nous ne demeurions pas les enfants de la nécessité et de l’ignorance, mais du libre choix et de la connaissance, et pour que nous obtenions dans l’eau le pardon de nos péchés passés, sur celui qui veut renaître et se convertir de ses péchés, on invoque le nom du Père de l’univers, notre Dieu et Maître. Il ne lui donne pas d’autre nom, celui qui conduit au baptême le candidat. Car personne n’est capable d’attribuer un nom au Dieu qui est au-dessus de toute parole, et si quelqu’un ose prétendre qu’il en a un, il est atteint d’une folie mortelle. Ces mots&nbsp;: Père, Dieu, Créateur, Seigneur et Maître ne sont pas des noms, mais des appellations motivées par ses bienfaits et par ses œuvres. Le mot Dieu n’est pas un nom, mais une approximation naturelle à l’homme pour désigner d’une chose inexplicable. Ce bain du baptême est appelé «&nbsp;illumination&nbsp;» parce que ceux qui reçoivent cette connaissance sont illuminés. C’est aussi au nom de Jésus Christ, crucifié sous Ponce Pilate, et nom de l’Esprit Saint qui a proclamé d’avance par les prophètes tout ce qui se rapporte à Jésus, —&nbsp;c’est en leur nom qu’est baptisé celui qui reçoit la lumière.</p>",
      "responsory": "<p>Libre tu t’éveilles. Stance<br> Premier-né d’entre les morts.<br> De ton cœur naît l’Église<br> à l’image de Dieu,<br> car toi seul tu baptises<br> dans l’Esprit et le feu.</p> <p>R/ Libre, je m’éveille,<br> renaissant d’entre les morts.</p> <p>Comme une biche languit<br> après l’eau vive,<br> ainsi mon âme languit<br> vers toi, mon Dieu.</p> <p>Mon âme a soif de Dieu<br> le Dieu vivant&nbsp;:<br> quand pourrai-je m’avancer,<br> paraître face à Dieu&nbsp;?</p>"
    },
    "oration": [
      "Viens au secours de ta famille, Seigneur, sois généreux pour elle&nbsp;: tu lui as donné la grâce de la foi, accorde-lui aussi une part dans la résurrection de ton Fils."
    ]
  },
  "middleOfDay": {
    "psalmody": [
      {
        "psalm": "PSALM_118_14",
        "antiphon": [
          "Alléluia, alléluia, alléluia&nbsp;!"
        ]
      },
      {
        "psalm": "PSALM_69"
      },
      {
        "psalm": "PSALM_74"
      }
    ]
  },
  "vespers": {
    "psalmody": [
      {
        "psalm": "PSALM_125",
        "antiphon": [
          "Votre tristesse deviendra joie. Alléluia."
        ]
      },
      {
        "psalm": "PSALM_126",
        "antiphon": [
          "Que nous vivions, que nous mourions, c’est pour le Seigneur, alléluia."
        ]
      },
      {
        "psalm": "NT_6",
        "antiphon": [
          "Tout vient de lui, tout est pour lui, tout est en lui&nbsp;! Gloire à Dieu dans les siècles&nbsp;!"
        ]
      }
    ],
    "evangelicAntiphon": {
      "common": "Tous ceux que le Père m’a donnés viendront à moi&nbsp;: je les garderai près de moi à jamais. Alléluia&nbsp;!"
    },
    "intercession": {
      "content": "<p>R/ Reste avec nous, Seigneur Jésus.</p> <p>Toi qui rejoignais sur le chemin d’Emmaüs tes disciples découragés,<br> soutiens la foi de ceux qui doutent.</p> <p>Toi qui ouvris leur intelligence au sens des Écritures,<br> apprends-nous qu’il faut souffrir avec toi pour entrer dans ta gloire.</p> <p>Toi qui t’es fait reconnaître à la fraction du pain,<br> permets que nos partages révèlent ta présence.</p> <p>Toi qui brûles nos cœurs de la joie de Pâques,<br> fais qu’elle nous porte vers ceux qui s’éloignent tout tristes.</p> <p>Toi le Vivant, qui ne meurs plus,<br> donne ta vie à ceux qui ont connu la mort.</p> "
    }
  }
}