{
  "invitatory": {
    "antiphon": [
      "Le Seigneur est vraiment ressuscité, alléluia !",
      "Nous te louons, splendeur du Père, Jésus, Fils de Dieu."
    ]
  },
  "morning": {
    "psalmody": [
      {
        "psalm": "PSALM_50",
        "antiphon": [
          "Le Seigneur s’est offert, victime pour nos péchés, alléluia."
        ]
      },
      {
        "psalm": "AT_6",
        "antiphon": [
          "Jérusalem, cité de Dieu, tu brilleras d’une lumière éblouissante, alléluia."
        ]
      },
      {
        "psalm": "PSALM_147",
        "antiphon": [
          "J’ai vu Jérusalem, la cité nouvelle, descendre du ciel, alléluia."
        ]
      }
    ],
    "evangelicAntiphon": {
      "common": "Je m’en vais vous préparer une place, je reviendrai vous prendre avec moi, et là où je suis, vous serez vous aussi. Alléluia."
    },
    "intercession": {
      "content": "<p>Contemplons l’Agneau vainqueur, immolé, toujours vivant&nbsp;:</p> <p>Toi, le Ressuscité, sauve-nous de la mort.<br> Sauve-nous de la mort&nbsp;!</p> <p>Toi, le Vivant, fais-nous revivre.<br> Fais-nous revivre&nbsp;!</p> <p>Toi, le Vainqueur, triomphe en nous du mal.<br> Triomphe en nous du mal&nbsp;!</p> <p>Toi, le Saint, consacre-nous dans la vérité.<br> Consacre-nous dans la vérité&nbsp;!</p> <p>Toi, le Seigneur, exalté dans la gloire,<br> prends-nous auprès de toi.<br> Prends-nous auprès de toi&nbsp;!</p> "
    }
  },
  "readings": {
    "psalmody": [
      {
        "psalm": "PSALM_77_1",
        "antiphon": [
          "Pardonné dans le Christ, le monde est réconcilié avec Dieu, alléluia."
        ]
      },
      {
        "psalm": "PSALM_77_2",
        "antiphon": [
          "Pardonné dans le Christ, le monde est réconcilié avec Dieu, alléluia."
        ]
      },
      {
        "psalm": "PSALM_77_3",
        "antiphon": [
          "Pardonné dans le Christ, le monde est réconcilié avec Dieu, alléluia."
        ]
      }
    ],
    "biblicalReading": {
      "title": "La grande prostituée",
      "ref": "Ap 17, 1-18",
      "content": "<p>L’un des sept anges aux sept coupes vint me parler&nbsp;: «&nbsp;Viens, dit-il, je vais te montrer ce que sera la condamnation de la grande prostituée assise au bord des grandes eaux. Les rois de la terre se sont prostitués avec elle, et ceux qui habitent la terre se sont enivrés du vin de sa prostitution.&nbsp;» Il me transporta en esprit au désert. Et j’ai vu une femme assise sur une bête écarlate qui était couverte de noms blasphématoires et qui avait sept têtes et dix cornes. Cette femme était vêtue de pourpre et d’écarlate, toute parée d’or, de pierres précieuses et de perles&nbsp;; elle avait dans la main une coupe d’or remplie d’abominations, avec les impuretés de sa prostitution. Il y avait sur son front un nom écrit, un mystère&nbsp;: «&nbsp;Babylone la Grande, la mère des prostitutions et des abominations de la terre.&nbsp;» Et j’ai vu la femme ivre du sang des saints et du sang des témoins de Jésus. En la voyant, je fus saisi d’un grand étonnement. Et l’ange me dit&nbsp;: «&nbsp;Pourquoi es-tu étonné&nbsp;? Moi, je te dirai le mystère de la femme et de la Bête qui la porte, celle qui a les sept têtes et les dix cornes. La Bête que tu as vue, elle était, mais elle n’est plus&nbsp;; elle va monter de l’abîme pour aller à sa perdition. Quant aux habitants de la terre dont le nom n’est pas inscrit dans le livre de la vie depuis la fondation du monde, ils seront étonnés au spectacle de la Bête qui était, qui n’est plus et qui va reparaître. Ici, il faut l’intelligence mais avec la sagesse. Les sept têtes sont sept collines sur lesquelles réside la femme&nbsp;; elles sont aussi sept rois&nbsp;: cinq sont tombés, un est là maintenant, et l’autre n’est pas encore venu, mais quand il viendra, il ne devra rester que peu de temps. Et la Bête qui était et qui n’est plus, est elle-même un huitième roi, mais elle fait partie des sept&nbsp;; elle va à sa perdition. Les dix cornes que tu as vues sont dix rois qui n’ont pas encore reçu la royauté, mais reçoivent le pouvoir royal avec la Bête pour une heure. Ceux-ci ont un même projet&nbsp;: donner leur puissance et leur pouvoir à la Bête. Ils feront la guerre à l’Agneau, et l’Agneau les vaincra car il est Seigneur des seigneurs et Roi des rois&nbsp;; et les siens, les appelés, les élus, les fidèles, vaincront avec lui.&nbsp;» Puis il me dit&nbsp;: «&nbsp;Les eaux que tu as vues, là où la prostituée est assise, ce sont des peuples et des foules, des nations et des langues. Quant aux dix cornes que tu as vues, ainsi que la Bête, elles se prendront de haine pour la prostituée, elles la laisseront dépouillée et nue, elles mangeront ses chairs et la brûleront au feu. Car Dieu leur a mis au cœur de réaliser son projet, de réaliser ensemble un même projet&nbsp;: donner à la Bête leur royauté jusqu’à ce que s’accomplissent les paroles de Dieu. La femme que tu as vue, c’est la grande ville qui exerce la royauté sur les rois de la terre.&nbsp;»</p>",
      "responsory": "<p>R/ Victoire, tu régneras, ô Christ, tu nous sauveras&nbsp;!</p> <p>Les impies mèneront campagne contre l’Agneau,<br> mais l’Agneau les vaincra.</p> <p>L’Agneau est Seigneur des seigneurs<br> et Roi des rois.</p> <p>Il est vainqueur avec les siens&nbsp;:<br> les appelés, les élus, les fidèles.</p>"
    },
    "patristicReading": {
      "title": "LETTRE DE SAINT CLÉMENT DE ROME AUX CORINTHIENS",
      "subtitle": "«&nbsp;Je suis le chemin&nbsp;»",
      "content": "<p>Voici quel est le chemin, mes bien-aimés, par lequel nous avons trouvé le salut&nbsp;: Jésus Christ, le grand prêtre qui présente nos offrandes, le protecteur et le soutien de notre faiblesse. Par lui nous fixons nos regards sur les hauteurs des cieux&nbsp;; par lui nous contemplons comme dans un miroir le visage pur et sublime du Père&nbsp;; par lui se sont ouverts les yeux de notre cœur&nbsp;; par lui notre intelligence bornée et ténébreuse s’épanouit à la lumière&nbsp;; par lui, le Maître qui a voulu nous faire goûter la connaissance immortelle, lui qui est <i>lumière éclatante de la gloire du Père</i>, ~ <i>placé bien au-dessus des anges, car il possède par héritage un nom bien plus grand que les leurs</i>. ~ Servons en soldats, mes frères, de toute notre ardeur, sous les commandements de ce chef irréprochable. Considérons les soldats qui servent sous nos chefs&nbsp;: avec quelle discipline, quelle docilité, quelle soumission ils exécutent les ordres qui leur sont donnés&nbsp;! Tous ne sont pas commandants en chef, ni chefs de mille, de cent ou de cinquante hommes, et ainsi de suite&nbsp;: chacun à son poste exécute ce que lui prescrivent le roi ou les chefs. Les grands ne peuvent rien faire sans les petits, ni les petits sans les grands&nbsp;: en toutes choses ils sont mélangés, et c’est ainsi qu’ils sont efficaces. Prenons l’exemple de notre corps&nbsp;: la tête n’est rien sans les pieds, et de même les pieds ne sont rien sans la tête. Les moindres de nos membres sont nécessaires et bienfaisants pour le corps entier&nbsp;; et même, tous servent le salut du corps entier en collaborant dans une soumission qui les unifie. Assurons donc le salut du corps entier que nous formons dans le Christ Jésus, et que chacun se soumette à son prochain, selon le charisme que celui-ci a reçu. Que le fort se préoccupe du faible, que le faible respecte le fort&nbsp;; que le riche subventionne le pauvre, que le pauvre rende grâce à Dieu qui lui a donné quelqu’un pour compenser son indigence. Que le sage montre sa sagesse non par des paroles, mais par de bonnes actions&nbsp;; que l’humble ne se rende pas témoignage à lui-même, mais qu’il en laisse le soin à un autre. Que celui qui est chaste dans sa chair ne s’en vante pas, sachant que c’est un autre qui lui accorde la continence. Songeons donc, mes frères, de quelle matière nous sommes nés&nbsp;; qu’étions-nous donc, quand nous sommes entrés dans le monde&nbsp;? À partir de quel tombeau, de quelle obscurité, celui qui nous a façonnés et créés nous a-t-il introduits dans ce monde qui lui appartient&nbsp;? Car il avait préparé ses bienfaits avant même notre naissance. Puisque nous tenons de lui tout cela, nous devons lui rendre grâce pour tout. À lui la gloire pour les siècles des siècles. Amen.</p>",
      "responsory": "<p>Créatures nouvelles dans le Christ,Stance<br> goûtez son pardon et sa paix&nbsp;:<br> Plus heureux que l’Apôtre Thomas<br> qui toucha les plaies de Jésus,<br> sans le voir, vous le croyez vivant<br> lorsque vous confessez dans l’Esprit Saint&nbsp;:</p> <p>R/ Tu es mon Seigneur et mon Dieu&nbsp;!<br> Alléluia&nbsp;! Alléluia&nbsp;!</p> <p>C’est moi le Seigneur ton Dieu,<br> qui t’ai fait monter de la terre d’Égypte.</p> <p>Je t’ai nourri de la farine du froment<br> et rassasié avec le miel du rocher.</p>"
    },
    "oration": [
      "Dieu à qui nous devons le salut et la liberté, écoute le cri de notre prière&nbsp;; puisque tu nous as rachetés par le sang de ton Fils, fais que nous puissions vivre de toi et trouver en toi le bonheur éternel."
    ]
  },
  "middleOfDay": {
    "psalmody": [
      {
        "psalm": "PSALM_118_21",
        "antiphon": [
          "Alléluia, alléluia, alléluia&nbsp;!"
        ]
      },
      {
        "psalm": "PSALM_132"
      },
      {
        "psalm": "PSALM_139"
      }
    ]
  },
  "vespers": {
    "psalmody": [
      {
        "psalm": "PSALM_144_1",
        "antiphon": [
          "Dieu a tant aimé le monde qu’il lui a donné son Fils, alléluia."
        ]
      },
      {
        "psalm": "PSALM_144_IIA",
        "antiphon": [
          "Tout honneur et toute gloire au Roi des siècles, immortel et invisible, alléluia&nbsp;!"
        ]
      },
      {
        "psalm": "NT_11",
        "antiphon": [
          "Le Seigneur est ma force et mon chant, il me rend libre, alléluia."
        ]
      }
    ],
    "evangelicAntiphon": {
      "common": "Le bon Pasteur donne sa vie pour ses brebis. Alléluia."
    },
    "intercession": {
      "content": "<p>Supplions Jésus notre Sauveur qui a renouvelé la vie par sa croix&nbsp;:</p> <p>R/ Mets en nous, Seigneur, un esprit nouveau&nbsp;!</p> <p>Christ Sauveur, crucifié dans la chair, vivifié par l’Esprit&nbsp;:<br> –&nbsp;fais-nous mourir au péché et vivre pour le Père.</p> <p>Tu as envoyé tes disciples dans le monde entier&nbsp;:<br> –&nbsp;assiste aujourd’hui les ouvriers de l’Évangile.</p> <p>Face aux puissants, tu as témoigné de la vérité&nbsp;: <br> –&nbsp;inspire aux autorités le respect des consciences.</p> <p>Tu nous prépares un autre ciel, une autre terre&nbsp;: <br> –&nbsp;donne-nous de transformer ce monde à leur image.</p> <p>Tu es descendu aux enfers annoncer la Bonne Nouvelle&nbsp;: <br> –&nbsp;sois l’espérance et la joie de nos frères défunts.</p> "
    }
  }
}