{
  "invitatory": {
    "antiphon": [
      "Aujourd'hui, ne fermons pas notre cœur, mais écoutons la voix du Seigneur.",
      "Les yeux fixés sur Jésus Christ, entrons dans le combat de Dieu."
    ]
  },
  "morning": {
    "psalmody": [
      {
        "psalm": "PSALM_5",
        "antiphon": [
          "Seigneur, que ta justice me conduise&nbsp;! Aplanis devant moi ton chemin."
        ]
      },
      {
        "psalm": "AT_4",
        "antiphon": [
          "Nous acclamons, Seigneur, la splendeur de ta gloire éternelle."
        ]
      },
      {
        "psalm": "PSALM_28",
        "antiphon": [
          "Rendez au Seigneur la gloire de son nom."
        ]
      }
    ],
    "reading": {
      "biblicalReference": "Ex 19, 4-6a",
      "content": "Vous avez vu comment je vous ai portés comme sur les ailes d’un aigle pour vous amener jusqu’à moi. Et maintenant, si vous entendez ma voix et gardez mon Alliance, vous serez mon domaine particulier parmi tous les peuples —&nbsp;car toute la terre m’appartient&nbsp;— et vous serez pour moi un royaume de prêtres, une nation sainte."
    },
    "responsory": "<p>R/ Heureux le peuple qui a pour Dieu le Seigneur&nbsp;!<br> V/ Courons notre épreuve, <br>les yeux fixés sur Jésus.&nbsp;R/ <br> Gloire au Père et au Fils et au Saint-Esprit.&nbsp;R/ <br></p>",
    "evangelicAntiphon": {
      "common": "Venez, les bénis de mon Père, recevez le Royaume qui vous est destiné depuis la création du monde."
    },
    "intercession": {
      "content": "<p>Jésus, notre Sauveur, par le baptême tu nous as fait renaître à une vie nouvelle&nbsp;:</p> <p>R/ Conduis-nous sur tes chemins.</p> <p>Ouvre à ton peuple la voie du salut, <br> —&nbsp;mets en nous le désir de te ressembler.</p> <p>Apprends-nous à te reconnaître en nos frères, <br> —&nbsp;rends-nous attentifs à leur souffrance.</p> <p>Accorde-nous d’accomplir ta volonté, <br> —&nbsp;fais-nous la grâce d’un cœur qui te cherche.</p> <p>Donne à tes frères de former un seul corps, <br> —&nbsp;oublie nos fautes contre l’unité.</p> "
    },
    "oration": [
      "Fais-nous revenir à toi, Dieu notre Sauveur, et pour que ce Carême nous soit profitable, ouvre nos esprits à l’intelligence de ta loi."
    ]
  },
  "readings": {
    "psalmody": [
      {
        "psalm": "PSALM_9A_1",
        "antiphon": [
          "Maintenant mon âme est troublée, mais je dis&nbsp;: Père glorifie ton nom."
        ]
      },
      {
        "psalm": "PSALM_9A_2",
        "antiphon": [
          "Le Seigneur a connu la souffrance&nbsp;: il peut venir en aide au pauvre dans l’épreuve."
        ]
      },
      {
        "psalm": "PSALM_6",
        "antiphon": [
          "Le Seigneur a connu la souffrance&nbsp;: il peut venir en aide au pauvre dans l’épreuve."
        ]
      }
    ],
    "biblicalReading": {
      "title": "Dieu n’abandonne pas ses enfants",
      "ref": "Ex 6, 2-13",
      "content": "<p>Dieu parla à Moïse. Il lui dit&nbsp;: «&nbsp;Je suis le SEIGNEUR. Je suis apparu à Abraham, à Isaac et à Jacob comme le Dieu-Puissant&nbsp;; mais mon nom “Le SEIGNEUR”, je ne l’ai pas fait connaître. Ensuite, j’ai établi mon alliance avec eux, m’engageant à leur donner la terre de Canaan, la terre étrangère où ils étaient venus en immigrés. Puis enfin, j’ai entendu la plainte des fils d’Israël réduits en esclavage par les Égyptiens, et je me suis souvenu de mon alliance. C’est pourquoi, parle ainsi aux fils d’Israël&nbsp;: “Je suis le SEIGNEUR. Je vous ferai sortir loin des corvées qui vous accablent en Égypte. Je vous délivrerai de la servitude. Je vous rachèterai d’un bras vigoureux et par de grands châtiments. Je vous prendrai pour peuple, et moi, je serai votre Dieu. Alors, vous saurez que je suis le SEIGNEUR, votre Dieu, celui qui vous fait sortir loin des corvées qui vous accablent en Égypte. Puis, je vous ferai entrer dans la terre que, la main levée, je me suis engagé à donner à Abraham, à Isaac et à Jacob. Je vous la donnerai pour que vous la possédiez. Je suis le SEIGNEUR.”&nbsp;» Moïse rapporta ces paroles aux fils d’Israël, mais ils n’écoutèrent pas Moïse, car ils étaient à bout de souffle, tant leur esclavage était dur. Le SEIGNEUR dit à Moïse&nbsp;: «&nbsp;Va dire à Pharaon, le roi d’Égypte, qu’il laisse partir de son pays les fils d’Israël.&nbsp;» Mais Moïse prit la parole en présence du SEIGNEUR et dit&nbsp;: «&nbsp;Les fils d’Israël ne m’ont pas écouté. Comment Pharaon m’écouterait-il, moi qui n’ai pas la parole facile&nbsp;?&nbsp;» Le SEIGNEUR parla à Moïse et Aaron, et leur communiqua ses ordres pour les fils d’Israël et pour Pharaon, roi d’Égypte, en vue de faire sortir les fils d’Israël du pays d’Égypte.</p>",
      "responsory": "<p>R/ Gloire au Seigneur, c’est lui notre Dieu&nbsp;!</p> <p>Il nous a délivrés de la servitude,<br> avec autorité et puissance.</p> <p>Jadis vous n’étiez pas un peuple,<br> vous êtes maintenant le peuple de Dieu.</p> <p>Vous êtes la race élue, la nation sainte,<br> le peuple que Dieu s’est acquis.</p>"
    },
    "patristicReading": {
      "title": "HOMÉLIE DE SAINT GRÉGOIRE DE NAZIANZE SUR L’AMOUR DES PAUVRES",
      "subtitle": "«&nbsp;Soyez miséricordieux, comme votre Père est miséricordieux&nbsp;»",
      "content": "<p>Tu dois savoir d’où vient pour toi l’existence, le souffle, l’intelligence et, ce qu’il y a de plus précieux, la connaissance de Dieu&nbsp;; l’espérance du Royaume des cieux, et celle de contempler la gloire que tu vois aujourd’hui de manière obscure, comme dans un miroir, mais que tu verras demain dans toute sa pureté et son éclat. D’où vient que tu sois fils de Dieu, héritier avec le Christ et, j’oserai dire, que tu sois toi-même un dieu&nbsp;? D’où vient tout cela, et par qui&nbsp;? Et encore, pour parler de choses moins importantes, choses qui se voient&nbsp;: qui t’a donné de voir la beauté du ciel, la course du soleil, le cycle de la lune, les astres innombrables et, en tout cela, l’harmonie et l’ordre, qui les conduisent ainsi, à la manière d’une lyre bien accordée&nbsp;? Qui donc t’a donné la pluie, l’agriculture, les aliments, les art, l’administration, les lois, la cité, une vie civilisée, des relations familières avec tes semblables&nbsp;? D’où vient que, parmi les animaux, certains sont apprivoisés et domestiqués, tandis que d’autres fournissent ta nourriture&nbsp;? Qui t’a établi seigneur et roi de tout ce qui vit sur la terre&nbsp;? Qui donc, pour arrêter là cette énumération, t’a donné tout ce qui fait de toi un homme, supérieur à toutes les autres créatures&nbsp;? N’est-ce pas celui qui, avant toute chose et en retour de tous ses dons, te demande d’aimer les hommes&nbsp;? Est-ce que nous ne serions pas méprisables si, après tout ce qu’il nous donne, de fait ou en espérance, nous ne lui apportions pas cette seule chose&nbsp;: aimer les hommes&nbsp;? Alors que lui, notre Dieu et notre Seigneur, n’a pas honte d’être appelé notre Père, allons-nous renier nos frères&nbsp;? Non, mes frères et mes amis, ne soyons pas les gérants malhonnêtes des biens qui nous ont été confiés. Ne risquons pas d’entendre saint Pierre nous dire&nbsp;: «&nbsp;Ayez honte, vous qui retenez le bien d’autrui. Imitez l’équité de Dieu, et il n’y aura plus de pauvre.&nbsp;» Ne nous donnons pas tant de peine pour amasser et conserver quand d’autres souffrent la peine de la pauvreté&nbsp;; car autrement nous subirions les malédictions et menaces acerbes du prophète Amos qui commencent ainsi&nbsp;: <i>Écoutez bien, vous qui dites&nbsp;: Quand donc la fête de la nouvelle lune sera-t-elle passée, pour que nous puissions vendre, et le sabbat, pour que nous puissions ouvrir nos magasins&nbsp;?</i> ~ Pratiquons nous-mêmes cette loi sublime et primordiale de Dieu, qui fait pleuvoir pour les justes et les pécheurs et qui fait lever son soleil également pour tous. Il déploie pour tous les immenses étendues de la terre en friche, les sources, les fleuves et les forêts&nbsp;; aux oiseaux il donne l’air, et l’eau à toutes les bêtes aquatiques. Il donne généreusement les ressources nécessaires à la vie de tous&nbsp;; celles-ci ne sont pas confisquées par les puissants, limitées par une loi, rationnées. Elles sont communes, abondantes et par conséquent Dieu les offre sans que personne soit frustré. Car il veut honorer par cette égalité dans ses dons l’égale dignité de la nature, et montrer toute la générosité de sa bienfaisance.</p>",
      "responsory": "<p>R/ C’est le Seigneur&nbsp;: il fait ce qui lui semble bon.</p> <p>En lui résident sagesse et puissance,<br> en lui le conseil et le discernement.</p> <p>S’il détruit, nul ne peut rebâtir,<br> s’il ferme, qui donc ouvrira&nbsp;?</p> <p>Lui décide, qui le fera changer&nbsp;?<br> Il tient en son pouvoir l’âme de tout vivant.</p>"
    },
    "verse": "<p>V/ Convertissez-vous et croyez à la Bonne Nouvelle,<br>le Règne de Dieu est là.</p>",
    "oration": [
      "Fais-nous revenir à toi, Dieu notre Sauveur, et pour que ce Carême nous soit profitable, ouvre nos esprits à l’intelligence de ta loi."
    ]
  },
  "middleOfDay": {
    "psalmody": [
      {
        "psalm": "PSALM_18B",
        "antiphon": [
          "Recevons avec amour la parole qui peut nous sauver."
        ]
      },
      {
        "psalm": "PSALM_7_1"
      },
      {
        "psalm": "PSALM_7_2"
      }
    ],
    "oration": [
      "Fais-nous revenir à toi, Dieu notre Sauveur, et pour que ce Carême nous soit profitable, ouvre nos esprits à l’intelligence de ta loi."
    ]
  },
  "vespers": {
    "psalmody": [
      {
        "psalm": "PSALM_10",
        "antiphon": [
          "Tu es juste, Seigneur, et rien n’échappe à ton regard."
        ]
      },
      {
        "psalm": "PSALM_14",
        "antiphon": [
          "Partage ton pain avec l’affamé, Dieu te conduira."
        ]
      },
      {
        "psalm": "NT_4",
        "antiphon": [
          "Béni sois-tu, notre Père, qui nous as bénis dans le Christ&nbsp;!"
        ]
      }
    ],
    "reading": {
      "biblicalReference": "Rm 12, 1-2",
      "content": "Je vous exhorte, mes frères, par la tendresse de Dieu, à lui offrir votre personne et votre vie en sacrifice saint, capable de plaire à Dieu&nbsp;: c’est là pour vous l’adoration véritable. Ne prenez pas pour modèle le monde présent, mais transformez­-vous en renouvelant votre façon de penser pour savoir reconnaître quelle est la volonté de Dieu&nbsp;: ce qui est bon, ce qui est capable de lui plaire, ce qui est parfait."
    },
    "responsory": "<p>R/ J’appelle de tout cœur&nbsp;:<br>  *  Réponds-moi, Seigneur&nbsp;!<br> V/ Je garderai tes volontés.  * <br> Gloire au Père et au Fils et au Saint-Esprit.&nbsp;R/ <br></p>",
    "evangelicAntiphon": {
      "common": "Ce que vous avez fait à l’un de ces petits, c’est à moi que vous l’avez fait."
    },
    "intercession": {
      "content": "<p>Jésus, notre frère, tu es venu libérer ton peuple de l’esclavage&nbsp;:</p> <p>R/ Fils de David, sauve-nous&nbsp;!</p> <p>Souviens toi de ton Église pour qui tu t’es livré à la mort&nbsp;:<br> –&nbsp;sanctifie-la par ta Parole, purifie-la dans la pénitence.</p> <p>Donne à ceux qui te cherchent de te trouver,<br> –&nbsp;à ceux qui t’ont trouvé de te chercher encore.</p> <p>Rappelle-toi ta pitié pour la foule au désert,<br> –&nbsp;guéris les détresses du corps et de l’âme.</p> <p>Accorde à ceux qui meurent le salut et la paix,<br> –&nbsp;et à nous, de les rejoindre un jour.</p> "
    },
    "oration": [
      "Fais-nous revenir à toi, Dieu notre Sauveur, et pour que ce Carême nous soit profitable, ouvre nos esprits à l’intelligence de ta loi."
    ]
  }
}