{
  "invitatory": {
    "antiphon": [
      "Aujourd'hui, ne fermons pas notre cœur, mais écoutons la voix du Seigneur.",
      "Les yeux fixés sur Jésus Christ, entrons dans le combat de Dieu."
    ]
  },
  "morning": {
    "psalmody": [
      {
        "psalm": "PSALM_50",
        "antiphon": [
          "Tu ne repousses pas, mon Dieu, un cœur brisé."
        ]
      },
      {
        "psalm": "AT_6",
        "antiphon": [
          "Tous rassemblés, nous bénirons le Seigneur éternel."
        ]
      },
      {
        "psalm": "PSALM_147",
        "antiphon": [
          "Glorifie le Seigneur, Jérusalem&nbsp;! Célèbre ton Dieu, ô Sion&nbsp;!"
        ]
      }
    ],
    "reading": {
      "biblicalReference": "Is 53, 11b-12",
      "content": "Parce qu’il a connu la souffrance, le juste, mon serviteur, justifiera les multitudes, il se chargera de leurs péchés. C’est pourquoi je lui donnerai la multitude en partage, les puissants seront la part qu’il recevra, car il s’est dépouillé lui-même jusqu’à la mort, il a été compté avec les pécheurs, alors qu’il portait le péché des multitudes et qu’il intercédait pour les pécheurs."
    },
    "responsory": "<p>R/ Tu nous as rachetés, Seigneur,<br> au prix de ton sang.<br> V/ Hommes de toute race, langue, peuple et nation.&nbsp;R/ <br> Gloire au Père et au Fils et au Saint-Esprit.&nbsp;R/ <br></p>",
    "evangelicAntiphon": {
      "common": "Je ne suis pas venu de moi-même, c’est mon Père qui m’a envoyé."
    },
    "intercession": {
      "content": "<p>Nous voici devant toi, Seigneur Jésus,<br> comme le fils qui a dilapidé l’héritage&nbsp;:<br> toi, le Fils bien-aimé, conduis-nous vers le Père.</p> <p>R/ Conduis-nous vers le Père&nbsp;!</p> <p>Nous voici devant toi comme la pécheresse accusée&nbsp;:<br> toi qui es sans péché, donne-nous le pardon.</p> <p>R/ Donne-nous le pardon.</p> <p>Nous voici devant toi comme Zachée le publicain&nbsp;:<br> toi, l’ami des pécheurs, apprends-nous à donner.</p> <p>R/ Apprends-nous à donner.</p> <p>Nous voici devant toi comme la femme de Samarie&nbsp;:<br> toi, la source cachée, fais-nous boire l’eau vive.</p> <p>R/ Fais-nous boire l’eau vive.</p> <p>Nous voici près de toi comme Jean au Calvaire&nbsp;:<br> toi, le Fils de Marie, regarde ton Église.</p> <p>R/ Regarde ton Église.</p> "
    },
    "oration": [
      "Tu as préparé, Seigneur, pour nous qui sommes faibles, les secours dont nous avons besoin&nbsp;; donne-nous d’accueillir avec joie notre relève­ment et d’en témoigner par la fidélité de notre vie."
    ]
  },
  "readings": {
    "psalmody": [
      {
        "psalm": "PSALM_77_1",
        "antiphon": [
          "Dieu nous a pardonnés dans le Christ&nbsp;: à notre tour, débordons de miséricorde."
        ]
      },
      {
        "psalm": "PSALM_77_2",
        "antiphon": [
          "Dieu nous a pardonnés dans le Christ&nbsp;: à notre tour, débordons de miséricorde."
        ]
      },
      {
        "psalm": "PSALM_77_3",
        "antiphon": [
          "Dieu nous a pardonnés dans le Christ&nbsp;: à notre tour, débordons de miséricorde."
        ]
      }
    ],
    "biblicalReading": {
      "title": "Manœuvres de découragement",
      "ref": "Nb 14, 1-25",
      "content": "<p>Alors toute la communauté éleva la voix, se mit à crier&nbsp;; et le peuple pleura cette nuit-là. Tous les fils d’Israël récriminèrent contre Moïse et Aaron. La communauté tout entière leur dit&nbsp;: «&nbsp;Ah&nbsp;! Si nous étions morts au pays d’Égypte ou si nous étions morts dans ce désert&nbsp;! Pourquoi le SEIGNEUR nous conduit-il vers ce pays&nbsp;? Pour que nous tombions par l’épée&nbsp;? Nos femmes et nos enfants deviendraient un butin&nbsp;! Ne serait-il pas mieux pour nous de retourner en Égypte&nbsp;?&nbsp;» Et ils se dirent l’un à l’autre&nbsp;: «&nbsp;Donnons-nous un chef et retournons en Égypte.&nbsp;» Moïse et Aaron tombèrent face contre terre devant toute l’assemblée de la communauté des fils d’Israël. Josué, fils de Noun, et Caleb, fils de Yefounnè, qui, parmi d’autres, avaient exploré le pays déchirèrent leurs vêtements. Puis il parlèrent à toute la communauté des fils d’Israël. Ils dirent&nbsp;: «&nbsp;Le pays que nous avons parcouru pour l’explorer, ce pays est très, très bon. Si le SEIGNEUR nous est favorable, il nous fera entrer dans ce pays et il nous le donnera. C’est un pays ruisselant de lait et de miel. Mais ne vous révoltez pas contre le SEIGNEUR. Ne craignez pas les gens du pays&nbsp;: nous n’en ferons qu’une bouchée&nbsp;! Leur ombre protectrice s’est éloignée d’eux, et le SEIGNEUR est avec nous. Ne les craignez pas&nbsp;!&nbsp;» Toute la communauté parlait de les lapider, mais la gloire du SEIGNEUR apparut dans la tente de la Rencontre à tous les fils d’Israël. Et le SEIGNEUR dit à Moïse&nbsp;: «&nbsp;Combien de temps encore ce peuple me méprisera-t-il&nbsp;? Combien de temps refuseront-ils de croire en moi, de croire tous les signes que j’ai accomplis au milieu d’eux&nbsp;? Je le frapperai de la peste et je le déposséderai. Et de toi je ferai une nation plus grande et plus puissante que lui&nbsp;!&nbsp;» Moïse répondit au SEIGNEUR&nbsp;: «&nbsp;Mais cela, les Égyptiens l’apprendront, car ce peuple, tu l’as fait sortir de chez eux par ta puissance, et ils le diront à l’habitant de Canaan&nbsp;! Ils avaient appris que toi, SEIGNEUR, tu es au milieu de ce peuple, que toi, SEIGNEUR, tu te laisses voir les yeux dans les yeux, que ta nuée se tient au-dessus d’eux, que toi, tu marches devant eux, dans une colonne de nuée le jour, dans une colonne de feu la nuit. Et tu ferais mourir ce peuple comme un seul homme&nbsp;! Alors les nations qui ont entendu parler de toi diraient&nbsp;: “Le SEIGNEUR n’était pas capable de faire entrer ce peuple dans le pays qu’il avait juré de leur donner. Aussi les a-t-il massacrés dans le désert&nbsp;!” Que maintenant donc se déploie la puissance de mon SEIGNEUR&nbsp;! En effet, tu avais déclaré&nbsp;: “Le SEIGNEUR est lent à la colère et plein d’amour, il supporte faute et transgression, mais il ne laisse rien passer, car il punit la faute des pères sur les fils, jusqu’à la troisième et la quatrième génération.” Selon la grandeur de ton amour, pardonne donc la faute de ce peuple, comme tu as porté ce peuple d’Égypte jusqu’ici&nbsp;!&nbsp;» Alors le SEIGNEUR dit&nbsp;: «&nbsp;Je pardonne selon ta parole. Mais, aussi vrai que je suis vivant et que la gloire du SEIGNEUR emplit toute la terre, oui, tous ces hommes qui ont vu ma gloire et mes signes accomplis en Égypte et dans le désert, qui m’ont mis à l’épreuve dix fois déjà et n’ont pas écouté ma voix, eh bien, jamais ils ne verront le pays que j’ai juré de donner à leurs pères. Aucun de ceux qui me méprisent ne le verra. Mais mon serviteur Caleb, puisqu’il est animé d’un autre esprit et qu’il adhère à moi sans réserve, je le ferai entrer dans le pays où il s’est rendu, et sa descendance en prendra possession. Les Amalécites et les Cananéens habitent dans la vallée&nbsp;: demain, faites demi-tour et partez au désert en direction de la mer des Roseaux.&nbsp;»</p>",
      "responsory": "<p>R/ Marchons dans la fidélité à Dieu notre Père,<br> recevons de lui la vie&nbsp;!</p> <p>Le Seigneur est tendresse et pitié,<br> lent à la colère et plein d’amour.</p> <p>Il sait bien de quoi nous sommes pétris,<br> il n’oublie pas que nous sommes poussière.</p>"
    },
    "patristicReading": {
      "title": "LETTRE PASCALE DE SAINT ATHANASE",
      "subtitle": "La Pâque approche",
      "content": "<p>Il est beau, mes frères, de passer d’une fête à une autre, d’une prière à une autre, d’une solennité à une autre. Voici en effet ce temps qui nous apporte un nouveau commencement et la connaissance de la bienheureuse Pâque, où le Seigneur fut immolé. Certes, nous mangeons l’aliment de vie et nous réjouissons notre âme en buvant à ce sang précieux comme à une source&nbsp;; et pourtant nous avons toujours soif, nous sommes toujours brûlants. Lui-même s’offre à ceux qui sont altérés&nbsp;; dans sa bonté il admet à la fête ceux dont les entrailles sont desséchées&nbsp;; comme disait notre Sauveur&nbsp;: <i>Si quelqu’un a soif&nbsp;; qu’il vienne à moi, et qu’il boive&nbsp;!</i> On n’étanche pas sa soif seulement quand on s’approche&nbsp;; mais chaque fois qu’on demande, on obtient facilement d’approcher le Sauveur. La grâce de cette fête n’est pas limitée à une époque et son splendide rayon ne souffre pas du déclin&nbsp;; il est toujours prêt à éclairer l’esprit de ceux qui le veulent. Sa puissance brille continuellement en ceux dont l’âme est éclairée et qui s’appliquent aux livres saints jour et nuit. Ainsi l’homme qui est appelé heureux dans le psaume&nbsp;: <i>Heureux l’homme qui n’est pas allé à la réunion des impies, qui ne s’est pas arrêté sur le chemin des pécheurs, qui ne s’est pas assis dans l’assemblée des corrompus, mais qui s’attache à la loi du Seigneur, qui médite cette loi jour et nuit.</i> ~ Ce grand Dieu, mes bien-aimés, qui au début institua cette fête, nous accorde de la célébrer chaque année. Lui-même, qui a livré son Fils à la mort pour notre salut, nous accorde pour le même motif cette sainte fête qui a sa place fixée dans le déroulement de l’année. Cette fête nous dirige au milieu des épreuves qui nous assaillent en ce monde&nbsp;; et maintenant Dieu nous procure la joie du salut qui émane de cette fête. En effet, il nous réunit en une seule assemblée, dans un rendez-vous spirituel qui se réalise partout&nbsp;; il nous permet de prier en commun, d’offrir ensemble nos actions de grâce, comme il faut le faire un jour de fête. C’est le miracle de sa bonté&nbsp;: lui-même rassemble pour cette fête ceux qui sont au loin&nbsp;; et ceux qui peuvent être distants corporellement, il les rapproche dans l’unité de la foi.</p>",
      "responsory": "<p>Quand tu ouvres à chacun Stance<br> la fontaine de grâce<br> où l’homme est purifié,<br> l’étranger viendra-t-il seul<br> reconnaître l’amour<br> et te donner sa foi&nbsp;?</p> <p>R/ Nous venons, Seigneur Jésus,<br> te rendre gloire.</p> <p>Tu as partagé nos douleurs<br> et pris sur toi le mal du monde.</p> <p>Tu as versé ton sang pour la foule des hommes&nbsp;;<br> tu nous as libérés.</p> <p>Tu as ouvert à tout croyant<br> les portes du Royaume.</p>"
    },
    "verse": "<p>V/ Revenons au Seigneur notre Dieu,<br>car il est tendre et miséricordieux.</p>",
    "oration": [
      "Tu as préparé, Seigneur, pour nous qui sommes faibles, les secours dont nous avons besoin&nbsp;; donne-nous d’accueillir avec joie notre relève­ment et d’en témoigner par la fidélité de notre vie."
    ]
  },
  "middleOfDay": {
    "psalmody": [
      {
        "psalm": "PSALM_118_21",
        "antiphon": [
          "Grande est la paix de qui aime ta loi."
        ]
      },
      {
        "psalm": "PSALM_132"
      },
      {
        "psalm": "PSALM_139"
      }
    ],
    "oration": [
      "Tu as préparé, Seigneur, pour nous qui sommes faibles, les secours dont nous avons besoin&nbsp;; donne-nous d’accueillir avec joie notre relève­ment et d’en témoigner par la fidélité de notre vie."
    ]
  },
  "vespers": {
    "psalmody": [
      {
        "psalm": "PSALM_144_1",
        "antiphon": [
          "Je te bénis, Père, Seigneur du ciel et de la terre."
        ]
      },
      {
        "psalm": "PSALM_144_IIA",
        "antiphon": [
          "Le Seigneur soutient tous ceux qui tombent, il redresse tous les accablés."
        ]
      },
      {
        "psalm": "NT_11",
        "antiphon": [
          "R/ Grandes sont tes œuvres, Seigneur&nbsp;!"
        ]
      }
    ],
    "reading": {
      "biblicalReference": "Jc 5, 16. 19-20",
      "content": "Reconnaissez vos péchés les uns devant les autres, et priez les uns pour les autres afin d’être guéris, car la supplication du juste agit avec beaucoup de puissance. Mes frères, si l’un de vous s’égare loin de la vérité et si quelqu’un l’amène à se convertir, alors, sachez-le&nbsp;: celui qui ramène un pécheur du chemin où il s’égarait se sauvera lui-même et couvrira une multitude de péchés."
    },
    "responsory": "<p>R/ Guéris-moi, Dieu très saint,<br>  *  Car j’ai péché contre toi.<br> V/ Prends pitié de moi, relève-moi.  * <br> Gloire au Père et au Fils et au Saint-Esprit.&nbsp;R/ <br></p>",
    "evangelicAntiphon": {
      "common": "Nul ne porta la main sur lui, car son heure n’était pas encore venue."
    },
    "intercession": {
      "content": "<p>Adorons notre Sauveur, qui par sa mort a détruit la mort et par sa résurrection nous a rendu la vie&nbsp;:</p> <p>R/ Jésus Sauveur, nous t’adorons.</p> <p>En te faisant obéissant jusqu’à la mort,<br> tu nous apprends le plus grand amour.</p> <p>En prenant sur toi la malédiction du péché,<br> tu nous révèles la bienveillance du Père.</p> <p>En priant pour ceux qui t’ont mis en croix,<br> tu nous entraînes au pardon sans mesure.</p> <p>En ouvrant le paradis au malfaiteur repenti,<br> tu rends possible notre espérance.</p> <p>En ressuscitant le troisième jour,<br> tu relèves ceux qui sont endormis dans la paix.</p>"
    },
    "oration": [
      "Tu as préparé, Seigneur, pour nous qui sommes faibles, les secours dont nous avons besoin&nbsp;; donne-nous d’accueillir avec joie notre relève­ment et d’en témoigner par la fidélité de notre vie."
    ]
  }
}