{
  "invitatory": {
    "antiphon": [
      "Aujourd'hui, ne fermons pas notre cœur, mais écoutons la voix du Seigneur.",
      "Les yeux fixés sur Jésus Christ, entrons dans le combat de Dieu."
    ]
  },
  "morning": {
    "psalmody": [
      {
        "psalm": "PSALM_23",
        "antiphon": [
          "Qui peut gravir la montagne du Seigneur&nbsp;? L’homme au cœur pur, aux mains innocentes."
        ]
      },
      {
        "psalm": "AT_5",
        "antiphon": [
          "Béni soit Dieu, le Vivant&nbsp;! Béni soit son règne&nbsp;!"
        ]
      },
      {
        "psalm": "PSALM_32",
        "antiphon": [
          "Seigneur, ton amour soit sur nous, comme notre espoir est en toi."
        ]
      }
    ],
    "reading": {
      "biblicalReference": "Jl 2, 12-13",
      "content": "Revenez à moi de tout votre cœur, dans le jeûne, les larmes et le deuil&nbsp;! Déchirez vos cœurs et non pas vos vêtements, et revenez au Seigneur votre Dieu, car il est tendre et miséricordieux, lent à la colère et plein d’amour, renonçant au châtiment."
    },
    "responsory": "<p>R/ Guéris-moi, Dieu très saint,<br>  * Car j’ai péché contre toi.<br> V/ Prends pitié de moi, relève-moi. * <br> Gloire au Père et au Fils et au Saint-Esprit.&nbsp;R/ <br></p>",
    "evangelicAntiphon": {
      "common": "Apprends-nous à prier, Seigneur, comme Jean l’apprit à ses disciples."
    },
    "intercession": {
      "content": "<p>Seigneur Jésus, tu es venu nous appeler à la conversion du cœur, nous crions vers toi&nbsp;:</p> <p>R/ Seigneur, sauve-nous&nbsp;!</p> <p>Nous confessons que nous avons péché&nbsp;:<br> dans ta miséricorde, accorde-nous ton pardon.</p> <p>Fais-nous garder ta parole dans un cœur patient&nbsp;:<br> qu’elle donne son fruit au temps favorable.</p> <p>Conduis-nous vers ton eucharistie<br> pour que nous vivions pleinement le mystère de Pâques.</p> <p>Engage nos forces pour ta justice,<br> que l’Église te serve en servant les hommes.</p> "
    },
    "oration": [
      "Regarde ta famille, Seigneur&nbsp;; et fais que notre esprit, affiné par la maîtrise de nos sens, resplen­disse à tes yeux du désir de te trouver."
    ]
  },
  "readings": {
    "psalmody": [
      {
        "psalm": "PSALM_9B_1",
        "antiphon": [
          "N’oublie pas, Seigneur, le cri des malheureux."
        ]
      },
      {
        "psalm": "PSALM_9B_2",
        "antiphon": [
          "N’oublie pas, Seigneur, le cri des malheureux."
        ]
      },
      {
        "psalm": "PSALM_11",
        "antiphon": [
          "Ne tenez pas la vérité captive de l’injustice."
        ]
      }
    ],
    "biblicalReading": {
      "title": "Moïse et Aaron face à Pharaon",
      "ref": "Ex 6, 29 –&nbsp;7, 25",
      "content": "<p>Le SEIGNEUR parla à Moïse. Il dit&nbsp;: «&nbsp;Je suis le SEIGNEUR. Répète à Pharaon, le roi d’Égypte, tout ce que moi, je vais te dire.&nbsp;» Alors, Moïse dit en présence du SEIGNEUR&nbsp;: «&nbsp;Je n’ai pas la parole facile. Comment Pharaon m’écouterait-il&nbsp;?&nbsp;» Le SEIGNEUR dit à Moïse&nbsp;: «&nbsp;Vois, j’ai fait de toi un dieu pour Pharaon, et ton frère Aaron sera ton prophète. Toi, tu lui diras tout ce que je t’ordonnerai, et ton frère Aaron le répétera à Pharaon pour qu’il laisse partir de son pays les fils d’Israël. Mais moi, je rendrai le cœur de Pharaon inflexible&nbsp;; je multiplierai mes signes et mes prodiges dans le pays d’Égypte, mais Pharaon ne vous écoutera pas. Alors je poserai la main sur l’Égypte et je ferai sortir du pays d’Égypte mes armées, mon peuple, les fils d’Israël, en exerçant de terribles jugements. Les Égyptiens reconnaîtront que Je suis le SEIGNEUR, quand j’étendrai la main contre l’Égypte et que j’en ferai sortir les fils d’Israël.&nbsp;» Moïse et Aaron s’exécutèrent&nbsp;: ce que le SEIGNEUR leur avait ordonné, ils le firent. Moïse était âgé de quatre-vingts ans et Aaron de quatre-vingt-trois ans, lorsqu’ils parlèrent à Pharaon. Le SEIGNEUR dit à Moïse et Aaron&nbsp;: «&nbsp;Si Pharaon vous demande d’accomplir un prodige, tu diras alors à Aaron&nbsp;: Prends ton bâton, jette-le devant Pharaon, et qu’il devienne un serpent.&nbsp;» Moïse et Aaron allèrent trouver Pharaon et firent comme l’avait ordonné le SEIGNEUR. Aaron jeta son bâton devant Pharaon et ses serviteurs, et le bâton devint un serpent. Pharaon, à son tour, convoqua les sages et les enchanteurs. Les magiciens d’Égypte en firent autant avec leurs sortilèges. Chacun jeta son bâton qui devint un serpent, mais le bâton d’Aaron engloutit leurs bâtons. Cependant, Pharaon s’obstina&nbsp;; il n’écouta pas Moïse et Aaron, ainsi que l’avait annoncé le SEIGNEUR. Le SEIGNEUR dit à Moïse&nbsp;: «&nbsp;Le cœur de Pharaon s’est appesanti&nbsp;; il refuse de laisser partir le peuple. Va trouver Pharaon demain matin&nbsp;: il sortira pour se rendre près de l’eau&nbsp;; tu te posteras au bord du Nil pour le rencontrer. Le bâton qui s’est changé en serpent, tu le prendras en main. Tu diras à Pharaon&nbsp;: “Le SEIGNEUR, le Dieu des Hébreux, m’a envoyé vers toi pour te dire&nbsp;: Laisse partir mon peuple afin qu’il me serve dans le désert.” Jusqu’à présent tu n’as pas écouté. Ainsi parle le SEIGNEUR&nbsp;: À ceci tu reconnaîtras que je suis le SEIGNEUR. Voici que moi, je vais frapper les eaux du Nil avec le bâton que j’ai dans la main, et elles se changeront en sang. Les poissons du Nil crèveront, le Nil s’empuantira et les Égyptiens ne pourront plus boire l’eau du fleuve.&nbsp;» Le SEIGNEUR dit à Moïse&nbsp;: «&nbsp;Va dire à Aaron&nbsp;: Prends ton bâton, étends la main sur les eaux d’Égypte —&nbsp;sur ses rivières, ses canaux, ses étangs, sur toutes ses réserves d’eau —&nbsp;et qu’elles soient du sang&nbsp;! Qu’il y ait du sang dans tout le pays d’Égypte, jusque dans les récipients de bois et de pierre.&nbsp;» Moïse et Aaron firent comme le SEIGNEUR l’avait ordonné. Aaron leva son bâton et frappa les eaux du Nil sous les yeux de Pharaon et de ses serviteurs, et toutes les eaux du Nil se changèrent en sang. Les poissons du Nil crevèrent et le Nil s’empuantit&nbsp;; les Égyptiens ne pouvaient plus boire l’eau du fleuve&nbsp;; il y avait du sang dans tout le pays d’Égypte. Mais les magiciens d’Égypte en firent autant avec leurs sortilèges, et Pharaon s’obstina&nbsp;; il n’écouta pas Moïse et Aaron, ainsi que l’avait annoncé le SEIGNEUR. Pharaon s’en retourna. Il rentra chez lui sans prendre la chose à cœur. En quête d’eau, tous les Égyptiens se mirent à creuser aux alentours du Nil, car ils ne pouvaient plus boire les eaux du fleuve. Sept jours s’écoulèrent après que le SEIGNEUR eut frappé le Nil.</p>",
      "responsory": "<p>R/ Tu es juste, Seigneur,<br> toi qui es, toi qui étais, toi le Saint&nbsp;!</p> <p>Il approche, le combat, le grand jour de Dieu&nbsp;:<br> sur la terre s’est répandue ta colère&nbsp;;<br> les sources d’eau sont devenues du sang.</p> <p>Par le signe où la vie se change en mort,<br> tu révèles que tu es le Seigneur<br> à celui qui refuse de libérer tes fils.</p>"
    },
    "patristicReading": {
      "title": "TRAITÉ DE SAINT CYPRIEN SUR LA PRIÈRE DU SEIGNEUR",
      "subtitle": "La prière que le Fils nous a enseignée",
      "content": "<p>Les préceptes de l’Évangile, frères bien-aimés, ne sont pas autre chose que les enseignements du Maître divin. Ce sont les fondements sur lesquels bâtir l’espérance, les appuis pour consolider la foi, les aliments pour réconforter le cœur, les orientations pour diriger le voyage, les sauvegardes pour obtenir le salut. Car, en formant sur la terre les esprits dociles des croyants, ils les conduisent au Royaume des cieux. Dieu a voulu que beaucoup de choses soient entendues par l’intermédiaire des prophètes. Mais combien plus important est le message du Fils&nbsp;! Le Verbe de Dieu, qui parlait jadis chez les prophètes, affirme maintenant de sa propre voix. Il ne demande plus qu’on prépare la route à celui qui vient&nbsp;; c’est lui-même qui vient, qui nous ouvre et nous montre la route. C’est ainsi qu’après avoir été errants comme des indigents et des aveugles dans les ténèbres de la mort, nous sommes éclairés par la lumière de la grâce et nous gardons le chemin de la vie avec le Seigneur pour guide et pour chef. Entre bien d’autres avertissements bienfaisants et commandements divins par lesquels il a pourvu au salut de son peuple, il lui a donné le modèle de l’oraison&nbsp;; c’est lui-même qui nous a enseigné ce que nous devons demander dans la prière. Celui qui nous a fait vivre nous a enseigné aussi à prier, avec cette bonté qui l’a poussé à nous accorder tant d’autres bienfaits. Ainsi lorsque nous parlons au Père avec la prière que le Fils nous a enseignée, nous sommes plus facilement écoutés. Déjà il avait annoncé que l’heure était venue où les vrais adorateurs adoreraient le Père en esprit et vérité. Il a réalisé ce qu’il avait jadis promis&nbsp;: ayant reçu l’Esprit et la vérité par la sanctification qui vient de lui, nous pourrions, grâce à son enseignement aussi, adorer selon la vérité et l’Esprit. Quelle prière peut être plus spirituelle que celle-là, puisqu’elle nous a été donnée par le Christ, lui qui nous a envoyé l’Esprit Saint&nbsp;? Quelle prière peut être plus vraie que celle-là, puisqu’elle est sortie de la bouche du Fils qui est la Vérité&nbsp;? Prier autrement qu’il l’a enseigné ne serait pas seulement de l’ignorance mais un péché, comme lui-même l’affirmait quand il disait aux pharisiens&nbsp;: <i>Vous rejetez le commandement de Dieu pour établir votre tradition.</i> Priez donc, frères bien-aimés, comme notre Maître divin nous a enseigné à le faire. Implorer Dieu par ses propres paroles, c’est lui adresser une prière qu’il trouve aimable et filiale, c’est faire parvenir à ses oreilles la prière du Christ. Que le Père reconnaisse les paroles de son Fils lorsque nous prions. Celui qui habite au fond de notre cœur, qu’il soit aussi dans notre voix. Et puisqu’il est auprès du Père l’avocat qui intercède pour nos péchés, lorsque les pécheurs que nous sommes demandent pardon pour leurs fautes, prononçons les paroles de notre avocat qui a dit&nbsp;: <i>Tout ce que vous demanderez au Père en mon Nom, il vous l’accordera.</i> Or, nous obtiendrons plus efficacement ce que nous demandons au nom du Christ, si nous demandons avec sa propre prière.</p>",
      "responsory": "<p>R/ Le Seigneur c’est l’Esprit,<br> l’Esprit du Seigneur, c’est la liberté.</p> <p>Nous ne sommes pas fils de servitude&nbsp;:<br> le Christ nous a libérés.</p> <p>Dieu a envoyé en nos cœurs l’Esprit de son Fils&nbsp;;<br> il crie&nbsp;: Abba&nbsp;! Père&nbsp;!</p>"
    },
    "verse": "<p>V/ C’est maintenant le jour favorable,<br>c’est maintenant le jour du salut.</p>",
    "oration": [
      "Regarde ta famille, Seigneur&nbsp;; et fais que notre esprit, affiné par la maîtrise de nos sens, resplen­disse à tes yeux du désir de te trouver."
    ]
  },
  "middleOfDay": {
    "psalmody": [
      {
        "psalm": "PSALM_118_1",
        "antiphon": [
          "Heureux qui cherche Dieu de tout son cœur et marche dans sa loi."
        ]
      },
      {
        "psalm": "PSALM_12"
      },
      {
        "psalm": "PSALM_13"
      }
    ],
    "oration": [
      "Regarde ta famille, Seigneur&nbsp;; et fais que notre esprit, affiné par la maîtrise de nos sens, resplen­disse à tes yeux du désir de te trouver."
    ]
  },
  "vespers": {
    "psalmody": [
      {
        "psalm": "PSALM_19",
        "antiphon": [
          "Que le Seigneur te réponde au jour de détresse&nbsp;; qu’il te donne à la mesure de ton cœur."
        ]
      },
      {
        "psalm": "PSALM_20",
        "antiphon": [
          "Dresse-toi, Seigneur, dans ta force&nbsp;: nous chanterons ta vaillance."
        ]
      },
      {
        "psalm": "NT_9",
        "antiphon": [
          "R/ Gloire à l’Agneau immolé&nbsp;!"
        ]
      }
    ],
    "reading": {
      "biblicalReference": "Jc 2, 14. 17.18b",
      "content": "Mes frères, si quelqu’un prétend avoir la foi, alors qu’il n’agit pas, à quoi cela sert-il&nbsp;? Cet homme-là peut-il être sauvé par sa foi&nbsp;? Celui qui n’agit pas, sa foi est bel et bien morte. Montre-moi donc ta foi qui n’agit pas&nbsp;; moi, c’est par mes actes que je te montrerai ma foi."
    },
    "responsory": "<p>R/ Éclaire-moi selon ta parole,<br>  *  Que j’observe tes volontés.<br> V/ Incline mon cœur vers tes exigences.  * <br> Gloire au Père et au Fils et au Saint-Esprit.&nbsp;R/ <br></p>",
    "evangelicAntiphon": {
      "common": "Quand tu veux prier, entre dans ta chambre, ferme ta porte et parle à ton Père."
    },
    "intercession": {
      "content": "<p>Seigneur Jésus, tu nous as demandé de veiller pour ne pas entrer en tentation, nous appelons vers toi&nbsp;:</p> <p>R/ Écoute et prends pitié&nbsp;!</p> <p>Tu as promis, quand deux ou trois prieraient en ton nom, d’être au milieu d’eux,<br> enseigne-nous la prière véritable.</p> <p>Purifie ton Église qui te cherche en ce temps de pénitence,<br> qu’elle avance vers Pâques dans la force de l’Esprit.</p> <p>Toi qui as tant aimé les hommes,<br> saisis-nous de ta charité.</p> <p>Tu as souffert la croix pour le salut du monde,<br> fais-nous lutter pour ta justice.</p> <p>Reçois dans l’éternité bienheureuse ceux qui meurent,<br> et donne-nous d’accueillir notre mort comme un passage vers la vie.</p>"
    },
    "oration": [
      "Regarde ta famille, Seigneur&nbsp;; et fais que notre esprit, affiné par la maîtrise de nos sens, resplen­disse à tes yeux du désir de te trouver."
    ]
  }
}