{
  "invitatory": {
    "antiphon": [
      "Aujourd'hui, ne fermons pas notre cœur, mais écoutons la voix du Seigneur.",
      "Les yeux fixés sur Jésus Christ, entrons dans le combat de Dieu."
    ]
  },
  "morning": {
    "psalmody": [
      {
        "psalm": "PSALM_118_19",
        "antiphon": [
          "Dans ton amour, Seigneur, écoute ma voix."
        ]
      },
      {
        "psalm": "AT_10",
        "antiphon": [
          "Ne me retranche pas du nombre de tes fils&nbsp;: je suis ton serviteur, le fils de ta servante."
        ]
      },
      {
        "psalm": "PSALM_116",
        "antiphon": [
          "Fort est son amour pour nous."
        ]
      }
    ],
    "reading": {
      "biblicalReference": "Is 1, 16-18",
      "content": "Lavez-vous, purifiez-vous, ôtez de ma vue vos actions mauvaises, cessez de faire le mal. Apprenez à faire le bien&nbsp;: recherchez la justice, mettez au pas l’oppresseur, faites droit à l’orphelin, prenez la défense de la veuve. Venez donc et discutons, dit le Seigneur. Si vos péchés sont comme l’écarlate, ils deviendront comme la neige. S’ils sont rouges comme le vermillon, ils deviendront blancs comme la laine."
    },
    "responsory": "<p>R/ Le sang de Jésus nous purifie de tout péché.<br> V/ Venez et voyez les hauts faits de Dieu.&nbsp;R/ <br> V/ Acclamez Dieu, toute la terre.&nbsp;R/ <br></p>",
    "evangelicAntiphon": {
      "common": "Le publicain se frappait la poitrine en disant&nbsp;: Mon Dieu, prends pitié du pécheur que je suis."
    },
    "intercession": {
      "content": "<p>Par toi, Jésus Sauveur, l’aveugle a vu la lumière&nbsp;;<br> dévoile à nos yeux ta présence.</p> <p>R/ Toi, notre ami, exauce-nous&nbsp;!</p> <p>Tu as délié la langue du muet,<br> apprends-nous à célébrer ta louange.</p> <p>Tu as ouvert les oreilles du sourd,<br> garde-nous attentifs à ta parole.</p> <p>Tu as guéri le paralytique,<br> donne-nous de courir dans la voie de ton amour,</p> <p>Tu as fait sortir Lazare de son tombeau,<br> ramène à la vie ceux que le péché retient dans la mort.</p> "
    },
    "oration": [
      "En célébrant avec joie la liturgie de ce Carême, nous te supplions, Seigneur&nbsp;; nous vivons déjà du mystère de Pâques, accorde-nous le bonheur d’en goûter pleinement les fruits."
    ]
  },
  "readings": {
    "psalmody": [
      {
        "psalm": "PSALM_106_1",
        "antiphon": [
          "De toute inquiétude déchargez-vous sur Dieu, car il a soin de vous."
        ]
      },
      {
        "psalm": "PSALM_106_2",
        "antiphon": [
          "De toute inquiétude déchargez-vous sur Dieu, car il a soin de vous."
        ]
      },
      {
        "psalm": "PSALM_106_3",
        "antiphon": [
          "De toute inquiétude déchargez-vous sur Dieu, car il a soin de vous."
        ]
      }
    ],
    "biblicalReading": {
      "title": "Consécration du Sanctuaire",
      "ref": "Ex 40, 16-38",
      "content": "<p>Moïse exécuta tout ce que le SEIGNEUR lui avait ordonné. La demeure de Dieu fut érigée la deuxième année après la sortie d’Égypte, le premier jour du premier mois. Moïse érigea ainsi la Demeure&nbsp;: il en posa les bases, les poutres et les traverses, et il dressa les colonnes. Au-dessus de la Demeure, il déploya la Tente et la recouvrit comme le SEIGNEUR le lui avait ordonné. Il prit le Témoignage et le déposa dans l’arche. Il mit à l’arche ses barres et la recouvrit de la plaque d’or appelée propitiatoire. Il introduisit l’arche dans la Demeure, et posa le rideau pour voiler l’arche du Témoignage comme le SEIGNEUR le lui avait ordonné. Moïse plaça la table dans la tente de la Rencontre, sur le côté nord de la Demeure, à l’extérieur du rideau. Il y disposa une rangée de pains devant le SEIGNEUR, comme le SEIGNEUR le lui avait ordonné. Il mit le chandelier dans la tente de la Rencontre en face de la table, sur le côté sud de la Demeure. Il alluma les lampes devant le SEIGNEUR, comme le SEIGNEUR le lui avait ordonné. Il mit l’autel d’or dans la tente de la Rencontre, en face du rideau, et il y brûla de l’encens aromatique, comme le SEIGNEUR le lui avait ordonné. Il mit le rideau à l’entrée de la Demeure. Il dressa l’autel de l’holocauste à l’entrée de la tente de la Rencontre et y présenta l’holocauste et l’offrande de céréales, comme le SEIGNEUR le lui avait ordonné. Il posa la cuve entre la tente de la Rencontre et l’autel, et y versa de l’eau pour les ablutions. Moïse, Aaron et ses fils s’y lavaient les mains et les pieds&nbsp;; quand ils entraient dans la tente de la Rencontre et qu’ils s’approchaient de l’autel, ils se lavaient, comme le SEIGNEUR l’avait ordonné à Moïse. Moïse installa le parvis autour de la Demeure et de l’autel, et il plaça le voile de la porte du parvis. Ainsi Moïse acheva le travail. La nuée couvrit la tente de la Rencontre, et la gloire du SEIGNEUR remplit la Demeure. Moïse ne pouvait pas entrer dans la tente de la Rencontre, car la nuée y demeurait et la gloire du SEIGNEUR remplissait la Demeure. À chaque étape, lorsque la nuée s’élevait et quittait la Demeure, les fils d’Israël levaient le camp. Si la nuée ne s’élevait pas, ils campaient jusqu’au jour où elle s’élevait. Dans la journée, la nuée du SEIGNEUR reposait sur la Demeure, et la nuit, un feu brillait dans la nuée aux yeux de tout Israël. Et il en fut ainsi à toutes leurs étapes.</p>",
      "responsory": "<p>R/ Mon cœur et ma chair sont un cri<br> vers le Dieu vivant&nbsp;!</p> <p>Voici la demeure de Dieu avec les hommes&nbsp;:<br> il demeurera avec eux.</p> <p>La nuée couvrit la tente de la rencontre<br> et la gloire du SEIGNEUR remplit la demeure.</p>"
    },
    "patristicReading": {
      "title": "HOMÉLIE DE SAINT GRÉGOIRE DE NAZIANZE SUR LES BÉATITUDES",
      "subtitle": "Servir le Christ dans les pauvres",
      "content": "<p><i>Heureux les miséricordieux</i>, dit le Seigneur&nbsp;: <i>ils obtiendront miséricorde&nbsp;!</i> La miséricorde n’est pas la moindre des béatitudes. Et encore&nbsp;: <i>Heureux qui comprend le pauvre et le faible</i>. Et aussi&nbsp;: <i>L’homme bon compatit et partage</i>. Ailleurs encore&nbsp;: <i>Tout le jour le juste a pitié, il prête</i>. Emparons-nous donc de cette béatitude, sachons <i>comprendre</i>, soyons <i>bons</i>. La nuit elle-même ne doit pas arrêter ta miséricorde. <i>Ne dis pas&nbsp;: Reviens demain matin et je te donnerai</i>. Qu’il n’y ait pas d’intervalle entre le premier mouvement et le bienfait. La bienfaisance seule n’admet pas de délai. <i>Partage ton pain avec celui qui a faim, recueille chez toi le malheureux sans abri</i>, et fais-le de bon cœur. <i>Celui qui exerce la miséricorde</i>, dit saint Paul, <i>qu’il le fasse avec joie</i>. Ton mérite est doublé par ta promptitude. Le don fait avec chagrin et par contrainte n’a ni grâce ni éclat. C’est avec un cœur en fête, non en se lamentant, qu’il faut faire le bien. <i>Si tu fais disparaître le joug, le geste de menace</i>, dit le Prophète, c’est-à-dire si tu abandonnes l’avarice, la méfiance, si tu cesses d’hésiter et de grogner, qu’arrivera-t-il&nbsp;? Quelque chose de grand et d’étonnant, une magnifique récompense&nbsp;: <i>Alors ta lumière jaillira comme l’aurore, et tes forces reviendront rapidement</i>. Et y a-t-il quelqu’un qui ne désire la lumière et la guérison&nbsp;? ~ C’est pourquoi, si vous voulez bien m’en croire, serviteurs du Christ, ses frères et ses cohéritiers, tant que nous en avons l’occasion, visitons le Christ, nourrissons le Christ, habillons le Christ, recueillons le Christ, honorons le Christ. Non seulement en l’invitant à table, comme quelques-uns l’ont fait, ou en le couvrant de parfums, comme Marie Madeleine, ou en participant à sa sépulture, comme Nicodème, qui n’était qu’a moitié l’ami du Christ. Ni enfin avec l’or, l’encens et la myrrhe, comme les mages l’ont fait avant tous ceux que nous venons de citer. Le Seigneur de l’univers <i>veut la miséricorde et non le sacrifice</i>, et notre compassion plutôt que des milliers d’agneaux engraissés. Présentons-lui donc notre miséricorde par les mains de ces malheureux aujourd’hui gisant sur le sol, afin que, le jour où nous partirons d’ici, ils nous <i>introduisent aux demeures éternelles</i>, dans le Christ lui-même, notre Seigneur, à qui appartient la gloire pour les siècles. Amen.</p>",
      "responsory": "<p>R/ Partager son pain avec l’affamé,<br> voilà le jeûne qui plaît à Dieu.</p> <p>Ouvre ton cœur au pauvre&nbsp;: c’est ton frère.<br> Et si tu cries, le Seigneur répondra&nbsp;;<br> à tes appels, il dira&nbsp;: Me voici&nbsp;!</p> <p>Ouvre ton cœur au pauvre&nbsp;: c’est ton frère.<br> Et quand le Fils de l’homme viendra, il te dira&nbsp;:<br> J’avais faim et tu m’as donné à manger.</p>"
    },
    "verse": "<p>V/ Celui qui fait la vérité<br>vient à la lumière.</p>",
    "oration": [
      "En célébrant avec joie la liturgie de ce Carême, nous te supplions, Seigneur&nbsp;; nous vivons déjà du mystère de Pâques, accorde-nous le bonheur d’en goûter pleinement les fruits."
    ]
  },
  "middleOfDay": {
    "psalmody": [
      {
        "psalm": "PSALM_118_16",
        "antiphon": [
          "Venez, mes fils, écoutez-moi, que je vous enseigne la crainte du Seigneur."
        ]
      },
      {
        "psalm": "PSALM_33_1"
      },
      {
        "psalm": "PSALM_33_2"
      }
    ],
    "oration": [
      "En célébrant avec joie la liturgie de ce Carême, nous te supplions, Seigneur&nbsp;; nous vivons déjà du mystère de Pâques, accorde-nous le bonheur d’en goûter pleinement les fruits."
    ]
  },
  "vespers": {
    "psalmody": [
      {
        "psalm": "PSALM_112",
        "antiphon": [
          "Convertissez-vous&nbsp;; croyez à l’Évangile."
        ]
      },
      {
        "psalm": "PSALM_115",
        "antiphon": [
          "Je t’offrirai le sacrifice d’action de grâce&nbsp;; j’invoquerai le nom du Seigneur."
        ]
      },
      {
        "psalm": "NT_5",
        "antiphon": [
          "Ma vie, nul ne la prend&nbsp;; j’ai le pouvoir de la donner et le pouvoir de la reprendre."
        ]
      }
    ],
    "reading": {
      "biblicalReference": "2 Co 6, 1 b-4a",
      "content": "Nous vous invitons à ne pas laisser sans effet la grâce reçue de Dieu. Car il dit dans l’Écriture&nbsp;: Au moment favorable je t’ai exaucé, au jour du salut je suis venu à ton secours. Or c’est maintenant le moment favorable, c’est maintenant le jour du salut. Pour que notre ministère ne soit pas exposé à la critique, nous veillons à ne choquer personne en rien, mais au contraire nous nous présentons comme de vrais ministres de Dieu par notre vie entière."
    },
    "responsory": "<p>R/ Voici le temps favorable.<br>  *  Voici le jour du salut.<br> V/ Rassemblez-vous, venez, approchez tous,<br> survivants des nations.  * <br> V/ Tournez-vous vers moi, vous serez sauvés,<br> tous les lointains de la terre.  * <br> Gloire au Père et au Fils et au Saint-Esprit.&nbsp;R/ <br></p>",
    "evangelicAntiphon": {
      "common": "Justifiés par la foi, nous sommes en paix avec Dieu."
    },
    "intercession": {
      "content": "<p>Dieu a fait renaître son peuple d’un germe incorruptible, sa Parole éternelle. En ce temps de carême, supplions-le&nbsp;:</p> <p>R/ Souviens-toi de ton alliance.</p> <p>Accorde à ton peuple un cœur neuf pour entendre à nouveau ta parole.</p> <p>Donne à ton Église les pasteurs dont elle a besoin pour avancer dans la vérité.</p> <p>Soutiens dans leur engagement ceux qui ont tout quitté pour suivre le Christ.</p> <p>Ouvre aux mystères de ta parole ceux que tu prépares au baptême.</p> <p>Parle au cœur des pécheurs pour qu’ils appellent sur eux ton pardon.</p> <p>Fais miséricorde à tous nos morts&nbsp;: qu’ils chantent dans l’éternité ta louange.</p> "
    },
    "oration": [
      "En célébrant avec joie la liturgie de ce Carême, nous te supplions, Seigneur&nbsp;; nous vivons déjà du mystère de Pâques, accorde-nous le bonheur d’en goûter pleinement les fruits."
    ]
  }
}