{
  "invitatory": {
    "antiphon": [
      "Aujourd'hui, ne fermons pas notre cœur, mais écoutons la voix du Seigneur.",
      "Les yeux fixés sur Jésus Christ, entrons dans le combat de Dieu."
    ]
  },
  "morning": {
    "psalmody": [
      {
        "psalm": "PSALM_62",
        "antiphon": [
          "Mon Dieu, tu es venu à mon secours."
        ]
      },
      {
        "psalm": "AT_41",
        "antiphon": [
          "Pour nous sauver, renouvelle tes merveilles&nbsp;: arrache-nous au pouvoir de la mort."
        ]
      },
      {
        "psalm": "PSALM_149",
        "antiphon": [
          "Voici que l’heure est venue où le Fils de l’homme doit être glorifié."
        ]
      }
    ],
    "reading": {
      "biblicalReference": "Lv 23, 4-7",
      "content": "Voici les solennités du Seigneur, les assemblées saintes auxquelles vous convoquerez, aux dates fixées, les fils d’Israël. Le quatorzième jour du premier mois, au coucher du soleil, ce sera la Pâque du Seigneur. Le quinzième jour de ce même mois, ce sera la fête des pains sans levain en l’honneur du Seigneur&nbsp;: pendant sept jours vous mangerez des pains sans levain. Le premier jour, vous tiendrez une assemblée sainte et vous ne ferez aucun travail d’esclave."
    },
    "responsory": "<p>R/ Voici qu’approchent les jours<br> où le Fils de l’homme va être livré,<br>  * Mais le troisième jour, il ressuscitera.<br> V/ En ces jours-là vous jeûnerez et vous pleurerez. * <br> V/ Les jours viendront où l’Époux sera enlevé. * <br></p>",
    "evangelicAntiphon": {
      "common": "Notre ami Lazare s’est endormi&nbsp;: j’irai et le réveillerai."
    },
    "intercession": {
      "content": "<p>Jésus, ami des hommes, assailli par la tentation, tu nous apprends l’obéissance dans l’amour.</p> <p>R/ Notre Seigneur et notre frère, louange à toi&nbsp;!</p> <p>Jésus, Fils de Dieu, transfiguré sur la montagne,<br> tu nous révèles que la croix est le chemin de ta gloire.</p> <p>Jésus, don de Dieu, source vive,<br> tu apaises notre soif de la vie véritable.</p> <p>Jésus, lumière du monde, tu rends la vue aux aveugles<br> et nous te reconnaissons Fils de Dieu.</p> <p>Jésus, vainqueur de la mort, tu as tiré Lazare du tombeau<br> et tu nous appelles tous à la résurrection.</p> "
    },
    "oration": [
      "Que ta grâce nous obtienne, Seigneur, d’imiter avec joie la charité du Christ qui a donné sa vie par amour pour le monde. Lui qui règne."
    ]
  },
  "readings": {
    "psalmody": [
      {
        "psalm": "PSALM_1",
        "antiphon": [
          "Si le grain ne tombe en terre, il reste seul, mais s’il meurt, il porte beaucoup de fruit."
        ]
      },
      {
        "psalm": "PSALM_2",
        "antiphon": [
          "Déjà le Prince de ce monde est terrassé&nbsp;; le Fils de l’homme élevé sur la croix attire à lui tous les hommes."
        ]
      },
      {
        "psalm": "PSALM_3",
        "antiphon": [
          "Criez vers le Seigneur&nbsp;: il vous arrachera des mains de vos ennemis."
        ]
      }
    ],
    "biblicalReading": {
      "title": "Fils unique de Dieu, Jésus de Nazareth est établi au-dessus de toutes les créatures",
      "ref": "He 1, 1 –&nbsp;2, 4",
      "content": "<p>À bien des reprises et de bien des manières, Dieu, dans le passé, a parlé à nos pères par les prophètes&nbsp;; mais à la fin, en ces jours où nous sommes, il nous a parlé par son Fils qu’il a établi héritier de toutes choses et par qui il a créé les mondes. Rayonnement de la gloire de Dieu, expression parfaite de son être, le Fils, qui porte l’univers par sa parole puissante, après avoir accompli la purification des péchés, s’est assis à la droite de la Majesté divine dans les hauteurs des cieux&nbsp;; et il est devenu bien supérieur aux anges, dans la mesure même où il a reçu en héritage un nom si différent du leur. En effet, Dieu déclara-t-il jamais à un ange&nbsp;: Tu es mon Fils, moi, aujourd’hui, je t’ai engendré&nbsp;? Ou bien encore&nbsp;: Moi, je serai pour lui un père, et lui sera pour moi un fils&nbsp;? À l’inverse, au moment d’introduire le Premier-né dans le monde à venir, il dit&nbsp;: Que se prosternent devant lui tous les anges de Dieu. À l’adresse des anges, il dit&nbsp;: Il fait de ses anges des esprits, et de ses serviteurs des flammes ardentes . Mais à l’adresse du Fils, il dit&nbsp;: Ton trône à toi, Dieu, est pour les siècles des siècles, le sceptre de la droiture est ton sceptre royal &nbsp;; tu as aimé la justice, tu as réprouvé le mal, c’est pourquoi, toi, Dieu, ton Dieu t’a consacré d’une onction de joie, de préférence à tes compagnons&nbsp;; et encore&nbsp;: C’est toi, Seigneur, qui, au commencement, as fondé la terre, et le ciel est l’ouvrage de tes mains. Ils passeront, mais toi, tu demeures&nbsp;; ils s’useront comme un habit, l’un et l’autre&nbsp;; comme un manteau, tu les enrouleras, comme un habit, ils seront remplacés&nbsp;; mais toi, tu es le même, tes années n’auront pas de fin. Dieu a-t-il jamais dit à l’adresse d’un ange&nbsp;: Siège à ma droite, jusqu’à ce que je fasse de tes ennemis le marchepied de ton trône&nbsp;? Les anges ne sont-ils pas tous des esprits chargés d’une fonction, envoyés pour le service de ceux qui doivent avoir en héritage le salut&nbsp;? Il nous faut donc d’autant plus prêter attention à ce que nous avons entendu, afin de ne pas nous fourvoyer. En effet, si la parole annoncée par des anges s’est trouvée confirmée, et si toute transgression ou désobéissance a reçu une juste sanction, comment pourrons-nous sortir d’affaire si nous négligeons un pareil salut&nbsp;? Celui-ci a été annoncé par le Seigneur au commencement&nbsp;; ceux qui avaient entendu ont confirmé pour nous ce salut, et Dieu joignait son témoignage par des signes, des prodiges, toutes sortes de miracles, et le partage des dons de l’Esprit Saint, selon sa volonté.</p>",
      "responsory": "<p>R/ Voici l’Agneau de Dieu<br> qui enlève le péché du monde.</p> <p>Jésus a enduré la croix<br> et renoncé à la joie qui lui revenait.</p> <p>Il s’est abaissé jusqu’à la mort,<br> et la mort de la croix.</p>"
    },
    "verse": "<p>V/ Celui qui garde ma parole<br> ne verra jamais la mort.</p>",
    "oration": [
      "Que ta grâce nous obtienne, Seigneur, d’imiter avec joie la charité du Christ qui a donné sa vie par amour pour le monde. Lui qui règne."
    ]
  },
  "middleOfDay": {
    "psalmody": [
      {
        "psalm": "PSALM_117_1",
        "antiphon": [
          "Ma force et mon chant, c’est le Seigneur."
        ]
      },
      {
        "psalm": "PSALM_117_2"
      },
      {
        "psalm": "PSALM_117_3"
      }
    ],
    "oration": [
      "Que ta grâce nous obtienne, Seigneur, d’imiter avec joie la charité du Christ qui a donné sa vie par amour pour le monde. Lui qui règne."
    ]
  },
  "vespers": {
    "psalmody": [
      {
        "psalm": "PSALM_109",
        "antiphon": [
          "Comme le serpent fut élevé dans le désert, il faut que le Fils de l’homme soit élevé de terre."
        ]
      },
      {
        "psalm": "PSALM_113A",
        "antiphon": [
          "Le Seigneur protège et libère, le Puissant pardonne et sauve."
        ]
      },
      {
        "psalm": "NT_8",
        "antiphon": [
          "Il a été broyé par nos péchés, transpercé à cause de nos fautes&nbsp;: par ses blessures nous sommes guéris."
        ]
      }
    ],
    "reading": {
      "biblicalReference": "Ac 13, 26b-30",
      "content": "Frères, c’est à nous tous que ce message de salut a été envoyé. En effet, les habitants de Jérusalem et leurs chefs n’avaient pas su reconnaître Jésus, ni comprendre les paroles des prophètes qu’on lit chaque sabbat&nbsp;; et pourtant ils ont accompli ces mêmes paroles quand ils l’ont jugé. Sans avoir trouvé en lui aucun motif de condamnation à mort, ils ont réclamé à Pilate son exécution. Et, après avoir réalisé tout ce qui était écrit de lui, ils l’ont descendu de la croix et mis au tombeau. Mais Dieu l’a ressuscité d’entre les morts."
    },
    "responsory": "<p>R/ Nous t’adorons, ô Christ,<br> nous te bénissons.<br> V/ Tu as racheté le monde par ta croix.&nbsp;R/ <br> Gloire au Père et au Fils et au Saint-Esprit.&nbsp;R/ <br></p>",
    "evangelicAntiphon": {
      "common": "Quand je serai élevé de terre, j’attirerai à moi tous les hommes."
    },
    "intercession": {
      "content": "<p>Toi qui nous donnes la grâce de croire en toi, Seigneur, écoute notre prière pour nos frères humains&nbsp;:</p> <p>R/ Nous t’implorons, Seigneur&nbsp;!</p> <p>Pour l’homme qui t’a fait confiance quand il était enfant,<br> afin qu’il n’ensevelisse pas cette confiance dans son passé,</p> <p>Pour l’homme que l’esprit du monde a pris,<br> afin qu’il puisse encore se retourner vers toi,</p> <p>Pour l’homme qui n’a pas retenu que tu viendrais de nuit,<br> afin qu’il veille en lui-même et t’attende,</p> <p>Pour l’homme enfermé dans le tombeau,<br> afin qu’il se lève à ton appel,</p> "
    },
    "oration": [
      "Que ta grâce nous obtienne, Seigneur, d’imiter avec joie la charité du Christ qui a donné sa vie par amour pour le monde. Lui qui règne."
    ]
  }
}