{
  "invitatory": {
    "antiphon": [
      "Aujourd'hui, ne fermons pas notre cœur, mais écoutons la voix du Seigneur.",
      "Les yeux fixés sur Jésus Christ, entrons dans le combat de Dieu."
    ]
  },
  "morning": {
    "psalmody": [
      {
        "psalm": "PSALM_117",
        "antiphon": [
          "La droite du Seigneur a fait merveille, la droite du Seigneur m’a relevé."
        ]
      },
      {
        "psalm": "AT_40",
        "antiphon": [
          "Chantons l’hymne que chantaient les trois enfants&nbsp;; dans la fournaise, ils bénissaient le Seigneur."
        ]
      },
      {
        "psalm": "PSALM_150",
        "antiphon": [
          "Louez Dieu au ciel de sa puissance&nbsp;!"
        ]
      }
    ],
    "reading": {
      "biblicalReference": "Ne 8, 9.10",
      "content": "Ce jour est consacré au Seigneur votre Dieu. Ne prenez pas le deuil, ne pleurez pas&nbsp;! Car ce jour est consacré à notre Dieu&nbsp;! Ne vous affligez pas&nbsp;: la joie du Seigneur est votre rempart&nbsp;!"
    },
    "responsory": "<p>R/ La joie du Seigneur est notre rempart&nbsp;!<br> V/ Tu es béni, Seigneur notre Dieu,<br>d’éternité en éternité.&nbsp;R/ <br> V/ Que soit béni ton nom glorieux, <br>que terre et ciel te chantent sans fin.&nbsp;R/ <br> V/ Gloire et puissance au Père et au Fils, <br>au Saint-Esprit qui chante en nos cœurs.&nbsp;R/ <br></p>",
    "evangelicAntiphon": {
      "common": "Christ a détruit la mort, et par son Évangile, il fait resplendir la vie."
    },
    "intercession": {
      "content": "<p>Jésus, ami des hommes, assailli par la tentation, tu nous apprends l’obéissance dans l’amour.</p> <p>R/ Notre Seigneur et notre frère, louange à toi&nbsp;!</p> <p>Jésus, Fils de Dieu, transfiguré sur la montagne,<br> tu nous révèles que la croix est le chemin de ta gloire.</p> <p>Jésus, don de Dieu, source vive,<br> tu apaises notre soif de la vie véritable.</p> <p>Jésus, lumière du monde, tu rends la vue aux aveugles<br> et nous te reconnaissons Fils de Dieu.</p> <p>Jésus, vainqueur de la mort, tu as tiré Lazare du tombeau<br> et tu nous appelles tous à la résurrection.</p> "
    },
    "oration": [
      "Tu nous as dit, Seigneur, d’écouter ton Fils bien-aimé, fais-nous trouver dans ta Parole les vivres dont notre foi a besoin&nbsp;: et nous aurons le regard assez pur pour discerner ta gloire."
    ]
  },
  "readings": {
    "psalmody": [
      {
        "psalm": "PSALM_103_1",
        "antiphon": [
          "La création entière gémit&nbsp;: elle attend d’être libérée."
        ]
      },
      {
        "psalm": "PSALM_103_2",
        "antiphon": [
          "La création entière gémit&nbsp;: elle attend d’être libérée."
        ]
      },
      {
        "psalm": "PSALM_103_3",
        "antiphon": [
          "La création entière gémit&nbsp;: elle attend d’être libérée."
        ]
      }
    ],
    "biblicalReading": {
      "title": "À l’entrée du désert",
      "ref": "Ex 13, 17-22; 14, 1-9",
      "content": "<p>Quand Pharaon laissa partir le peuple, Dieu ne leur fit pas prendre la route du pays des Philistins, bien qu’elle fût la plus directe. Dieu s’était dit&nbsp;: «&nbsp;Il ne faudrait pas qu’à la perspective des combats, le peuple revienne sur sa décision et retourne en Égypte.&nbsp;» Dieu fit donc faire au peuple un détour par le désert de la mer des Roseaux. C’est, rangés comme une armée, que les fils d’Israël étaient montés du pays d’Égypte. Moïse prit avec lui les ossements de Joseph, car celui-ci avait exigé des fils d’Israël un serment solennel, en leur disant&nbsp;: «&nbsp;Dieu ne manquera pas de vous visiter&nbsp;: alors, quand vous remonterez d’Égypte, emportez mes ossements avec vous.&nbsp;» Ils partirent de Souccoth et campèrent à Étam, en bordure du désert. Le SEIGNEUR lui-même marchait à leur tête&nbsp;: le jour dans une colonne de nuée pour leur ouvrir la route, la nuit dans une colonne de feu pour les éclairer&nbsp;; ainsi pouvaient-ils marcher jour et nuit. Le jour, la colonne de nuée ne quittait pas la tête du peuple&nbsp;; ni, la nuit, la colonne de feu. Le SEIGNEUR parla à Moïse. Il dit&nbsp;: «&nbsp;Va dire aux fils d’Israël de revenir camper devant Pi-Hahiroth, entre Migdol et la mer, devant Baal-Sefone&nbsp;; vous camperez juste en face, au bord de la mer. Alors Pharaon dira&nbsp;: “Voilà que les fils d’Israël, affolés, errent dans le pays&nbsp;! Le désert s’est refermé sur eux&nbsp;!” Alors, je ferai en sorte que Pharaon s’obstine, et il les poursuivra. Mais je me glorifierai aux dépens de Pharaon et de toute son armée, et les Égyptiens reconnaîtront que je suis le SEIGNEUR.&nbsp;» Les fils d’Israël firent ainsi. On annonça au roi d’Égypte, que le peuple d’Israël s’était enfui. Alors Pharaon et ses serviteurs changèrent de sentiment envers ce peuple. Ils dirent&nbsp;: «&nbsp;Qu’avons-nous fait en laissant partir Israël&nbsp;: il ne sera plus à notre service&nbsp;!&nbsp;» Pharaon fit atteler son char et rassembler ses troupes&nbsp;; il prit six cents chars d’élite et tous les chars de l’Égypte, chacun avec son équipage. Le SEIGNEUR fit en sorte que s’obstine Pharaon, roi d’Égypte, qui se lança à la poursuite des fils d’Israël, tandis que ceux-ci avançaient librement. Les Égyptiens, tous les chevaux, les chars de Pharaon, ses guerriers et son armée, les poursuivirent et les rejoignirent alors qu’ils campaient au bord de la mer, près de Pi-Hahiroth, en face de Baal-Sefone.</p>",
      "responsory": "<p>R/ Heureux le peuple qui a pour Dieu le Seigneur.<br> Heureuse la nation qu’il a choisie pour domaine&nbsp;!</p> <p>Le Seigneur lui-même marchait à leur tête,<br> colonne de nuée, le jour, pour leur ouvrir la route,<br> colonne de feu, la nuit, pour les éclairer.</p> <p>À notre tour, courons notre épreuve,<br> les regards fixés sur Jésus<br> qui nous a ouvert un chemin de vie.</p>"
    },
    "patristicReading": {
      "title": "SERMON DE SAINT LÉON LE GRAND POUR LE 2<sup>ème</sup> DIMANCHE DE CARÊME",
      "subtitle": "La Transfiguration",
      "content": "<p>Le Seigneur découvre sa gloire devant les témoins qu’il a choisis, et il éclaire d’une telle splendeur cette forme corporelle qu’il a en commun avec les autres hommes que son visage a l’éclat du soleil et que ses vêtements sont aussi blancs que la neige. Par cette transfiguration il voulait avant tout prémunir ses disciples contre le scandale de la croix et, en leur révélant toute la grandeur de sa dignité cachée, empêcher que les abaissements de sa passion volontaire ne bouleversent leur foi. Mais il ne prévoyait pas moins de fonder l’espérance de l’Église, en faisant découvrir à tout le corps du Christ quelle transformation lui serait accordée&nbsp;; ses membres se promettraient de partager l’honneur qui avait resplendi dans leur chef. Le Seigneur lui-même avait déclaré à ce sujet, lorsqu’il parlait de la majesté de son avènement&nbsp;: <i>Alors les justes brilleront comme le soleil dans le royaume de leur Père</i>. Et l’Apôtre saint Paul atteste lui aussi&nbsp;: <i>J’estime qu’il n’y a pas de commune mesure entre les souffrances du temps présent et la gloire que le Seigneur va bientôt révéler en nous</i>. Et encore&nbsp;: <i>Vous êtes morts avec le Christ, et votre vie reste cachée avec lui en Dieu. Quand paraîtra le Christ qui est votre vie, alors, vous aussi, vous paraîtrez avec lui en pleine gloire</i>. Cependant, pour confirmer les Apôtres et les introduire dans une complète connaissance, un autre enseignement s’est ajouté à ce miracle. En effet, Moïse et Élie, c’est-à-dire la Loi et les Prophètes, apparurent en train de s’entretenir avec le Seigneur. Ainsi, par la réunion de ces cinq hommes s’accomplirait de façon certaine la prescription&nbsp;: <i>Toute parole est garantie par la présence de deux ou trois témoins.</i> Qu’y a-t-il donc de mieux établi, de plus solide que cette parole&nbsp;? La trompette de l’Ancien Testament et celle du Nouveau s’accordent à la proclamer&nbsp;; et tout ce qui en a témoigné jadis s’accorde avec l’enseignement de l’Évangile. Les écrits de l’une et l’autre Alliance, en effet, se garantissent mutuellement&nbsp;; celui que les signes préfiguratifs avaient promis sous le voile des mystères, est montré comme manifeste et évident par la splendeur de sa gloire présente. Comme l’a dit saint Jean, en effet&nbsp;: <i>Après la Loi communiquée par Moïse, la grâce et la vérité sont venues par Jésus Christ</i>. En lui s’est accomplie la promesse des figures prophétiques comme la valeur des préceptes de la Loi, puisque sa présence enseigne la vérité de la prophétie, et que sa grâce rend praticables les commandements. ~ Que la foi de tous s’affermisse avec la prédication de l’Évangile, et que personne n’ait honte de la croix du Christ, par laquelle le monde a été racheté. Que personne donc ne craigne de souffrir pour la justice, ni ne mette en doute la récompense promise&nbsp;; car c’est par le labeur qu’on parvient au repos, par la mort qu’on parvient à la vie. Puisque le Christ a accepté toute la faiblesse de notre pauvreté, si nous persévérons à le confesser et à l’aimer, nous sommes vainqueurs de ce qu’il a vaincu et nous recevons ce qu’il a promis. Qu’il s’agisse de pratiquer les commandements ou de supporter l’adversité, la voix du Père que nous avons entendue tout à l’heure doit retentir sans cesse à nos oreilles&nbsp;: <i>Celui-ci est mon Fils bien-aimé en qui j’ai mis tout mon amour&nbsp;; écoutez-le&nbsp;!</i></p>",
      "responsory": "<p>R/ Sur le visage du Christ<br> rayonne la gloire de Dieu.</p> <p>La loi fut donnée par Moïse,<br> la grâce et la vérité<br> sont venues par Jésus Christ.</p> <p>Personne n’a jamais vu Dieu.<br> Le Fils unique qui est dans le sein du Père<br> nous l’a fait connaître.</p>"
    },
    "verse": "<p>V/ Du sein de la nuée, la voix du Père a retenti&nbsp;:<br> Voici mon Fils, mon bien-aimé. Écoutez-le.</p>",
    "oration": [
      "Tu nous as dit, Seigneur, d’écouter ton Fils bien-aimé, fais-nous trouver dans ta Parole les vivres dont notre foi a besoin&nbsp;: et nous aurons le regard assez pur pour discerner ta gloire."
    ]
  },
  "middleOfDay": {
    "psalmody": [
      {
        "psalm": "PSALM_22",
        "antiphon": [
          "Passerais-je un ravin de ténèbres, je ne crains aucun mal."
        ]
      },
      {
        "psalm": "PSALM_75_1"
      },
      {
        "psalm": "PSALM_75_2"
      }
    ],
    "oration": [
      "Tu nous as dit, Seigneur, d’écouter ton Fils bien-aimé, fais-nous trouver dans ta Parole les vivres dont notre foi a besoin&nbsp;: et nous aurons le regard assez pur pour discerner ta gloire."
    ]
  },
  "vespers": {
    "psalmody": [
      {
        "psalm": "PSALM_109",
        "antiphon": [
          "Le jour où paraît ta puissance, tu es prince, éblouissant de sainteté."
        ]
      },
      {
        "psalm": "PSALM_113B",
        "antiphon": [
          "Celui que nous servons est le seul Dieu, il a fait le ciel et la terre."
        ]
      },
      {
        "psalm": "NT_8",
        "antiphon": [
          "Dieu n’a pas épargné son Fils, il l’a livré pour nous."
        ]
      }
    ],
    "reading": {
      "biblicalReference": "1 Co 9, 24-25",
      "content": "Vous savez bien que, dans les courses du stade, tous les coureurs prennent le départ, mais un seul gagne le prix. Alors, vous, courez de manière à l’emporter. Tous les athlètes à l’entraînement s’imposent une discipline sévère&nbsp;; ils le font pour gagner une couronne de laurier qui va se faner, et nous, pour une couronne qui ne se fane pas."
    },
    "responsory": "<p>R/ Pour le combat tu m’emplis de vaillance,<br>  *  Dieu de ma victoire.<br> V/ Que ta justice me conduise,  * <br> Gloire au Père et au Fils et au Saint-Esprit.&nbsp;R/ <br></p>",
    "evangelicAntiphon": {
      "common": "Ne dites pas ce que vous avez vu, avant que le Fils de l’homme ne ressuscite d’entre les morts."
    },
    "intercession": {
      "content": "<p>Toi qui nous donnes la grâce de croire en toi, Sei­gneur, écoute notre prière pour nos frères humains&nbsp;:</p> <p>R/ Nous t’implorons, Seigneur&nbsp;!</p> <p>Pour l’homme qui juge tes signes<br> comme les fables d’un monde enfant,</p> <p>Pour celui qui a de la peine à espérer en toi<br> et qui mise sur d’autres espoirs,</p> <p>Pour celui que ta louange ennuie<br> et qui reste indifférent à ta promesse,</p> <p>Pour ceux dont les yeux se sont fermés,<br> afin qu’ils s’ouvrent à ta lumière,</p> "
    },
    "oration": [
      "Tu nous as dit, Seigneur, d’écouter ton Fils bien-aimé, fais-nous trouver dans ta Parole les vivres dont notre foi a besoin&nbsp;: et nous aurons le regard assez pur pour discerner ta gloire."
    ]
  }
}