{
  "invitatory": {
    "antiphon": [
      "Aujourd'hui, ne fermons pas notre cœur, mais écoutons la voix du Seigneur.",
      "Les yeux fixés sur Jésus Christ, entrons dans le combat de Dieu."
    ]
  },
  "morning": {
    "psalmody": [
      {
        "psalm": "PSALM_56",
        "antiphon": [
          "Je crie vers Dieu, le Très-Haut, vers Dieu qui fera tout pour moi."
        ]
      },
      {
        "psalm": "AT_36",
        "antiphon": [
          "Comme un berger garde son troupeau, le Seigneur veillera sur nous."
        ]
      },
      {
        "psalm": "PSALM_47",
        "antiphon": [
          "Dieu, nous revivons ton amour au milieu de ton temple."
        ]
      }
    ],
    "reading": {
      "biblicalReference": "He 2, 9b-10",
      "content": "Nous voyons Jésus couronné de gloire et d’honneur à cause de sa passion et de sa mort. S’il a fait l’expérience de la mort, c’est, par grâce de Dieu, pour le salut de tous. En effet, puisque le créateur et maître de tout voulait avoir une multitude de fils à conduire jusqu’à la gloire, il était normal qu’il mène à sa perfection, par la souffrance, celui qui est à l’origine du salut de tous."
    },
    "responsory": "<p>R/ Souviens-toi de Jésus Christ<br> ressuscité d’entre les morts&nbsp;:<br>  * Il est notre salut, notre gloire éternelle.<br> V/ Si nous mourons avec lui, <br>avec lui nous vivrons. * <br> V/ Si nous souffrons avec lui, <br>avec lui nous régnerons. * R/ <br></p>",
    "evangelicAntiphon": {
      "common": "Celui qui est de Dieu écoute les paroles de Dieu."
    },
    "intercession": {
      "content": "<p>Père des lumières, ton Christ a brillé sur nous pour que nous ne marchions pas dans les ténèbres&nbsp;; nous t’implorons&nbsp;:</p> <p>R/ Que ta Parole soit la lampe de nos pas&nbsp;!</p> <p>Accorde-nous d’avancer aujourd’hui sur ses traces et de vivre à sa ressemblance.</p> <p>Fais-nous vivre dans la vérité, et nous viendrons à ta lumière.</p> <p>Donne-nous assez d’amour pour oublier notre intérêt et vouloir le bien de tous.</p> <p>Aide-nous à travailler dans la patience pour que nous préparions la venue de ton jour.</p> "
    },
    "oration": [
      "Sois attentif à nos supplications, Seigneur, veille sur nous et protège-nous, car nous mettons notre espoir en ta miséricorde&nbsp;: purifiés désormais de nos péchés, nous pourrons mener une vie sainte et entrer en possession de ton héritage."
    ]
  },
  "readings": {
    "psalmody": [
      {
        "psalm": "PSALM_17_4",
        "antiphon": [
          "Les flots de la mort m’entouraient&nbsp;; dans mon angoisse, j’ai crié vers le Seigneur."
        ]
      },
      {
        "psalm": "PSALM_17_5",
        "antiphon": [
          "Les flots de la mort m’entouraient&nbsp;; dans mon angoisse, j’ai crié vers le Seigneur."
        ]
      },
      {
        "psalm": "PSALM_17_6",
        "antiphon": [
          "Les flots de la mort m’entouraient&nbsp;; dans mon angoisse, j’ai crié vers le Seigneur."
        ]
      }
    ],
    "biblicalReading": {
      "title": "Le grand prêtre Melchisédek",
      "ref": "He 7, 1-10",
      "content": "<p>Ce <i>Melkisédek</i> était <i>roi de Salem, prêtre du Dieu très-haut&nbsp;; il vint à la rencontre d’Abraham quand celui-ci rentrait de son expédition contre les rois&nbsp;; il le bénit</i>, et Abraham lui remit <i>le dixième de tout ce qu’il avait pris</i>. D’abord, Melkisédek porte un nom qui veut dire «&nbsp;roi de justice&nbsp;»&nbsp;; ensuite, il est roi de Salem, c’est-à-dire roi «&nbsp;de paix&nbsp;», et à son sujet on ne parle ni de père ni de mère, ni d’ancêtres, ni d’un commencement d’existence ni d’une fin de vie&nbsp;; cela le fait ressembler au Fils de Dieu&nbsp;: il demeure prêtre pour toujours. Regardez comme il est grand, celui à qui Abraham, le patriarche, a donné la dîme de son meilleur butin. Or, selon la loi de Moïse, les fils de Lévi qui reçoivent le sacerdoce ont l’ordre de percevoir la dîme sur le peuple, c’est-à-dire sur leurs frères, qui pourtant sont issus d’Abraham, eux aussi. Melkisédek, lui qui n’était pas d’ascendance lévitique, a soumis Abraham à la dîme, et il a béni celui qui possédait les promesses. Or il est indiscutable que c’est toujours le supérieur qui bénit l’inférieur. D’ordinaire, ceux qui perçoivent la dîme sont des hommes qui meurent, et ici, on atteste que celui-là reste en vie. À travers Abraham, Lévi lui-même, qui normalement perçoit la dîme, a été, pour ainsi dire, soumis à la dîme, car il était en germe dans le corps de son ancêtre quand Melkisédek vint à la rencontre de celui-ci.</p>",
      "responsory": "<p>R/ Jésus, tu es prêtre pour l’éternité&nbsp;!</p> <p>Par la puissance d’une vie indestructible,<br> par le serment que fit le Seigneur.</p> <p>Par son inlassable intercession,<br> par l’offrande que tu fis de toi-même.</p>"
    },
    "patristicReading": {
      "title": "Actes du Concile Vatican II - L’Église",
      "subtitle": "L’Église, signe de salut parmi les hommes",
      "content": "<p><i>Parole du Seigneur&nbsp;: Voici venir des jours où je conclurai une alliance nouvelle avec la maison d’Israël et avec la maison de Juda. ~ Je mettrai ma loi au plus profond d’eux-mêmes&nbsp;; je l’inscrirai dans leur cœur. Je serai leur Dieu et ils seront mon peuple. ~ Tous me connaîtront des plus petits jusqu’aux plus grands. Parole du Seigneur. </i> Cette alliance nouvelle, c’est le Christ qui l’a instituée, car elle est <i>la Nouvelle Alliance dans son sang</i>. Il appelle une foule venue des Juifs et des nations païennes, pour qu’elle parvienne à l’unité non pas selon la chair, mais dans l’Esprit, et qu’elle soit le nouveau peuple de Dieu. En effet, ceux qui croient au Christ, qui ont <i>reçu la nouvelle naissance non pas d’un germe corruptible, mais d’un germe incorruptible par la parole du Dieu vivant,</i> non pas de la chair mais <i>de l’eau et de l’Esprit vivant</i>, deviennent ainsi finalement <i>la race choisie, le sacerdoce royal, la nation sainte, le peuple qui appartient à Dieu ~ qui jadis n’était pas un peuple, mais qui est maintenant le peuple de Dieu.</i> Ce peuple messianique a pour chef le Christ. <i>livré pour nos fautes et ressuscité pour notre justification</i>, et qui maintenant, ayant reçu le nom qui est au-dessus de tout nom, règne glorieusement au ciel. Ce peuple a pour condition la dignité et la liberté des fils de Dieu, car, dans leur cœur, le Saint-Esprit habite comme dans un temple. Il a pour loi le commandement nouveau d’aimer comme le Christ nous a aimés lui-même. Enfin son but est le règne de Dieu, inauguré sur terre par Dieu même, pour s’étendre ensuite jusqu’à ce que, à la fin des siècles, il reçoive enfin de Dieu son achèvement, <i>lorsque paraîtra le Christ, notre vie</i>, et que la <i>création sera libérée de l’esclavage, de la dégradation inévitable, pour connaître, elle aussi, la liberté et la gloire des enfants de Dieu.</i> C’est pourquoi ce peuple messianique, bien qu’il ne comprenne pas effectivement tous les hommes et qu’il apparaisse souvent comme un petit troupeau, est cependant, pour tout le genre humain, le germe le plus fort de l’unité, de l’espérance et du salut. Établi par le Christ, pour réaliser une communion de vie, d’amour et de vérité, il lui sert d’instrument pour la Rédemption de tous les hommes, et il est envoyé au monde entier comme lumière du monde et sel de la terre. De même que l’Israël selon la chair, qui cheminait dans le désert, est déjà appelé Église de Dieu, ainsi le nouvel Israël, qui s’avance dans le siècle présent, à la recherche de la cité future, la cité définitive, est appelé lui aussi l’Église du Christ. Car c’est bien le Christ qui l’a achetée de son sang, comblée de son Esprit, munie des moyens appropriés à son unité visible et sociale. La communauté des croyants qui regardent vers Jésus comme l’auteur du salut, le principe de l’unité et de la paix, Dieu l’a convoquée et fondée comme son Église, afin qu’elle soit, pour tous et pour chacun, le sacrement visible de cette unité porteuse de salut.</p>",
      "responsory": "<p>R/ Gloire au Seigneur, c’est lui notre Dieu&nbsp;!</p> <p>Il nous a délivrés de la servitude,<br> avec autorité et puissance.</p> <p>Jadis vous n’étiez pas un peuple,<br> vous êtes maintenant le peuple de Dieu.</p> <p>Vous êtes la race élue, la nation sainte,<br> le peuple que Dieu s’est acquis.</p>"
    },
    "verse": "<p>V/ Celui qui médite la loi du Seigneur<br> donne du fruit en son temps.</p>",
    "oration": [
      "Sois attentif à nos supplications, Seigneur, veille sur nous et protège-nous, car nous mettons notre espoir en ta miséricorde&nbsp;: purifiés désormais de nos péchés, nous pourrons mener une vie sainte et entrer en possession de ton héritage."
    ]
  },
  "middleOfDay": {
    "psalmody": [
      {
        "psalm": "PSALM_118_3",
        "antiphon": [
          "Vois ma misère et ma peine, enlève tous mes péchés."
        ]
      },
      {
        "psalm": "PSALM_24_1"
      },
      {
        "psalm": "PSALM_24_2"
      }
    ],
    "oration": [
      "Sois attentif à nos supplications, Seigneur, veille sur nous et protège-nous, car nous mettons notre espoir en ta miséricorde&nbsp;: purifiés désormais de nos péchés, nous pourrons mener une vie sainte et entrer en possession de ton héritage."
    ]
  },
  "vespers": {
    "psalmody": [
      {
        "psalm": "PSALM_29",
        "antiphon": [
          "Je retournerai chez mon Père et lui dirai&nbsp;: Père, j’ai péché contre le ciel et contre toi."
        ]
      },
      {
        "psalm": "PSALM_31",
        "antiphon": [
          "Je rendrai grâce au Seigneur en confessant mon péché."
        ]
      },
      {
        "psalm": "NT_10"
      }
    ],
    "reading": {
      "biblicalReference": "He 13, 12-15",
      "content": "Jésus, voulant sanctifier le peuple par son propre sang, a souffert sa Passion en dehors de l’enceinte de la ville. Eh bien&nbsp;! pour aller à sa rencontre, sortons en dehors de l’enceinte, en portant la même humiliation que lui. Car la cité que nous avons ici-bas n’est pas définitive&nbsp;: nous attendons la cité future. En toute circonstance, offrons à Dieu, par Jésus, un sacrifice de louange, c’est-à-dire l’acte de foi qui sort de nos lèvres en l’honneur de son nom."
    },
    "responsory": "<p>R/ Nous t’adorons, ô Christ,<br> nous te bénissons.<br> V/ Tu as racheté le monde par ta croix.&nbsp;R/ <br> Gloire au Père et au Fils et au Saint-Esprit.&nbsp;R/ <br></p>",
    "evangelicAntiphon": {
      "common": "En vérité, je vous le dis, avant qu’Abraham fût, Je suis."
    },
    "intercession": {
      "content": "<p>Dieu notre Père, convertis-nous à la loi nouvelle de ton Christ&nbsp;:</p> <p>R/ Père, allume en nous le feu de son amour.</p> <p>Il a proclamé la Bonne Nouvelle,<br> il a passé parmi nous en faisant le bien.</p> <p>Il a nourri les foules au désert,<br> il s’est livré dans le pain et le vin.</p> <p>Il a guéri les malades,<br> il a pardonné les péchés.</p> <p>Il a maîtrisé la mer et les vents,<br> il a prié pour la foi de Pierre.</p> <p>Il a pleuré sur Jérusalem,<br> il a ressuscité Lazare.</p>"
    },
    "oration": [
      "Sois attentif à nos supplications, Seigneur, veille sur nous et protège-nous, car nous mettons notre espoir en ta miséricorde&nbsp;: purifiés désormais de nos péchés, nous pourrons mener une vie sainte et entrer en possession de ton héritage."
    ]
  }
}