{
  "invitatory": {
    "antiphon": [
      "Aujourd'hui, ne fermons pas notre cœur, mais écoutons la voix du Seigneur.",
      "Les yeux fixés sur Jésus Christ, entrons dans le combat de Dieu."
    ]
  },
  "morning": {
    "psalmody": [
      {
        "psalm": "PSALM_50",
        "antiphon": [
          "Dieu n’a pas épargné son propre Fils&nbsp;: il l’a livré pour nous."
        ]
      },
      {
        "psalm": "AT_43",
        "antiphon": [
          "Jésus, le Christ, nous a aimés&nbsp;: il nous a délivrés de nos péchés par son sang."
        ]
      },
      {
        "psalm": "PSALM_147",
        "antiphon": [
          "Ta croix, Seigneur, nous l’adorons, et ta sainte résurrection, nous la chantons&nbsp;: c’est par le bois de la croix que la joie est venue dans le monde."
        ]
      }
    ],
    "reading": {
      "biblicalReference": "Is 52, 13-15",
      "content": "Mon serviteur réussira, dit le Seigneur&nbsp;; il montera, il s’élèvera, il sera exalté&nbsp;! La multitude avait été consternée en le voyant, car il était si défiguré qu’il ne ressemblait plus à un homme. De même, devant lui les rois resteront bouche bée, car ils verront ce qu’on ne leur avait jamais dit, ils découvriront ce dont ils n’avaient jamais entendu parler."
    },
    "responsory": "<p>R/ Le Christ s’est fait pour nous obéissant<br> jusqu’à la mort,<br> et la mort de la croix.<br> V/ Si le grain de blé tombé en terre ne meurt pas, il reste seul.&nbsp;R/ <br></p>",
    "evangelicAntiphon": {
      "common": "Sur la croix fut écrite sa condamnation&nbsp;: Jésus le Nazaréen, le Roi des Juifs."
    },
    "intercession": {
      "content": "<p>Levons les yeux vers le Fils de Dieu, mort sur la croix, vivant pour les siècles&nbsp;:</p> <p>R/ Par ta souffrance et par ta croix, sauve-nous.</p> <p>Tu as lutté contre Satan.</p> <p>Tu as connu la soif et la faim.</p> <p>Tu as enduré la fatigue du chemin.</p> <p>Tu n’avais pas d’endroit où reposer ta tête.</p> <p>Tu as été rejeté par ton peuple.</p> <p>Tu as été abandonné par les tiens.</p> <p>Tu as fait la volonté du Père.</p> "
    },
    "oration": [
      "Regarde, Seigneur, nous t’en prions, la famille qui t’appartient&nbsp;: c’est pour elle que Jésus, le Christ, notre Seigneur, ne refusa pas d’être livré aux mains des méchants ni de subir le supplice de la croix. Lui qui règne."
    ]
  },
  "readings": {
    "psalmody": [
      {
        "psalm": "PSALM_37_1",
        "antiphon": [
          "Peuples et nations se sont ligués contre ton serviteur Jésus, ton Messie."
        ]
      },
      {
        "psalm": "PSALM_37_2",
        "antiphon": [
          "Ils me percent les mains et les pieds&nbsp;; je peux compter tous mes os."
        ]
      },
      {
        "psalm": "PSALM_37_3",
        "antiphon": [
          "Amis et compagnons se tiennent à distance."
        ]
      }
    ],
    "biblicalReading": {
      "title": "Le Christ, grand prêtre, entre au sanctuaire du ciel",
      "ref": "He 9, 11-28",
      "content": "<p>Le Christ est venu, grand prêtre des biens à venir. Par la tente plus grande et plus parfaite, celle qui n’est pas œuvre de mains humaines et n’appartient pas à cette création, il est entré une fois pour toutes dans le sanctuaire, en répandant, non pas le sang de boucs et de jeunes taureaux, mais son propre sang. De cette manière, il a obtenu une libération définitive. S’il est vrai qu’une simple aspersion avec le sang de boucs et de taureaux, et de la cendre de génisse, sanctifie ceux qui sont souillés, leur rendant la pureté de la chair, le sang du Christ fait bien davantage, car le Christ, poussé par l’Esprit éternel, s’est offert lui-même à Dieu comme une victime sans défaut&nbsp;; son sang purifiera donc notre conscience des actes qui mènent à la mort, pour que nous puissions rendre un culte au Dieu vivant. Voilà pourquoi il est le médiateur d’une alliance nouvelle, d’un testament nouveau&nbsp;: puisque sa mort a permis le rachat des transgressions commises sous le premier Testament, ceux qui sont appelés peuvent recevoir l’héritage éternel jadis promis. Or, quand il y a testament, il est nécessaire que soit constatée la mort de son auteur. Car un testament ne vaut qu’après la mort, il est sans effet tant que son auteur est en vie. C’est pourquoi le premier Testament lui-même n’a pas été inauguré sans que soit utilisé du sang&nbsp;: lorsque Moïse eut proclamé chaque commandement à tout le peuple conformément à la Loi, il prit le sang des veaux et des boucs avec de l’eau, de la laine écarlate et de l’hysope, et il en aspergea le livre lui-même et tout le peuple, en disant&nbsp;: <i>Ceci est le sang de l’Alliance que Dieu a prescrite pour vous.</i> Puis il aspergea de même avec le sang la tente et tous les objets du service liturgique. D’après la Loi, on purifie presque tout avec du sang, et s’il n’y a pas de sang versé, il n’y a pas de pardon. S’il est nécessaire que soient purifiées par ces rites les images de ce qui est dans les cieux, les réalités célestes elles-mêmes doivent l’être par des sacrifices bien meilleurs que ceux d’ici-bas. Car le Christ n’est pas entré dans un sanctuaire fait de main d’homme, figure du sanctuaire véritable&nbsp;; il est entré dans le ciel même, afin de se tenir maintenant pour nous devant la face de Dieu. Il n’a pas à s’offrir lui-même plusieurs fois, comme le grand prêtre qui, tous les ans, entrait dans le sanctuaire en offrant un sang qui n’était pas le sien&nbsp;; car alors, le Christ aurait dû plusieurs fois souffrir la Passion depuis la fondation du monde. Mais en fait, c’est une fois pour toutes, à la fin des temps, qu’il s’est manifesté pour détruire le péché par son sacrifice. Et, comme le sort des hommes est de mourir une seule fois et puis d’être jugés, ainsi le Christ s’est-il offert une seule fois pour enlever les péchés de la multitude&nbsp;; il apparaîtra une seconde fois, non plus à cause du péché, mais pour le salut de ceux qui l’attendent.</p>",
      "responsory": "<p>R/ Rédemption éternelle par ton sang,<br> Jésus Sauveur du monde&nbsp;!</p> <p>Le Christ s’est offert lui-même à Dieu,<br> comme une victime sans tâche.</p> <p>Il a offert sa vie en expiation,<br> il verra une postérité, il prolongera ses jours.</p> <p>Après les épreuves de son âme,<br> il verra la lumière et sera comblé.</p>"
    },
    "patristicReading": {
      "title": "SERMON DE SAINT LÉON LE GRAND POUR LA PASSION",
      "subtitle": "Gloire et puissance de la croix",
      "content": "<p>Le Seigneur est livré à ceux qui le haïssent. Pour insulter sa dignité royale, on l’oblige à porter lui-même l’instrument de son supplice. Ainsi s’accomplissait l’oracle du prophète Isaïe&nbsp;: <i>Il a reçu sur ses épaules le pouvoir</i>. En se chargeant ainsi du bois de la croix, de ce bois qu’il allait transformer en <i>sceptre de sa force</i>, c’était certes aux yeux des impies un grand sujet de dérision mais, pour les fidèles, un mystère étonnant&nbsp;: Le vainqueur glorieux du démon, l’adversaire tout-puissant des puissances du mal, présentait sur ses épaules, avec une patience invincible, le trophée de sa victoire, le signe du salut, à l’adoration de tous les peuples. Comme la foule allait avec Jésus au lieu du supplice, on rencontra un certain Simon de Cyrène, et on fit passer le bois de la croix des épaules du Seigneur sur les siennes. Ce transfert préfigurait la foi des nations, pour qui la croix du Christ devait devenir, non un opprobre, mais une gloire. En vérité, <i>le Christ, notre Pâque, a été immolé</i>. Il s’est offert au Père en sacrifice nouveau et véritable de réconciliation, non dans le Temple, dont la dignité avait déjà pris fin, mais <i>à l’extérieur et hors du camp</i>, pour qu’à la place des victimes anciennes dont le mystère était aboli, une nouvelle victime fût présentée sur un nouvel autel, et que la croix du Christ fût cet autel, non plus du temple, mais du monde. Devant le Christ élevé en croix, il nous faut dépasser la représentation que s’en firent les impies, à qui fut destinée la parole de Moïse&nbsp;: <i>Votre vie sera suspendue sous vos yeux, et vous craindrez jour et nuit, sans pouvoir croire à cette vie</i>. Pour nous, accueillons d’un cœur libéré la gloire de la croix qui rayonne sur le monde. Pénétrons d’un regard éclairé par l’Esprit de vérité le sens de la parole du Seigneur annonçant l’imminence de sa Passion&nbsp;: <i>C’est maintenant le jugement du monde, c’est maintenant que le prince de ce monde va être jeté dehors. Et moi, une fois élevé de terre, j’attirerai tout à moi.</i> Ô admirable puissance de la croix&nbsp;! Ô gloire inexprimable de la Passion&nbsp;! En elle apparaît en pleine lumière le jugement du monde et la victoire du Crucifié&nbsp;! Oui, Seigneur, tu as tout attiré à toi&nbsp;! Alors que tu avais tendu les mains tout le jour vers un peuple rebelle, le monde entier comprit qu’il devait rendre gloire à ta majesté. Tu as tout attiré à toi, Seigneur, puisque, le voile du temple déchiré, le saint des saints devenu béant, la figure a fait place à la réalité, la prophétie à son accomplissement, la Loi à l’Évangile. Tu as tout attiré à toi, Seigneur, puisque la piété de toutes les nations célèbre partout, au vu et au su de tous, le mystère qui jusqu’alors était voilé sous des symboles dans un temple unique de Judée. Ta croix, ô Christ, est la source de toutes les bénédictions, la cause de toute grâce. Par elle, les croyants tirent de leur faiblesse la force, du mépris reçu la gloire, et de la mort la vie. Désormais, l’unique offrande de ton corps et de ton sang donne leur achèvement à tous les sacrifices, car tu es, ô Christ, le véritable <i>Agneau de Dieu,</i> toi <i>qui enlèves le péché du monde</i>. L’ensemble des mystères trouve en toi seul son sens plénier&nbsp;: au lieu d’une multitude de victimes, il n’y a plus qu’un unique sacrifice.</p>",
      "responsory": "<p>Ces hommes méprisés,Stance<br> ces femmes humiliées,<br> ces enfants que tout rejette,<br> ces meurtris, ces torturés,<br> tous ces visages bafoués&nbsp;:<br> Seigneur Jésus,<br> c’est toi qui me regardes.</p> <p>R/ Oserons-nous reconnaître<br> celui qui fut transpercé&nbsp;?</p> <p>Comme un surgeon,<br> il grandît devant nous,<br> comme une racine en terre aride.</p> <p>Il n’a ni beauté, ni éclat,<br> homme des douleurs,<br> rebut d’humanité.</p> <p>Mais ce sont nos souffrances qu’il porte,<br> nos misères dont il est accablé.</p> <p>Le châtiment qui nous rend la paix est sur lui,<br> et c’est grâce à ses plaies<br> que nous sommes guéris.</p>"
    },
    "verse": "<p>V/ Contre moi se sont levés de faux témoins,<br>ne respirant que violence.</p>",
    "oration": [
      "Regarde, Seigneur, nous t’en prions, la famille qui t’appartient&nbsp;: c’est pour elle que Jésus, le Christ, notre Seigneur, ne refusa pas d’être livré aux mains des méchants ni de subir le supplice de la croix. Lui qui règne."
    ]
  },
  "middleOfDay": {
    "psalmody": [
      {
        "psalm": "PSALM_118_10",
        "antiphon": [
          "Ant. À la troisième heure, ils crucifièrent Jésus. Ant. À la sixième heure, il y eut des ténèbres sur toute la terre. Ant. À la neuvième heure, Jésus s’écria d’une voix forte&nbsp;: Mon Dieu, mon Dieu, pourquoi m’as-tu abandonné&nbsp;? <!-- Astuce pour forcer l'affichage seul de l'antienne de l'office sélectionné --> <script>$('input[name=\"m_select_office\"]').trigger('change');</script>"
        ]
      },
      {
        "psalm": "PSALM_58"
      },
      {
        "psalm": "PSALM_59"
      }
    ],
    "oration": [
      "Regarde, Seigneur, nous t’en prions, la famille qui t’appartient&nbsp;: c’est pour elle que Jésus, le Christ, notre Seigneur, ne refusa pas d’être livré aux mains des méchants ni de subir le supplice de la croix. Lui qui règne."
    ]
  },
  "vespers": {
    "psalmody": [
      {
        "psalm": "PSALM_114",
        "antiphon": [
          "Hommes de toute la terre, venez et voyez ma douleur."
        ]
      },
      {
        "psalm": "PSALM_120",
        "antiphon": [
          "Le souffle en moi s’épuise, mon cœur au fond de moi s’épouvante."
        ]
      },
      {
        "psalm": "NT_11",
        "antiphon": [
          "Quand il eut pris le vinaigre, Jésus dit&nbsp;: Tout est achevé. Puis, inclinant la tête, il remit l’esprit."
        ]
      }
    ],
    "reading": {
      "biblicalReference": "1 P 2, 21b-24",
      "content": "Le Christ lui-même a souffert pour vous et vous a laissé son exemple afin que vous suiviez ses traces, lui qui n’a jamais commis de péché ni proféré de mensonge&nbsp;: couvert d’insultes, il n’insultait pas&nbsp;; accablé de souffrances, il ne menaçait pas, mais il confiait sa cause à Celui qui juge avec justice. Dans son corps, il a porté nos péchés sur le bois de la croix afin que nous puis­sions mourir à nos péchés et vivre dans la justice&nbsp;: c’est par ses blessures que vous avez été guéris."
    },
    "responsory": "<p>R/ Le Christ s’est fait pour nous obéissant<br> jusqu’à la mort,<br>et la mort de la croix.<br> V/ C’est pour cela que cette heure est venue.<br> Père, glorifie ton nom&nbsp;!R/ <br></p>",
    "evangelicAntiphon": {
      "common": "Quand nous étions encore ennemis de Dieu, Dieu nous a réconciliés avec lui par la mort de son Fils."
    },
    "intercession": {
      "content": "<p class=\"antienne rouge\">Il est conseillé de prendre ce soir la prière universelle du missel pour le Vendredi Saint, et de prier pour&nbsp;:</p> <p>l’unité de l’Église<br> le pape<br> les prêtres et les fidèles<br> les catéchumènes<br> l’unité entre les chrétiens<br> les Juifs,<br> ceux qui ne croient pas au Christ,<br> ceux qui refusent Dieu,<br> tous les peuples,<br> les affligés,<br> les défunts.</p> "
    },
    "oration": [
      "Regarde, Seigneur, nous t’en prions, la famille qui t’appartient&nbsp;: c’est pour elle que Jésus, le Christ, notre Seigneur, ne refusa pas d’être livré aux mains des méchants ni de subir le supplice de la croix. Lui qui règne."
    ]
  }
}