{
  "invitatory": {
    "antiphon": [
      "Approchons-nous de Dieu en rendant grâce."
    ]
  },
  "readings": {
    "biblicalReading": {
      "title": "Reviens, Dieu t’aimera de bon cœur",
      "ref": "Os 14, 2-10",
      "content": "<p>Reviens, Israël, au SEIGNEUR ton Dieu&nbsp;; car tu t’es effondré par suite de tes fautes. Revenez au SEIGNEUR en lui présentant ces paroles&nbsp;: «&nbsp;Enlève toutes les fautes, et accepte ce qui est bon. Au lieu de taureaux, nous t’offrons en sacrifice les paroles de nos lèvres. Puisque les Assyriens ne peuvent pas nous sauver, nous ne monterons plus sur des chevaux, et nous ne dirons plus à l’ouvrage de nos mains&nbsp;: “Tu es notre Dieu”, car de toi seul l’orphelin reçoit de la tendresse.&nbsp;» Voici la réponse du SEIGNEUR&nbsp;: Je les guérirai de leur infidélité, je les aimerai d’un amour gratuit, car ma colère s’est détournée d’Israël. Je serai pour Israël comme la rosée, il fleurira comme le lis, il étendra ses racines comme les arbres du Liban. Ses jeunes pousses vont grandir, sa parure sera comme celle de l’olivier, son parfum, comme celui de la forêt du Liban. Ils reviendront s’asseoir à son ombre, ils feront revivre le froment, ils fleuriront comme la vigne, ils seront renommés comme le vin du Liban. Éphraïm&nbsp;! Peux-tu me confondre avec les idoles&nbsp;? C’est moi qui te réponds et qui te regarde. Je suis comme le cyprès toujours vert, c’est moi qui te donne ton fruit. Qui donc est assez sage pour comprendre ces choses, assez pénétrant pour les saisir&nbsp;? Oui, les chemins du SEIGNEUR sont droits&nbsp;: les justes y avancent, mais les pécheurs y trébuchent.</p>",
      "responsory": "<p>R/ Seigneur, ton amour déborde les cieux&nbsp;;<br> ta vérité surpasse les nués.</p> <p>Je guérirai leur infidélité,<br> je les aimerai de bon cœur,<br> car ma colère s’est détournée d’eux.</p> <p>Comme le Père m’a aimé,<br> moi aussi, je vous ai aimés&nbsp;;<br> demeurez dans mon amour.</p>"
    },
    "patristicReading": {
      "title": "Traité de Théodoret de Cyr sur l’Incarnation du Seigneur",
      "subtitle": "«&nbsp;Je guérirai leur infidélité...&nbsp;»",
      "content": "<p>Jésus s’achemine de son plein gré vers les souffrances annoncées par l’Écriture. Il les avait souvent prédites aux disciples et il avait même repris sévèrement Pierre qui avait accueilli leur annonce avec déplaisir. Enfin, il avait montré qu’elles réaliseraient le salut du monde. C’est pourquoi il se désigna lui-même aux hommes qui venaient l’arrêter, en disant&nbsp;: <i>Je suis celui que vous cherchez</i>. Lorsqu’on l’accusa, il ne répondit pas et, alors qu’il pouvait se cacher, il s’y refusa&nbsp;: pourtant, à plusieurs reprises, il avait préféré se dérober à leurs pièges. Il pleure sur Jérusalem qui, par son incrédulité, attirait sur elle la ruine et il décrète la destruction totale du Temple jadis si fameux. Il supporte d’être frappé à la tête par un serviteur doublement servile&nbsp;; il est giflé, couvert de crachats, outragé, torturé, flagellé et finalement crucifié. Il accepte que deux bandits, à sa droite et à sa gauche, soient associés à son supplice&nbsp;; mis au rang des meurtriers et des criminels, il récolte le vinaigre et le fiel, fruits d’une vigne mauvaise&nbsp;; il est par moquerie frappé d’un roseau, percé au côté par la lance et enfin mis au tombeau. Il a souffert tout cela en réalisant notre salut. Ceux qui s’étaient asservis au péché se trouvaient exposés aux châtiments du péché. Mais lui, qui était indemne de tout péché et qui avait toujours suivi le chemin de la justice, subit le supplice des pécheurs, et annule par sa croix la sentence de l’antique malédiction. En effet, dit saint Paul, <i>le Christ nous a rachetés de la malédiction de la Loi en devenant lui-même malédiction pour nous, puisqu’il est écrit&nbsp;: Maudit quiconque est pendu au bois</i>. Et, par ses épines, il a mis fin aux châtiments infligés à Adam, puisque celui-ci, après son péché, avait entendu cette sentence&nbsp;: <i>Maudit soit le sol à cause de toi&nbsp;! Il produira pour toi épines et chardons</i>. Avec le fiel, il a pris pour lui ce qu’il y a d’amer et de pénible dans la vie mortelle et douloureuse des hommes&nbsp;; avec le vinaigre, il a accepté la dégénérescence de la nature humaine et il lui a accordé sa restauration dans un état meilleur. Par la pourpre, il a symbolisé sa royauté&nbsp;; par le roseau, il a suggéré combien la puissance du démon était faible et fragile. Par la gifle, il a proclamé notre affranchissement, en supportant les violences, les corrections et les fouets qui nous étaient dus. Il a été frappé au côté, ce qui le fait ressembler à Adam. Mais, loin d’en faire sortir la femme qui, par son égarement, a enfanté la mort, il en a fait jaillir une source de vie. Celle-ci donne la vie au monde par un double ruisseau. L’un, dans le baptistère, nous rénove et nous revêt de la robe d’immortalité&nbsp;; l’autre, après cet enfantement, nous alimente à la table de Dieu, ainsi qu’on allaite les nouveau-nés.</p>",
      "responsory": "<p>R/ Seigneur Jésus, tu étais méprisé,<br> mais c’était nos souffrances que tu portais.</p> <p>Ils ont pesé son salaire&nbsp;: trente pièces d’argent.<br> Voilà, dit le Seigneur, le beau prix<br> auquel ils m’ont apprécié.</p> <p>L’homme ne peut payer sa rançon,<br> mais toi, mon Dieu, tu rachèteras ma vie<br> à la puissance de la mort.</p>"
    },
    "oration": [
      "Accorde-nous, Dieu tout-puissant, de conformer à ta volonté nos paroles et nos actes dans une inlassable recherche des biens spirituels."
    ]
  },
  "sundayEvangelicAntiphonA": "Vers la fin de la nuit, Jésus s’avança en marchant sur la mer&nbsp;: C’est moi, ne craignez pas&nbsp;!",
  "sundayEvangelicAntiphonB": "Nul ne vient à moi, si le Père ne l’attire.",
  "sundayEvangelicAntiphonC": "Là où est ton trésor, là aussi sera ton cœur."
}