{
  "invitatory": {
    "antiphon": [
      "Adorons le Seigneur, c’est lui qui nous a faits."
    ]
  },
  "readings": {
    "biblicalReading": {
      "title": "Vision de paix messianique",
      "ref": "Mi 4, 1-7",
      "content": "<p>Il arrivera dans les derniers jours que la montagne de la maison du SEIGNEUR se tiendra plus haut que les monts, elle s’élèvera au-dessus des collines. Vers elle afflueront des peuples et viendront des nations nombreuses. Elles diront&nbsp;: «&nbsp;Venez&nbsp;! montons à la montagne du SEIGNEUR, à la maison du Dieu de Jacob&nbsp;! Qu’il nous enseigne ses chemins, et nous irons par ses sentiers.&nbsp;» Oui, la loi sortira de Sion, Il sera le juge entre des peuples nombreux et, jusqu’aux lointains, l’arbitre de nations puissantes. De leurs épées, ils forgeront des socs, et de leurs lances, des faucilles. Jamais nation contre nation ne lèvera l’épée&nbsp;; ils n’apprendront plus la guerre. Chacun pourra s’asseoir sous sa vigne et son figuier, et personne pour l’inquiéter. La bouche du SEIGNEUR de l’univers a parlé&nbsp;! Oui, tous les peuples marchent, chacun au nom de son dieu&nbsp;; mais nous, nous marchons au nom du SEIGNEUR, notre Dieu, pour toujours et à jamais. Ce jour-là —&nbsp;oracle du SEIGNEUR&nbsp;—, je rassemblerai les brebis boiteuses, je réunirai les égarées, et celles que j’avais maltraitées. Des boiteuses je ferai le reste d’Israël, de celles qui sont mises à l’écart, une nation puissante. Le SEIGNEUR régnera sur eux à la montagne de Sion, dès maintenant et à jamais.</p>",
      "responsory": "<p>R/ Venez, montons à la montagne du Seigneur,<br> pour qu’il nous enseigne ses voies.</p> <p>Moi, le Seigneur, je t’enseigne ce qui est salutaire&nbsp;;<br> je te fais cheminer sur les sentiers où tu marches.</p> <p>Je suis le chemin, la vérité et la vie&nbsp;;<br> qui me suit ne marche pas dans les ténèbres.</p>"
    },
    "patristicReading": {
      "title": "SERMON DE SAINT AUGUSTIN SUR LE PSAUME 47",
      "subtitle": "L’Église tirée des nations",
      "content": "<p><i>Tout ce que nous avions entendu dire, nous l’avons vu</i>. Bienheureuse Église&nbsp;! À une époque tu as entendu, à une époque tu as vu. Elle a entendu les promesses, elle voit les réalisations&nbsp;; elle a entendu avec la prophétie, elle voit avec l’Évangile. Car tout ce qui s’accomplit maintenant a été prophétisé auparavant. Lève les yeux et regarde à travers le monde&nbsp;; constate que ton héritage va jusqu’aux extrémités de la terre&nbsp;; constate qu’elle est déjà réalisée, cette parole&nbsp;: <i>Tous les rois de la terre se prosterneront devant lui, toutes les nations le serviront</i>. Constate la réalisation de cette parole&nbsp;: <i>Dieu, élève-toi sur les cieux, que ta gloire domine la terre&nbsp;!</i> Regarde celui dont les pieds et les mains ont été cloués, dont on a pu compter les os tandis qu’il était suspendu à la croix, dont les vêtements ont été tirés au sort&nbsp;; constate qu’il règne, celui qu’on a vu crucifié&nbsp;; constate qu’il trône dans le ciel, celui qu’on a méprisé tandis qu’il marchait sur la terre. Constate donc que ceci est réalisé&nbsp;: <i>Tous les confins de la terre se souviendront, et reviendront vers le Seigneur&nbsp;; toutes les familles des nations se prosterneront devant lui</i>. En voyant cela, exclame-toi joyeusement&nbsp;: <i>Tout ce que nous avions entendu dire, nous l’avons vu.</i> C’est donc à juste titre qu’on l’appelle «&nbsp;Église tirée des nations&nbsp;». <i>Écoute, ma fille, et vois&nbsp;; oublie ton peuple et la maison de ton père</i>. ~ Écoute, et vois ~&nbsp;: d’abord écoute ce que tu ne vois pas&nbsp;; ensuite tu verras ce que tu as écouté. Le Seigneur a dit&nbsp;: <i>Un peuple que je ne connaissais pas s’est mis a mon service&nbsp;; dès qu’il m’a entendu, il a obéi</i>. S’il a <i>obéi dès qu’il a entendu</i>, c’est donc qu’il n’a pas vu. Et où s’est-elle réalisée, cette parole&nbsp;: <i>Ils verront, ceux à qui on ne l’avait pas annoncé&nbsp;; et ils comprendront, ceux qui n’avaient pas entendu parler&nbsp;?</i> Ceux à qui les prophètes n’avaient pas été envoyés, c’est eux qui ont été les premiers à entendre et à comprendre les prophètes. Et ceux qui n’avaient pas été les premiers à entendre, dans la suite ont admiré ceux qui avaient entendu. Ceux à qui les prophètes ont été envoyés sont restés là, porteurs des livres et ne comprenant pas la vérité&nbsp;; détenteurs des tables de l’alliance et ne jouissant pas de l’héritage. Mais nous, <i>tout ce que nous avions entendu dire, nous l’avons vu.</i> <i>Dans la cité du Seigneur de l’univers, dans la cité de notre Dieu</i>. C’est là que nous avons entendu, c’est là aussi que nous voyons.~ <i>Dieu l’a fondée pour toujours</i>. ~ Qu’ils ne se vantent pas, ceux qui disent&nbsp;: <i>Voici que le Christ est ici, voici qu’il est là</i>. Celui qui parle ainsi favorise la division. Or, Dieu a promis l’unité&nbsp;: <i>les rois ont été rassemblés dans l’unité,</i> ils n’ont pas été dispersés par leur désunion. Mais peut-être que cette cité qui a dominé le monde sera un jour renversée, contrairement à la parole&nbsp;: <i>Dieu l’a fondée pour toujours</i>. Si Dieu l’a fondée pour toujours, comment peux-tu craindre la chute de celui qui la soutient&nbsp;?</p>",
      "responsory": "<p>R/ Gloire au Seigneur, c’est lui notre Dieu&nbsp;!</p> <p>Il nous a délivrés de la servitude,<br> avec autorité et puissance.</p> <p>Jadis vous n’étiez pas un peuple&nbsp;;<br> vous êtes maintenant le peuple de Dieu.</p> <p>Vous êtes la race élue, la nation sainte,<br> le peuple que Dieu s’est acquis.</p>"
    },
    "oration": [
      "Seigneur notre Père, nous en appelons à ta providence qui jamais ne se trompe en ses desseins&nbsp;: tout ce qui fait du mal, écarte-le, et donne-nous ce qui peut nous aider."
    ]
  },
  "sundayEvangelicAntiphonA": "Vers la fin de la nuit, Jésus s’avança en marchant sur la mer&nbsp;: C’est moi, ne craignez pas&nbsp;!",
  "sundayEvangelicAntiphonB": "Nul ne vient à moi, si le Père ne l’attire.",
  "sundayEvangelicAntiphonC": "Là où est ton trésor, là aussi sera ton cœur."
}