{
  "invitatory": {
    "antiphon": [
      "Allez vers le Seigneur parmi les chants d’allégresse."
    ]
  },
  "readings": {
    "biblicalReading": {
      "title": "Un trésor dans un vase d’argile",
      "ref": "2Co 4, 5-18",
      "content": "<p>En effet, ce que nous proclamons, ce n’est pas nous-mêmes&nbsp;; c’est ceci&nbsp;: Jésus Christ est le Seigneur&nbsp;; et nous sommes vos serviteurs, à cause de Jésus. Car Dieu qui a dit&nbsp;: <i>Du milieu des ténèbres brillera la lumière</i>, a lui-même brillé dans nos cœurs pour faire resplendir la connaissance de sa gloire qui rayonne sur le visage du Christ. Mais ce trésor, nous le portons comme dans des vases d’argile&nbsp;; ainsi, on voit bien que cette puissance extraordinaire appartient à Dieu et ne vient pas de nous. En toute circonstance, nous sommes dans la détresse, mais sans être angoissés&nbsp;; nous sommes déconcertés, mais non désemparés&nbsp;; nous sommes pourchassés, mais non pas abandonnés&nbsp;; terrassés, mais non pas anéantis. Toujours nous portons, dans notre corps, la mort de Jésus, afin que la vie de Jésus, elle aussi, soit manifestée dans notre corps. En effet, nous, les vivants, nous sommes continuellement livrés à la mort à cause de Jésus, afin que la vie de Jésus, elle aussi, soit manifestée dans notre condition charnelle vouée à la mort. Ainsi la mort fait son œuvre en nous, et la vie en vous. L’Écriture dit&nbsp;: <i>J’ai cru, c’est pourquoi j’ai parlé</i>. Et nous aussi, qui avons le même esprit de foi, nous croyons, et c’est pourquoi nous parlons. Car, nous le savons, celui qui a ressuscité le Seigneur Jésus nous ressuscitera, nous aussi, avec Jésus, et il nous placera près de lui avec vous. Et tout cela, c’est pour vous, afin que la grâce, plus largement répandue dans un plus grand nombre, fasse abonder l’action de grâce pour la gloire de Dieu. C’est pourquoi nous ne perdons pas courage, et même si en nous l’homme extérieur va vers sa ruine, l’homme intérieur se renouvelle de jour en jour. Car notre détresse du moment présent est légère par rapport au poids vraiment incomparable de gloire éternelle qu’elle produit pour nous. Et notre regard ne s’attache pas à ce qui se voit, mais à ce qui ne se voit pas&nbsp;; ce qui se voit est provisoire, mais ce qui ne se voit pas est éternel.</p>",
      "responsory": "<p>R/ L’abondance de la grâce<br> fait abonder l’action de grâce à la gloire de Dieu.</p> <p>Nous portons en notre corps la mort de Jésus,<br> afin que sa vie<br> soit aussi manifestée dans notre corps.</p> <p>Celui qui a ressuscité le Seigneur Jésus<br> nous ressuscitera, nous aussi,<br> et nous placera près de lui.</p>"
    },
    "patristicReading": {
      "title": "COMMENTAIRE DE SAINT AMBROISE SUR LE PSAUME 43",
      "subtitle": "Que Dieu nous éclaire par la lumière de son visage",
      "content": "<p><i>Pourquoi détournes-tu ton visage&nbsp;?</i> Nous croyons que Dieu détourne son visage quand nous sommes dans l’affliction au point que les ténèbres recouvrent notre cœur et empêchent nos yeux de recevoir l’éclat de la vérité&nbsp;! En effet, si Dieu veille sur notre intelligence et daigne visiter notre esprit, nous sommes certains que rien ne pourra nous plonger dans l’obscurité. Car le visage de l’homme est plus lumineux que les autres membres de son corps&nbsp;; et, lorsque nous regardons quelqu’un, nous le découvrons s’il est inconnu, et nous le reconnaissons s’il est connu, parce qu’il ne peut échapper à notre regard. Or, combien plus le visage de Dieu éclaire-t-il celui qu’il regarde&nbsp;? La belle parole de l’Apôtre, qui est vraiment l’interprète du Christ, concerne cela comme le reste, pour éclairer vos esprits par une pensée et une sentence appropriées. Il affirme en effet&nbsp;: <i>Dieu a dit&nbsp;: Que la lumière brille au milieu des ténèbres. Et c’est lui-même qui a brillé dans nos cœurs pour faire resplendir la connaissance de la gloire qui rayonne sur le visage du Christ</i>. Nous venons d’apprendre quel endroit de notre être reçoit la lumière du Christ. Il est en effet le rayon éternel des cœurs, et le Père l’a envoyé sur la terre pour que nous soyons éclairés par son visage. C’est ainsi que nous pouvons contempler les réalités éternelles et célestes, alors que nous étions auparavant captifs de l’obscurité terrestre. Pourquoi parler du Christ, alors que l’Apôtre Pierre a dit à l’homme boiteux de naissance&nbsp;: <i>Regarde-nous&nbsp;?</i> Il regarda Pierre et fut éclairé par la grâce de la foi. Car il n’aurait pas été guéri s’il n’avait pas cru. Par conséquent, alors qu’il y avait une telle gloire chez les Apôtres, quand Zachée apprit le passage du Seigneur Jésus, il monta sur un arbre, parce que sa petite taille l’empêchait de le voir au milieu de la foule. Il vit le Christ et il trouva la lumière, il le vit, et lui, qui auparavant dérobait l’argent des autres, apporta le sien. ~ <i>Pourquoi détournes-tu ton visage&nbsp;?</i> C’est-à-dire&nbsp;: Bien que tu détournes de nous ton visage, cependant, <i>la lumière de ton visage, Seigneur, est imprimée en nous</i>. Nous le gardons en nous et il resplendit dans notre cœur, car personne ne pourrait survivre si tu détournais ton visage.</p>",
      "responsory": "<p>R/ Christ est notre lumière, notre soleil levant&nbsp;!</p> <p>Qui regarde vers lui resplendira,<br> point d’ombre sur son visage.</p> <p>Il vient nous visiter,<br> en lui la joie de notre cœur.</p>"
    },
    "oration": [
      "Dieu qui donnes la preuve suprême de ta puissance, lorsque tu patientes et prends pitié, sans te lasser, accorde-nous ta grâce&nbsp;: en nous hâtant vers les biens que tu promets, nous parviendront au bonheur du ciel."
    ]
  },
  "sundayEvangelicAntiphonA": "Laissez grandir le blé et l’ivraie jusqu’au temps de la moisson.",
  "sundayEvangelicAntiphonB": "Voyant la foule, Jésus fut saisi de pitié&nbsp;: ils étaient comme des brebis sans berger.",
  "sundayEvangelicAntiphonC": "Marie a choisi la part la meilleure et cette part ne lui sera pas ôtée"
}