{
  "invitatory": {
    "antiphon": [
      "Béni sois-tu, Seigneur, Dieu de tendresse et d’amour."
    ]
  },
  "readings": {
    "biblicalReading": {
      "title": "Dieu te fiancera à lui pour toujours",
      "ref": "Os 2, 4a-b.8-25",
      "content": "<p>Accusez votre mère, accusez-la, car elle n’est plus ma femme, et moi, je ne suis plus son mari&nbsp;! Qu’elle écarte de son visage ses prostitutions. C’est pourquoi je vais obstruer son chemin avec des ronces, le barrer d’une barrière&nbsp;: elle ne trouvera plus ses sentiers. Elle poursuivra ses amants sans les atteindre, elle les cherchera sans les trouver. Alors elle dira&nbsp;: «&nbsp;Je vais revenir à mon premier mari, car j’étais autrefois plus heureuse que maintenant.&nbsp;» Elle ne savait donc pas que c’est moi qui lui avais donné le froment, le vin nouveau et l’huile fraîche, moi qui lui avais prodigué de l’argent, et l’or utilisé pour Baal&nbsp;! C’est pourquoi je reviendrai, je reprendrai mon froment en sa saison et mon vin nouveau en son temps&nbsp;; j’arracherai ma laine et mon lin dont elle couvrait sa nudité. Alors je dévoilerai sa honte aux yeux de ses amants, et nul ne la délivrera de ma main. Je mettrai fin à toute sa gaieté, à ses fêtes, ses nouvelles lunes, ses sabbats, et à toutes ses solennités. Je dévasterai sa vigne et son figuier dont elle disait&nbsp;: «&nbsp;Ils sont à moi, c’est le salaire que m’ont donné mes amants.&nbsp;» Je les changerai en friche et les bêtes sauvages les dévoreront. Je sévirai contre elle à cause des jours des Baals, quand elle brûlait pour eux de l’encens, se parait de ses anneaux et de son collier, et courait après ses amants. Et moi, elle m’oubliait&nbsp;! —&nbsp;oracle du SEIGNEUR. C’est pourquoi, mon épouse infidèle, je vais la séduire, je vais l’entraîner jusqu’au désert, et je lui parlerai cœur à cœur. Et là, je lui rendrai ses vignobles, et je ferai du Val d’Akor (c’est-à-dire «&nbsp;de la Déroute&nbsp;») la porte de l’espérance. Là, elle me répondra comme au temps de sa jeunesse, au jour où elle est sortie du pays d’Égypte. En ce jour-là —&nbsp;oracle du SEIGNEUR&nbsp;—, voici ce qui arrivera&nbsp;: Tu m’appelleras&nbsp;: «&nbsp;Mon époux&nbsp;» et non plus&nbsp;: «&nbsp;Mon Baal&nbsp;» (c’est-à-dire «&nbsp;mon maître&nbsp;»). J’éloignerai de ses lèvres les noms des Baals, on ne prononcera plus leurs noms. En ce jour-là je conclurai à leur profit une alliance avec les bêtes sauvages, avec les oiseaux du ciel et les bestioles de la terre&nbsp;; l’arc, l’épée et la guerre, je les briserai pour en délivrer le pays&nbsp;; et ses habitants, je les ferai reposer en sécurité. Je ferai de toi mon épouse pour toujours, je ferai de toi mon épouse dans la justice et le droit, dans la fidélité et la tendresse&nbsp;; je ferai de toi mon épouse dans la loyauté, et tu connaîtras le SEIGNEUR. En ce jour-là je répondrai —&nbsp;oracle du SEIGNEUR&nbsp;; oui, je répondrai aux cieux, eux, ils répondront à l’appel de la terre&nbsp;; la terre répondra au froment, au vin nouveau et à l’huile fraîche, eux, ils répondront à la «&nbsp;Vallée-de-la-fertilité&nbsp;». Je m’en ferai une terre ensemencée, J’aimerai celle qu’on appelait «&nbsp;Pas-Aimée&nbsp;» et à celui qu’on appelait «&nbsp;Pas-mon-Peuple&nbsp;», je dirai&nbsp;: «&nbsp;Tu es mon peuple&nbsp;», et il dira&nbsp;: «&nbsp;Tu es mon Dieu&nbsp;!&nbsp;»</p>",
      "responsory": "<p>R/ Heureux les invités aux noces de l’Agneau.</p> <p>Soyez dans la joie et l’allégresse&nbsp;:<br> voici les noces de l’Agneau<br> et son épouse s’est faite belle.</p> <p>Je te fiancerai à moi pour toujours,<br> dans l’amour et dans la fidélité.<br> Tu sauras que je suis le Seigneur.</p>"
    },
    "patristicReading": {
      "title": "LE CANTIQUE SPIRITUEL PAR SAINT JEAN DE LA CROIX",
      "subtitle": "«&nbsp;Je te fiancerai à moi pour toujours&nbsp;»",
      "content": "<p>Une fois que l’âme est unie à Dieu, transformée en lui, elle aspire Dieu en Dieu, et cette aspiration est celle même de Dieu, car l’âme étant transformée en lui, il l’aspire elle-même en soi. C’est là, je pense, ce que saint Paul a voulu dire par ces mots&nbsp;: <i>Voici la preuve que vous êtes des fils&nbsp;: envoyé par Dieu, l’Esprit de son Fils est dans nos cœurs, et il crie vers le Père en l’appelant&nbsp;: Abba&nbsp;!</i> Voilà ce qui a lieu chez les parfaits. Ne nous étonnons pas toutefois de savoir l’âme capable de parvenir à une telle élévation. Dès lors, en effet, que Dieu lui donne la grâce de devenir déiforme et unie à la Très Sainte Trinité, elle devient Dieu par participation&nbsp;; comment serait-il incroyable qu’elle exerce ses œuvres d’entendement, de connaissance et d’amour dans la Sainte Trinité, avec elle, comme elle, quoique d’une manière participée, Dieu les opérant en elle&nbsp;? Puisqu’il en est ainsi, il est impossible d’atteindre une plus haute sagesse, une plus haute puissance&nbsp;; on peut seulement donner à entendre comment le Fils de Dieu nous a obtenu d’arriver à un état si sublime et nous a mérité cette faveur si précieuse, comme dit saint Jean, de pouvoir être les enfants de Dieu. Aussi, dit encore saint Jean, il a adressé à son Père cette supplique&nbsp;: <i>Père, ceux que tu m’as donnés, je veux que là où je suis, eux aussi soient avec moi, et qu’ils contemplent ma gloire, celle que tu m’as donnée</i>. Cela veut dire&nbsp;: Qu’ils accomplissent par leur participation en nous la même œuvre que j’accomplis par nature, c’est-à-dire qu’ils aspirent le Saint-Esprit. Il a dit encore&nbsp;: <i>Père, je ne prie pas seulement pour ceux qui sont ici présents, mais pour tous ceux qui, grâce à leur prédication, doivent croire en moi&nbsp;: Que tous soient un, comme toi, Père, tu es en moi, et moi en toi. Qu’ils soient un en nous, eux aussi. La gloire que tu m’as donnée, je la leur ai donnée, afin qu’ils soient un comme nous sommes un, moi en eux et eux en moi, afin qu’ils soient parfaits dans l’unité, pour que le monde sache que ta m’as envoyé, et que tu les as aimés comme tu m’as aimé</i>. Il leur communique donc le même amour qu’à son Fils, bien que ce ne soit pas naturellement comme à son Fils mais comme nous l’avons dit, par unité et transformation d’amour&nbsp;; de même il ne faut pas croire ici que le Fils veuille dire au Père que les saints soient un par essence et par nature comme le sont le Père et le Fils, mais qu’ils le sont par union d’amour, comme le Père et le Fils le sont par unité d’amour. Les âmes possèdent donc par participation les mêmes biens que lui par nature&nbsp;: d’où elles sont véritablement dieux par participation, égales à Dieu et ses compagnes. C’est ce que dit saint Pierre par ces paroles&nbsp;: <i>Que la grâce et la paix vous soient accordées en abondance par la véritable connaissance de Dieu et de Jésus notre Seigneur. En effet, sa puissance divine nous a fait don de tout ce qu’il faut pour vivre en hommes religieux, grâce à la véritable connaissance de Celui qui nous a appelés par la gloire et la force qui lui appartiennent. Ainsi, Dieu nous a fait don des grandes richesses promises et vous deviendrez participants de la nature divine</i>. Ces paroles montrent que l’âme participe à la nature de Dieu, en accomplissant en lui et avec lui l’œuvre de la Très Sainte Trinité, de la manière dont nous avons parlé, à cause de l’union substantielle qu’il y a entre l’âme et Dieu. Ces merveilles, sans doute, ne s’accomplissent d’une manière parfaite que dans l’autre vie. Néanmoins quand l’âme arrive ici-bas à cet état de perfection, elle en voit les grands traits, elle en goûte les prémices... Ô âmes créées pour de telles grandeurs&nbsp;! ô vous qui êtes appelées à les posséder&nbsp;! Que faites-vous&nbsp;? À quoi vous occupez-vous&nbsp;? Ô triste aveuglement&nbsp;! Les yeux de votre âme ne voient plus&nbsp;! En présence d’une lumière si éclatante vous restez aveuglés&nbsp;! Quand des voix si puissantes se font entendre, vous restez sourds&nbsp;!</p>",
      "responsory": "<p>R/ La vérité nous libère,<br> l’homme libre rend gloire à Dieu.</p> <p>Voici l’amour de Dieu&nbsp;:<br> marche dans la voie des commandements.</p> <p>Voici les commandements de Dieu&nbsp;:<br> marche dans la voie de l’amour.</p>"
    },
    "oration": [
      "Dans ton amour inlassable, Seigneur, veille sur ta famille&nbsp;; et puisque ta grâce est notre unique espoir, garde-nous sous ta constante protection."
    ]
  },
  "sundayEvangelicAntiphonA": "Prenant les pains, Jésus rendit grâce, les rompit et les donna. Et tous mangèrent à leur faim.",
  "sundayEvangelicAntiphonB": "Ne cherchez pas la nourriture qui périt, mais celle qui fait vivre pour l’éternité.",
  "sundayEvangelicAntiphonC": "Malheur à qui amasse pour lui-même&nbsp;! Heureux qui est riche en vue de Dieu&nbsp;!"
}