{
  "invitatory": {
    "antiphon": [
      "Adorons le Seigneur, c’est lui qui nous a faits."
    ]
  },
  "readings": {
    "biblicalReading": {
      "title": "Élie défenseur de l’opprimé",
      "ref": "1R 21, 1-21.27-29",
      "content": "<p>Naboth, de la ville de Yizréel, possédait une vigne à côté du palais d’Acab, roi de Samarie. Acab dit un jour à Naboth&nbsp;: «&nbsp;Cède-moi ta vigne&nbsp;; elle me servira de jardin potager, car elle est juste à côté de ma maison&nbsp;; je te donnerai en échange une vigne meilleure, ou, si tu préfères, je te donnerai l’argent qu’elle vaut.&nbsp;» Naboth répondit à Acab&nbsp;: «&nbsp;Que le SEIGNEUR me préserve de te céder l’héritage de mes pères&nbsp;!&nbsp;» Acab retourna chez lui sombre et irrité, parce que Naboth lui avait dit&nbsp;: «&nbsp;Je ne te céderai pas l’héritage de mes pères.&nbsp;» Il se coucha sur son lit, tourna son visage vers le mur, et refusa de manger. Sa femme Jézabel vint lui dire&nbsp;: «&nbsp;Pourquoi es-tu de mauvaise humeur&nbsp;? Pourquoi ne veux-tu pas manger&nbsp;?&nbsp;» Il répondit&nbsp;: «&nbsp;J’ai parlé à Naboth de Yizréel. Je lui ai dit&nbsp;: “Cède-moi ta vigne pour de l’argent, ou, si tu préfères, pour une autre vigne en échange.” Mais il a répondu&nbsp;: “Je ne te céderai pas ma vigne&nbsp;!”&nbsp;» Alors sa femme Jézabel lui dit&nbsp;: «&nbsp;Est-ce que tu es le roi d’Israël, oui ou non&nbsp;? Lève-toi, mange, et retrouve ta bonne humeur&nbsp;: moi, je vais te donner la vigne de Naboth.&nbsp;» Elle écrivit des lettres au nom d’Acab, elle les scella du sceau royal, et elle les adressa aux anciens et aux notables de la ville où habitait Naboth. Elle avait écrit dans ces lettres&nbsp;: «&nbsp;Proclamez un jeûne, faites comparaître Naboth devant le peuple. Placez en face de lui deux vauriens, qui témoigneront contre lui&nbsp;: “Tu as maudit Dieu et le roi&nbsp;!” Ensuite, faites-le sortir de la ville, lapidez-le, et qu’il meure&nbsp;!&nbsp;» Les anciens et les notables qui habitaient la ville de Naboth firent ce que Jézabel avait ordonné dans ses lettres. Ils proclamèrent un jeûne et firent comparaître Naboth devant le peuple. Alors arrivèrent les deux individus qui se placèrent en face de lui et portèrent contre lui ce témoignage&nbsp;: «&nbsp;Naboth a maudit Dieu et le roi.&nbsp;» On fit sortir Naboth de la ville, on le lapida, et il mourut. Puis on envoya dire à Jézabel&nbsp;: «&nbsp;Naboth a été lapidé et il est mort.&nbsp;» Lorsque Jézabel en fut informée, elle dit à Acab&nbsp;: «&nbsp;Va, prends possession de la vigne de ce Naboth qui a refusé de la céder pour de l’argent, car il n’y a plus de Naboth&nbsp;: il est mort.&nbsp;» Quand Acab apprit que Naboth était mort, il se rendit à la vigne de Naboth et en prit possession. La parole du SEIGNEUR fut adressée au prophète Élie de Tishbé&nbsp;: «&nbsp;Lève-toi, va trouver Acab, qui règne sur Israël à Samarie. Il est en ce moment dans la vigne de Naboth, où il s’est rendu pour en prendre possession. Tu lui diras&nbsp;: “Ainsi parle le SEIGNEUR&nbsp;: Tu as commis un meurtre, et maintenant tu prends possession. C’est pourquoi, ainsi parle le SEIGNEUR&nbsp;: À l’endroit même où les chiens ont lapé le sang de Naboth, les chiens laperont ton sang à toi aussi.”&nbsp;» Acab dit à Élie&nbsp;: «&nbsp;Tu m’as donc retrouvé, toi, mon ennemi&nbsp;!&nbsp;» Élie répondit&nbsp;: «&nbsp;Oui, je t’ai retrouvé. Puisque tu t’es déshonoré en faisant ce qui est mal aux yeux du SEIGNEUR, je vais faire venir sur toi le malheur&nbsp;: je supprimerai ta descendance, j’exterminerai tous les mâles de ta maison, esclaves ou hommes libres en Israël. Quand Acab entendit les paroles prononcées par Élie, il déchira ses habits, se couvrit le corps d’une toile à sac —&nbsp;un vêtement de pénitence —&nbsp;; et il jeûnait, il gardait la toile à sac pour dormir, et il marchait lentement. Alors la parole du SEIGNEUR fut adressée à Élie&nbsp;: «&nbsp;Tu vois comment Acab s’est humilié devant moi&nbsp;! Puisqu’il s’est humilié devant moi, je ne ferai pas venir le malheur de son vivant&nbsp;; c’est sous le règne de son fils que je ferai venir le malheur sur sa maison.&nbsp;»</p>",
      "responsory": "<p>R/ Homme de douleur, innocent et méprisé,<br> c’était nos souffrances que tu portais.</p> <p>Vous avez condamné et tué le juste,<br> il ne vous résiste pas.</p> <p>Voyez votre misère, prenez le deuil et pleurez.<br> Humiliez-vous devant le Seigneur, il vous élèvera.</p>"
    },
    "patristicReading": {
      "title": "TRAITÉ DE SAINT AMBROISE SUR LES MYSTÈRES",
      "subtitle": "L’eau ne purifie pas sans l’Esprit",
      "content": "<p>On te l’a déjà dit&nbsp;: ne crois pas seulement ce que tu vois, car tu pourrais dire, toi aussi, comme Naaman&nbsp;: C’est cela, ce grand mystère <i>que l’œil n’a pas vu, que l’oreille n’a pas entendu, et qui n’est pas parvenu à la pensée de l’homme&nbsp;?</i> Je vois de l’eau comme j’en voyais tous les jours&nbsp;! Peut-elle me purifier, alors que j’y suis descendu souvent sans être jamais purifié&nbsp;? Apprends par là que l’eau ne purifie pas sans l’Esprit. Et c’est pour cela que tu as lu qu’il y a dans le baptême <i>trois</i> témoins <i>qui se rejoignent en un seul témoignage</i>&nbsp;: eau, le sang et l’Esprit. Car, si tu en retires un seul, le sacrement de baptême disparaît. Qu’est-ce que l’eau, en effet, sans la croix du Christ&nbsp;? Un élément ordinaire, sans aucune portée sacramentelle. Et de même, sans eau il n’y pas de mystère de la nouvelle naissance, car <i>personne, à moins de naître de l’eau et de l’Esprit, ne peut entrer dans le royaume de Dieu</i>. Le catéchumène croit, lui aussi, en la croix du Seigneur Jésus, dont il a reçu le signe, mais s’il n’a pas été baptisé au nom du Père, et du Fils, et du Saint-Esprit, il ne peut recevoir le pardon de ses péchés ni accueillir le don de la grâce spirituelle. Le Syrien Naaman s’est plongé sept fois selon la Loi&nbsp;; mais toi, tu as été baptisé au nom de la Trinité. Tu as confessé ta foi au Père —&nbsp;rappelle-toi ce que tu as fait —&nbsp; tu as confessé ta foi au Fils, ta foi en l’Esprit Saint. Retiens la succession de ces faits. Dans cette foi, tu es mort au monde, tu es ressuscité pour Dieu&nbsp;; tu as été comme enseveli dans cet élément du monde&nbsp;; mort au péché, tu es ressuscité pour la vie éternelle. Crois donc que cette eau n’est pas inutile. ~ Le paralytique de la piscine de Béthesda attendait <i>un homme</i>. Lequel, sinon le Seigneur Jésus, né de la Vierge&nbsp;? Avec sa venue, il n’y avait plus seulement une préfiguration qui guérissait quelques individus, mais la vérité qui guérissait tous les hommes. C’est donc lui dont on attendait qu’il descende, lui de qui Dieu le Père a dit à Jean Baptiste&nbsp;: <i>Celui sur qui tu verras l’Esprit descendre du ciel et demeurer, c’est celui-là qui baptise dans l’Esprit Saint</i>. C’est de lui que Jean Baptiste a témoigné en disant&nbsp;: <i>J’ai vu l’Esprit descendre du ciel comme une colombe et demeurer sur lui</i>. Pourquoi l’Esprit est-il descendu alors comme une colombe, sinon pour que tu voies, pour que tu reconnaisses que la colombe envoyée hors de l’arche par Noé le juste était l’image de cette colombe-là, et pour que tu y reconnaisses la préfiguration de ce sacrement&nbsp;? ~ Est-ce que tu dois douter encore, alors que le Père le proclame pour toi de façon indubitable dans l’Évangile, lorsqu’il dit&nbsp;: <i>Celui-ci est mon Fils bien-aimé&nbsp;; en lui j’ai mis tout mon amour </i>; alors que le Fils le proclame, lui sur qui l’Esprit Saint s’est manifesté sous la forme d’une colombe&nbsp;; alors que l’Esprit Saint le proclame aussi, lui qui est descendu sous la forme d’une colombe alors que David le proclame&nbsp;: <i>La voix du Seigneur sur les eaux, le Dieu de gloire a tonné, le Seigneur sur les eaux innombrables </i>; alors que l’Écriture l’atteste&nbsp;: aux prières de Gédéon, le feu est descendu du ciel et, de nouveau, à la prière d’Élie, le feu fut envoyé pour consacrer le sacrifice. Ne considère pas le mérite personnel des prêtres, mais leurs fonctions. Et si tu tiens compte du mérite, de même que tu estimes Élie, tiens compte des mérites de Pierre ou de Paul&nbsp;: c’est eux qui nous ont transmis ce mystère qu’ils ont reçu du Seigneur Jésus. Un feu visible leur était envoyé pour qu’ils croient pour nous qui croyons, c’est un feu invisible qui agit. Pour ceux-là, c’était une préfiguration ; pour nous, c’est un avertissement. Crois donc que le Seigneur Jésus est là, invoqué par la prière des prêtres, lui qui a dit&nbsp;: <i>Quand deux ou trois sont réunis, je suis là, moi aussi</i>. À plus forte raison, là où est l’Église, là où sont les mystères, c’est là qu’il daigne nous accorder sa présence. Tu es donc descendu dans le baptistère. Rappelle-toi ce que tu as répondu que tu crois au Père, que tu crois au Fils, que tu crois en l’Esprit Saint. Tu n’as pas à dire&nbsp;: Je crois en un plus grand et en un moins grand et en un dernier. Mais, par un même engagement de ta parole, tu es tenu de croire au Fils de la même manière que tu crois au Père, de croire en l’Esprit Saint de la même manière que tu crois au Fils, avec cette seule différence que tu confesses devoir croire en la croix du seul Seigneur Jésus.</p>",
      "responsory": "<p>R/ Alléluia&nbsp;! Ils triomphent par le sang de l’Agneau.</p> <p>Il est vainqueur du monde,<br> celui qui croit au Fils de Dieu<br> venu avec l’eau et le sang,<br> Jésus Christ.</p> <p>Vainqueur par le sang précieux<br> d’un agneau sans défaut et sans tache,<br> prédestiné avant que fût le monde,<br> sang du Christ&nbsp;!</p>"
    },
    "oration": [
      "Dieu éternel et tout-puissant, toi que nous pouvons déjà appeler notre Père, fais grandir en nos cœurs l’esprit filial, afin que nous soyons capables d’entrer un jour dans l’héritage qui nous est promis."
    ]
  },
  "sundayEvangelicAntiphonA": "Dieu a visité la terre&nbsp;: le semeur est sorti pour semer la Parole.",
  "sundayEvangelicAntiphonB": "N’emportez rien pour la route&nbsp;; chassez les démons; guérissez les malades.",
  "sundayEvangelicAntiphonC": "Tu aimeras ton Dieu de tout ton cœur&nbsp;; tu aimeras ton frère comme toi-même."
}