{
  "invitatory": {
    "antiphon": [
      "Adorons le Seigneur, il est notre Dieu."
    ]
  },
  "readings": {
    "biblicalReading": {
      "title": "Vision de restauration",
      "ref": "Za 1, 1 –&nbsp;2, 4",
      "content": "<p>LA DEUXIEME ANNEE du règne de Darius, au huitième mois, la parole du SEIGNEUR fut adressée au prophète Zacharie, fils de Bérékya, fils de Iddo, pour qu’il dise&nbsp;: Le SEIGNEUR s’est profondément irrité contre vos pères. Mais tu leur diras&nbsp;: Ainsi parle le SEIGNEUR de l’univers&nbsp;: Revenez à moi —&nbsp;oracle du SEIGNEUR de l’univers&nbsp;—, et je reviendrai à vous, dit le SEIGNEUR de l’univers. Ne soyez pas comme vos pères que les prophètes de jadis ont interpellés en disant&nbsp;: Ainsi parle le SEIGNEUR de l’univers&nbsp;: Revenez donc de vos mauvais chemins, de vos actions mauvaises. Mais ils ne m’ont pas écouté, ils n’ont pas prêté attention —&nbsp;oracle du SEIGNEUR. Vos pères, où sont-ils&nbsp;? Et les prophètes, vivent-ils pour toujours&nbsp;? Cependant, mes paroles et mes décrets, que j’avais confiés à mes serviteurs les prophètes, n’ont-ils pas atteint vos pères&nbsp;? Alors ils sont revenus et ils ont dit&nbsp;: «&nbsp;De la manière dont le SEIGNEUR de l’univers avait résolu de nous traiter selon nos chemins et nos actions, ainsi nous a-t-il traités.&nbsp;» La deuxième année du règne de Darius, le vingt-quatrième jour du onzième mois, le mois de Shebath, la parole du SEIGNEUR fut adressée au prophète Zacharie, fils de Bérékya, fils de Iddo, pour qu’il dise&nbsp;: J’ai eu, pendant la nuit, une vision&nbsp;: voici qu’un homme monté sur un cheval roux se tenait entre les myrtes de l’abîme et, derrière lui, il y avait des chevaux roux, bruns et blancs. Je dis&nbsp;: «&nbsp;Ceux-ci, que sont-ils, mon SEIGNEUR&nbsp;?&nbsp;» L’ange qui me parlait répondit&nbsp;: «&nbsp;Moi, je te ferai voir ce qu’ils sont.&nbsp;» L’homme qui se tenait entre les myrtes intervint et dit&nbsp;: «&nbsp;Ceux-là, le SEIGNEUR les a envoyés parcourir la terre.&nbsp;» Ils s’adressèrent à l’ange du SEIGNEUR qui se tenait entre les myrtes, et ils dirent&nbsp;: «&nbsp;Nous venons de parcourir la terre, et voici que toute la terre est tranquille.&nbsp;» L’ange du SEIGNEUR reprit alors la parole et dit&nbsp;: «&nbsp;SEIGNEUR de l’univers, combien de temps refuseras-tu d’avoir compassion de Jérusalem et des villes de Juda auxquelles tu fais sentir ta colère depuis soixante-dix ans&nbsp;?&nbsp;» À l’ange qui me parlait, le SEIGNEUR répondit des paroles de bonté, des paroles de consolation. L’ange qui me parlait me dit alors&nbsp;: Fais cette annonce&nbsp;: Ainsi parle le SEIGNEUR de l’univers&nbsp;: Pour Jérusalem j’éprouve un amour jaloux, pour Sion, une grande jalousie, et je suis très profondément irrité contre les nations qui vivent bien tranquilles&nbsp;: alors que moi, j’étais faiblement irrité contre Jérusalem, elles, elles ont ajouté à son malheur. C’est pourquoi, ainsi parle le SEIGNEUR&nbsp;: De nouveau je me tourne vers Jérusalem avec compassion&nbsp;; ma Maison y sera rebâtie —&nbsp;oracle du SEIGNEUR de l’univers&nbsp;—, et le cordeau à mesurer sera tendu sur Jérusalem. Annonce encore&nbsp;: Ainsi parle le SEIGNEUR de l’univers&nbsp;: Mes villes regorgeront encore de biens. Le SEIGNEUR va encore consoler Sion, encore choisir Jérusalem. Je levai les yeux et voici ce que j’ai vu&nbsp;: c’était quatre cornes. Je dis à l’ange qui me parlait&nbsp;: «&nbsp;Ces cornes, que sont-elles&nbsp;?&nbsp;» Il me répondit&nbsp;: «&nbsp;Ce sont les cornes qui ont dispersé Juda, Israël et Jérusalem.&nbsp;» Puis le SEIGNEUR me fit voir quatre forgerons. Et je dis&nbsp;: «&nbsp;Ceux-ci, que viennent-ils faire&nbsp;?&nbsp;» Il me répondit&nbsp;: «&nbsp;Les cornes ont dispersé Juda, au point que personne n’osait plus relever la tête&nbsp;; mais ceux-ci sont venus pour effrayer et faire trembler les cornes des nations qui se sont levées contre le pays de Juda afin de le disperser.&nbsp;»</p>",
      "responsory": "<p>R/ L’Esprit et l’Épouse disent&nbsp;: Viens&nbsp;!</p> <p>Ainsi parle le Seigneur Tout-Puissant&nbsp;:<br> J’éprouve un amour jaloux pour Jérusalem.</p> <p>Je me tourne de nouveau<br> vers Jérusalem avec compassion&nbsp;:<br> mon Temple y sera rebâti.</p>"
    },
    "patristicReading": {
      "title": "INSTRUCTION SPIRITUELLE DE SAINT COLOMBAN",
      "subtitle": "«&nbsp;Ton Dieu sera ta lumière éternelle&nbsp;»",
      "content": "<p>Qu’ils sont donc heureux, qu’ils sont dignes d’envie, <i>les serviteurs que le Maître, à son retour, trouvera vigilants</i>. Une vigilance bienheureuse qui les tient éveillés pour la rencontre de Dieu, le Créateur de l’univers, dont la majesté remplit toutes choses et les dépasse toutes. Et pour moi qui suis son serviteur, malgré mon indignité, Dieu veuille m’éveiller du sommeil de mon indolence. Qu’il fasse brûler en moi le feu de l’amour divin&nbsp;; que la flamme de son amour monte plus haut que les étoiles&nbsp;; que brûle sans cesse au-dedans de moi le désir de répondre à son infinie tendresse. Ah&nbsp;! s’il m’était donné de pouvoir tenir à longueur de nuit ma lampe allumée et ardente dans le temple du Seigneur&nbsp;! Si elle pouvait éclairer tous ceux qui pénètrent dans la maison de mon Dieu&nbsp;! Seigneur, accorde-moi cet amour qui se garde de tout relâchement, que je sache tenir toujours ma lampe allumée, sans jamais la laisser s’éteindre&nbsp;; qu’en moi elle soit feu, et lumière pour mon prochain. Ô Christ, daigne allumer toi-même nos lampes, toi notre Sauveur plein de douceur, fais-les brûler sans fin dans ta demeure, et recevoir de toi, lumière éternelle, une lumière indéfectible. Que ta lumière dissipe nos propres ténèbres, et que par nous elle fasse reculer les ténèbres du monde. Veuille donc, Jésus, je t’en prie, allumer ma lampe à ta propre lumière, et qu’ainsi, à cette clarté, m’apparaisse le Saint des saints où toi, Prêtre éternel des temps éternels, tu fais ton entrée sous les portiques de ce temple immense. Qu’à ta lumière je ne cesse de te voir, de tendre vers toi mon regard et mon désir. Alors, dans mon cœur, je ne verrai que toi seul, et en ta présence ma lampe sera toujours allumée et ardente. Fais-nous la grâce, je t’en prie, puisque nous frappons à ta porte, de te manifester à nous, Sauveur plein d’amour. Te comprenant mieux, puissions-nous n’avoir d’amour que pour toi, toi seul. Sois, nuit et jour, notre seul désir, notre seule méditation, notre continuelle pensée. Daigne répandre en nous assez de ton amour pour que nous aimions Dieu comme il convient. Remplis-nous de ton amour jusqu’au plus intime de nous-mêmes, qu’il nous possède tout entiers et que ta charité pénètre toutes nos facultés, pour que nous ne sachions plus rien aimer sinon toi, qui est éternel. Alors les grandes eaux du ciel, de la terre et de la mer ne pourront éteindre en nous une si grande charité, selon cette parole du Cantique des cantiques&nbsp;: <i>Les grandes eaux n’ont pu éteindre l’amour.</i> Qu’en nous se réalise, en partie tout au moins, ce progrès de l’amour par ta grâce, Seigneur Jésus Christ, à qui est la gloire dans les siècles des siècles. Amen.</p>",
      "responsory": "<p>R/ Ton Dieu sera ta beauté, ta lumière éternelle&nbsp;!</p> <p>Jérusalem, tes portes seront de cristal,<br> et tes murs, de rubis,<br> et l’on chantera sur tes places&nbsp;:<br> Alléluia, alléluia&nbsp;!</p> <p>Ta splendeur illuminera<br> toutes les contrées de la terre&nbsp;;<br> les peuples viendront de loin<br> adorer le Seigneur dans tes murs.</p>"
    },
    "oration": [
      "Nous t’en prions, Seigneur, que ta grâce nous devance et qu’elle nous accompagne toujours, pour nous rendre attentifs à faire le bien sans relâche."
    ]
  },
  "sundayEvangelicAntiphonA": "Allez donc aux croisées des chemins&nbsp;: tous ceux qui passeront, invitez-les aux noces.",
  "sundayEvangelicAntiphonB": "Vends tout ce que tu as, donne-le aux pauvres et tu auras dans le ciel un trésor.",
  "sundayEvangelicAntiphonC": "Seul un Samaritain revint sur ses pas rendre grâce au Seigneur."
}