{
  "invitatory": {
    "antiphon": [
      "Venez, adorons le Maître du monde."
    ]
  },
  "readings": {
    "biblicalReading": {
      "title": "Vidi aquam !",
      "ref": "Ez 47, 1-12",
      "content": "<p>L’homme me fit revenir à l’entrée de la Maison, et voici&nbsp;: sous le seuil de la Maison, de l’eau jaillissait vers l’orient, puisque la façade de la Maison était du côté de l’orient. L’eau descendait de dessous le côté droit de la Maison, au sud de l’autel. L’homme me fit sortir par la porte du nord et me fit faire le tour par l’extérieur, jusqu’à la porte qui fait face à l’orient, et là encore l’eau coulait du côté droit. L’homme s’éloigna vers l’orient, un cordeau à la main, et il mesura une distance de mille coudées&nbsp;; alors il me fit traverser l’eau&nbsp;: j’en avais jusqu’aux chevilles. Il mesura encore mille coudées et me fit traverser l’eau&nbsp;: j’en avais jusqu’aux genoux. Il mesura encore mille coudées et me fit traverser&nbsp;: j’en avais jusqu’aux reins. Il en mesura encore mille&nbsp;: c’était un torrent que je ne pouvais traverser&nbsp;; l’eau avait grossi, il aurait fallu nager&nbsp;: c’était un torrent infranchissable. Alors il me dit&nbsp;: «&nbsp;As-tu vu, fils d’homme&nbsp;?&nbsp;» Puis il me ramena au bord du torrent. Quand il m’eut ramené, voici qu’il y avait au bord du torrent, de chaque côté, des arbres en grand nombre. Il me dit&nbsp;: «&nbsp;Cette eau coule vers la région de l’orient, elle descend dans la vallée du Jourdain, et se déverse dans la mer Morte, dont elle assainit les eaux. En tout lieu où parviendra le torrent, tous les animaux pourront vivre et foisonner. Le poisson sera très abondant, car cette eau assainit tout ce qu’elle pénètre, et la vie apparaît en tout lieu où arrive le torrent. Alors des pêcheurs se tiendront sur la rive depuis Enn-Guèdi jusqu’à Enn-Églaïm&nbsp;; on y fera sécher les filets. Les espèces de poissons seront aussi nombreuses que celles de la Méditerranée. Mais ses marais et ses bassins ne seront pas assainis&nbsp;: ils seront réservés au sel. Au bord du torrent, sur les deux rives, toutes sortes d’arbres fruitiers pousseront&nbsp;; leur feuillage ne se flétrira pas et leurs fruits ne manqueront pas. Chaque mois ils porteront des fruits nouveaux, car cette eau vient du sanctuaire. Les fruits seront une nourriture, et les feuilles un remède.&nbsp;»</p>",
      "responsory": "<p>R/ Partout où passera le torrent,<br> il fera naître la vie.</p> <p>L’eau que je donnerai, dit Jésus,<br> deviendra en vous source d’eau<br> jaillissant en vie éternelle.</p> <p>Si quelqu’un a soif, dit Jésus,<br> qu’il vienne à moi et qu’il boive&nbsp;:<br> de lui couleront des fleuves d’eaux vives.</p>"
    },
    "patristicReading": {
      "title": "COMMENTAIRE DE SAINT HILAIRE DE POITIERS SUR LE PSAUME 64",
      "subtitle": "Le fleuve d’eau vive",
      "content": "<p><i>Le fleuve de Dieu regorge d’eau, c’est ainsi que tu apprêtes leur nourriture</i>. Il n’y a pas de doute à avoir sur ce fleuve, car le Prophète dit aussi&nbsp;: <i>L’élan du fleuve réjouit la cité de Dieu</i>. Et le Seigneur lui-même dit, dans les évangiles&nbsp;: <i>Celui qui boit de l’eau que je lui donnerai, des fleuves d’eau vive couleront de son cœur, jaillissant en vie éternelle</i>. Et encore&nbsp;: <i>Celui qui croit en moi, comme dit l’Écriture, des fleuves d’eau vive jailliront de son cœur. Jésus disait cela de l’Esprit Saint que devaient recevoir ceux qui croiraient en lui</i>. Donc, ce fleuve de Dieu regorge d’eau. Car nous sommes inondés par les dons de l’Esprit Saint, et le fleuve de Dieu, regorgeant d’eau, se déverse en nous à partir de cette source de vie. Et nous avons aussi une nourriture apprêtée. Quelle est cette nourriture&nbsp;? Celle qui nous prépare à la participation de la vie divine, au moyen de la communion au Corps sacré afin de nous établir ensuite dans la communion de ce Corps. C’est ce que signifie le psaume que nous commentons, lorsqu’il dit&nbsp;: <i>Tu apprêtes leur nourriture&nbsp;; car c’est toi-même qui la prépares</i>&nbsp;: car cette nourriture nous sauve présentement, mais elle nous prépare pour l’avenir. Nous qui avons reçu par le sacrement de baptême la nouvelle naissance, nous éprouvons une grande joie lorsque nous ressentons en nous les premières avances de l’Esprit Saint, lorsque s’éveille en nous l’intelligence des mystères, la connaissance des prophéties, la parole de sagesse, les charismes de guérison et la domination sur les démons. Tout cela nous pénètre comme <i>des ondées</i>, et peu à peu ce que nous avons semé se développe en une moisson abondante.</p>",
      "responsory": "<p>J’ai vu l’eau vive<br> jaillissant du cœur du Christ, alléluia&nbsp;!<br> Tous ceux que lave cette eau<br> seront sauvés et chanteront&nbsp;: alléluia&nbsp;!</p> <p>R/ Alléluia&nbsp;! Alléluia&nbsp;! Alléluia&nbsp;!</p> <p>J’ai vu la source<br> devenir un fleuve immense, alléluia&nbsp;!<br> Les fils de Dieu rassemblés<br> chantaient leur joie d’être sauvés, alléluia&nbsp;!</p>"
    },
    "oration": [
      "Dieu qui as relevé le monde par les abaissements de ton Fils, donne à tes fidèles une joie sainte&nbsp;: tu les as tirés de l’esclavage du péché&nbsp;; fais-leur connaître le bonheur impérissable."
    ]
  },
  "sundayEvangelicAntiphonA": "Allez, vous aussi, à ma vigne&nbsp;: je vous donnerai ce qui est juste.",
  "sundayEvangelicAntiphonB": "Si quelqu’un veut être le premier, qu’il soit le serviteur de tous.",
  "sundayEvangelicAntiphonC": "Vous ne pouvez servir deux maîtres&nbsp;: Dieu et l’argent."
}