{
  "invitatory": {
    "antiphon": [
      "Allez vers le Seigneur parmi les chants d’allégresse."
    ]
  },
  "readings": {
    "biblicalReading": {
      "title": "Le prophète mime la déportation",
      "ref": "Ez 12, 1-16",
      "content": "<p>La parole du SEIGNEUR me fut adressée&nbsp;: «&nbsp;Fils d’homme, tu habites au milieu d’une engeance de rebelles&nbsp;; ils ont des yeux pour voir, et ne voient pas&nbsp;; des oreilles pour entendre, et n’entendent pas, car c’est une engeance de rebelles. Toi, fils d’homme, prépare-toi un sac d’exilé&nbsp;; sous leurs yeux, pars en plein jour, comme un exilé&nbsp;; sous leurs yeux, pars de ta maison vers un autre lieu&nbsp;; peut-être verront-ils qu’ils sont une engeance de rebelles. Tu sortiras ton sac, comme un sac d’exilé, en plein jour, sous leurs yeux. Toi-même, tu sortiras le soir, sous leurs yeux, comme s’en vont les exilés. Sous leurs yeux, tu feras un trou dans le mur, et tu sortiras par là. Sous leurs yeux, tu chargeras ton sac sur ton épaule, et tu le sortiras dans l’obscurité&nbsp;; tu voileras ton visage, et tu ne verras plus le pays&nbsp;: j’ai fait de toi un signe pour la maison d’Israël.&nbsp;» Je fis ce qui m’avait été ordonné&nbsp;: en plein jour, je sortis mon sac, comme un sac d’exilé&nbsp;; puis le soir, je fis un trou dans le mur, à la main&nbsp;; je sortis mon sac dans l’obscurité, et sous leurs yeux je le chargeai sur mon épaule. Au matin, la parole du SEIGNEUR me fut adressée&nbsp;: «&nbsp;Fils d’homme, la maison d’Israël, cette engeance de rebelles, t’a bien demandé&nbsp;: “Qu’est-ce que tu fais là&nbsp;?” Réponds&nbsp;: Ainsi parle le Seigneur DIEU&nbsp;: Cet oracle concerne le prince qui est à Jérusalem et toute la maison d’Israël qui s’y trouve. Tu diras&nbsp;: Je suis pour vous un signe. Ce que j’ai fait, c’est cela même qui leur sera fait&nbsp;: ils partiront en exil, en captivité&nbsp;; le prince qui est au milieu d’eux chargera son sac sur son épaule, il sortira dans l’obscurité&nbsp;; on percera le mur pour le faire sortir&nbsp;; il voilera son visage, si bien qu’il ne verra plus de ses yeux le pays. J’étendrai sur lui mon filet, et il sera pris au piège. Je l’amènerai à Babylone, au pays des Chaldéens&nbsp;; il ne verra pas ce pays, il y mourra. Tout son entourage, sa garde et tous ses bataillons, je les disséminerai à tous les vents, et je tirerai l’épée derrière eux. Alors ils sauront que Je suis le SEIGNEUR, quand je les aurai dispersés parmi les nations, et disséminés dans les pays étrangers. Cependant je laisserai un certain nombre d’entre eux qui échapperont à l’épée, à la famine et à la peste, pour raconter parmi les nations où ils se rendront toutes leurs abominations, afin qu’elles sachent que Je suis le SEIGNEUR.&nbsp;»</p>",
      "responsory": "<p>R/ Pour aller à Jésus, sortons hors du camp<br> en portant son opprobre.</p> <p>Jésus, pour sanctifier le peuple par son sang,<br> a souffert hors de la ville.</p> <p>Ils sauront que le Seigneur les a dispersés<br> dans les pays étrangers.</p> <p>Nous n’avons pas sur la terre de cité permanente,<br> mais nous cherchons celle de l’avenir.</p>"
    },
    "patristicReading": {
      "title": "Sermon de Saint Augustin sur les pasteurs",
      "subtitle": "Les mauvais pasteurs sont les assassins de leur peuple",
      "content": "<p>Le Seigneur, ayant dit ce que les mauvais pasteurs aiment, dit aussi ce qu’ils négligent. En effet, les vices des brebis ont une grande ampleur. Les brebis saines et grasses sont fort peu nombreuses, je veux dire celles qui sont devenues solides par l’aliment de la vérité, qui savent profiter, comme d’un pâturage, de la grâce de Dieu. Mais les mauvais pasteurs n’épargnent pas de telles brebis. Ils ne se contentent pas de laisser sans soins celles qui sont malades, faibles, égarées ou perdues. En outre, ils égorgent les brebis fortes et grasses, autant qu’ils le peuvent. Et elles restent vivantes. C’est par la miséricorde de Dieu qu’elles vivent. Cependant, en ce qui dépend d’eux, les mauvais pasteurs les tuent. Comment cela&nbsp;? direz-vous. En ayant une vie mauvaise, en donnant le mauvais exemple. Est-ce pour rien qu’il a été dit à un serviteur de Dieu, occupant une place éminente parmi les membres du souverain Pasteur&nbsp;: <i>Offre-toi devant tous comme un exemple de bonnes œuvres&nbsp;;</i> et aussi&nbsp;: <i>Sois un modèle pour les croyants&nbsp;?</i> La brebis qui regarde souvent un évêque dont la vie est mauvaise, si elle détourne ses regards des règles données par le Seigneur pour considérer l’homme, cette brebis commence à dire dans son cœur&nbsp;: «&nbsp;Si mon évêque vit ainsi, pourquoi n’en ferais-je pas autant&nbsp;?&nbsp;» C’est ainsi que le mauvais pasteur tue la brebis qui était forte. S’il tue ainsi celle qui était forte, que fait-il des autres, puisque, en vivant mal, il assassine celle dont la force ne lui devait rien, mais qui était forte et robuste quand il l’a trouvée&nbsp;? Je le dis à votre charité, et je le répète. Sans doute, il y a des brebis qui sont bien vivantes, et fortes grâce à la parole du Seigneur, parce qu’elles restent fidèles à l’enseignement reçu&nbsp;: <i>Ce qu’ils disent, faites-le&nbsp;; ce qu’ils font, ne le faites pas.</i> Cependant, celui qui mène une vie mauvaise à la vue du peuple, autant qu’il dépend de lui, tue celui qui le regarde. Qu’il ne se flatte pas de ce que sa victime ne soit pas morte. Elle vit, et lui-même est homicide. C’est ainsi que lorsqu’un débauché regarde une femme pour la désirer, cette femme a beau être chaste, lui-même a commis l’adultère. La sentence du Seigneur est véritable et claire&nbsp;: <i>Tout homme qui regarde une femme pour la désirer a déjà commis l’adultère avec elle dans son cœur.</i> Il ne parvient pas jusqu’à la chambre de cette femme, mais il se vautre déjà dans sa propre chambre intérieure. Ainsi, celui qui se conduit mal à la vue de ceux dont il est l’évêque, autant qu’il est en lui, tue même les plus forts de son troupeau. Celui qui l’imite meurt. Celui qui ne l’imite pas vit, cependant, en ce qui dépend de lui, il tue l’un et l’autre&nbsp;: <i>Vous avez égorgé les brebis grasses, vous n’étiez pas des bergers pour mon troupeau.</i></p>",
      "responsory": "<p>R/ Jésus, tu es venu<br> pour que les brebis aient la vie,<br> la vie en abondance.</p> <p>Parole du Seigneur&nbsp;:<br> j’aurai soin moi-même de mon troupeau<br> et je le passerai en revue.</p> <p>Je chercherai la brebis perdue,<br> avec justice je ferai paître mon troupeau.</p> <p>Je les rassemblerai des pays étrangers<br> et les ramènerai sur leur terre.</p>"
    },
    "oration": [
      "Dieu qui veux habiter les cœurs droits et sincères, donne-nous de vivre selon ta grâce, alors tu pourras venir en nous pour y faire ta demeure."
    ]
  },
  "sundayEvangelicAntiphonA": "Autant de fois qu’il t’aura offensé, tu pardonneras à ton frère.",
  "sundayEvangelicAntiphonB": "Qui perd sa vie à cause du Seigneur et de l’Évangile la sauvera.",
  "sundayEvangelicAntiphonC": "Grande est la joie des anges de Dieu pour un seul pécheur qui retourne vers lui."
}