{
  "invitatory": {
    "antiphon": [
      "Venez tous au Seigneur, adorons notre Maître."
    ]
  },
  "readings": {
    "biblicalReading": {
      "title": "« J’en ferai une seule nation »",
      "ref": "Ez 37, 15-28",
      "content": "<p>La parole du SEIGNEUR me fut adressée&nbsp;: «&nbsp;Fils d’homme, prends un morceau de bois, écris dessus&nbsp;: “Juda et les fils d’Israël qui lui sont rattachés.” Prends un autre morceau de bois, écris dessus&nbsp;: “Joseph, bois d’Éphraïm, et toute la maison d’Israël qui lui est rattachée.” Rapproche ces morceaux pour faire un seul morceau de bois&nbsp;; ils ne feront plus qu’un dans ta main. Lorsque les fils de ton peuple te demanderont&nbsp;: “Explique-nous donc ce que tu fais”, tu leur diras&nbsp;: Ainsi parle le Seigneur DIEU&nbsp;: Je vais prendre le morceau de bois qui représente Joseph, et les tribus d’Israël qui lui sont rattachées&nbsp;; je vais le joindre au bois qui représente Juda. Je les réunirai&nbsp;; ils n’en feront plus qu’un seul dans ma main. Et les morceaux de bois sur lesquels tu auras écrit seront dans ta main, sous leurs yeux. Tu leur diras&nbsp;: Ainsi parle le Seigneur DIEU&nbsp;: Je vais prendre les fils d’Israël parmi les nations où ils sont allés. Je les rassemblerai de partout et les ramènerai sur leur terre. J’en ferai une seule nation dans le pays, sur les montagnes d’Israël. Ils n’auront tous qu’un seul roi&nbsp;; ils ne formeront plus deux nations&nbsp;; ils ne seront plus divisés en deux royaumes. Ils ne se rendront plus impurs avec leurs idoles immondes et leurs horreurs, avec toutes leurs révoltes. Je les sauverai en les retirant de tous les lieux où ils habitent et où ils ont péché, je les purifierai. Alors ils seront mon peuple, et moi je serai leur Dieu. Mon serviteur David régnera sur eux&nbsp;; ils n’auront tous qu’un seul berger&nbsp;; ils marcheront selon mes ordonnances, ils garderont mes décrets et les mettront en pratique. Ils habiteront le pays que j’ai donné à mon serviteur Jacob, le pays que leurs pères ont habité. Ils l’habiteront, eux-mêmes et leurs fils, et les fils de leurs fils pour toujours. David, mon serviteur, sera leur prince pour toujours. Je conclurai avec eux une alliance de paix, une alliance éternelle. Je les rétablirai, je les multiplierai, je mettrai mon sanctuaire au milieu d’eux pour toujours. Ma demeure sera chez eux, je serai leur Dieu et ils seront mon peuple. Alors les nations sauront que Je suis le SEIGNEUR, celui qui sanctifie Israël, lorsque mon sanctuaire sera au milieu d’eux pour toujours.&nbsp;»</p>",
      "responsory": "<p>R/ Un seul troupeau, un seul berger&nbsp;!</p> <p>Le Seigneur va rassembler ses enfants dispersés,<br> il en fera une seule nation,<br> et un seul roi régnera sur eux.</p> <p>Le Christ, notre paix, a détruit les séparations&nbsp;:<br> en un seul corps,<br> il nous rassemble par la croix.</p>"
    },
    "patristicReading": {
      "title": "Sermon de Saint Augustin sur les pasteurs",
      "subtitle": "Les riches pâturages",
      "content": "<p><i>Je ferai sortir mes brebis des pays étrangers, je les rassemblerai et je les ramènerai chez elles je les mènerai paître sur les montagnes d’Israël.</i> Il appelle «&nbsp;montagnes d’Israël&nbsp;» les auteurs des saintes Écritures. C’est là qu’il faut paître, si vous voulez le faire en sécurité. Tout ce que vous apprenez là, savourez-le&nbsp;; tout ce qui est en dehors, rejetez-le. Ne vous égarez pas dans le brouillard, écoutez la voix du berger. Rassemblez-vous sur les montagnes de la sainte Écriture. Vous trouverez là les délices de votre cœur&nbsp;; là il n’y a rien de vénéneux, rien de dangereux&nbsp;; ce sont de riches pâturages. Venez, mais vous seulement qui êtes des brebis bien portantes, pour aller paître sur les montagnes d’Israël. <i>Dans les rivières, dans les endroits les meilleurs.</i> De ces montagnes que nous venons de montrer, ont découlé les rivières de la prédication évangélique, puisque <i>sa parole a retenti jusqu’au bout du monde</i> et que tous les endroits de la terre offrent aux brebis des pâturages agréables et abondants. <i>Je les ferai paître dans un bon pâturage, et sur les hauteurs d’Israël. Et leurs étables seront là,</i> c’est-à-dire là où elles vont se reposer, où elles pourront dire&nbsp;: «&nbsp;C’est vrai, c’est évident, nous ne sommes pas dans l’erreur.&nbsp;» Elles se reposent dans la gloire de Dieu, comme dans ces étables. <i>Là elles dormiront</i>, c’est-à-dire&nbsp;: elles se reposeront, <i>elles se reposeront dans les délices.</i> <i>Elles brouteront dans de gras pâturages, sur les monts d’Israël.</i> J’ai déjà parlé de ces montagnes d’Israël, ces bonnes <i>montagnes, vers lesquelles nous levons les yeux</i>, pour que le secours nous vienne de là. Mais <i>notre secours vient du Seigneur, qui a fait le ciel et la terre.</i> Aussi, pour que notre espérance ne s’attache pas à ces bonnes montagnes, après avoir dit&nbsp;: <i>Je ferai paître</i> mes brebis <i>sur les monts d’Israël</i>, pour que tu ne demeures pas sur les montagnes, il ajoute aussitôt&nbsp;: <i>C’est moi qui ferai paître mes brebis.</i> Lève les yeux vers les montagnes, d’où te viendra le secours, mais écoute celui qui dit&nbsp;: <i>Moi, je ferai paître. Car ton secours vient du Seigneur, qui a fait le ciel et la terre.</i> ~ Il conclut ainsi&nbsp;: <i>Je les ferai paître avec justice</i>. Tu vois qu’il est le seul à faire paître ainsi, le seul qui fasse paître avec justice. Quel est l’homme qui peut juger l’homme&nbsp;? On fait partout des jugements téméraires. Celui dont nous désespérions se convertit tout à coup, et devient excellent. Celui dont nous attendions beaucoup tombe brusquement et devient très mauvais. Ni notre crainte n’est assurée, ni notre amour n’est assuré. Ce qu’est aujourd’hui n’importe quel homme, cet homme-là lui-même ne le sait guère. Cependant il le sait un peu aujourd’hui. Ce qu’il sera demain, lui-même ne le sait pas. Donc, le bon pasteur fait paître avec justice, il distribue à chacun ce qui lui revient&nbsp;: ceci aux uns, cela aux autres, à chacun ce qui lui est dû, que ce soit ceci ou cela. Car il sait ce qu’il fait. Il fait paître avec justice, lui qui a racheté ceux qu’il a jugés. C’est donc bien lui qui fait paître avec justice.</p>",
      "responsory": "<p>R/ Jésus, tu es venu<br> pour que les brebis aient la vie,<br> la vie en abondance.</p> <p>Parole du Seigneur&nbsp;:<br> J’aurai soin moi-même de mon troupeau<br> et je le passerai en revue.</p> <p>Je chercherai la brebis perdue,<br> avec justice je ferai paître mon troupeau.</p> <p>Je les rassemblerai des pays étrangers<br> et les ramènerai sur leur terre.</p>"
    },
    "oration": [
      "Fais-nous vivre à tout moment, Seigneur, dans l’amour et le respect de ton saint nom, toi qui ne cesses jamais de guider ceux que tu enracines solidement dans ton amour."
    ]
  },
  "sundayEvangelicAntiphonA": "Allez, vous aussi, à ma vigne&nbsp;: je vous donnerai ce qui est juste.",
  "sundayEvangelicAntiphonB": "Si quelqu’un veut être le premier, qu’il soit le serviteur de tous.",
  "sundayEvangelicAntiphonC": "Vous ne pouvez servir deux maîtres&nbsp;: Dieu et l’argent."
}