{
  "invitatory": {
    "antiphon": [
      "Béni sois-tu, Seigneur, Dieu de tendresse et d’amour."
    ]
  },
  "readings": {
    "biblicalReading": {
      "title": "Tenir ferme dans le Seigneur",
      "ref": "Ph 3, 17-21; 4, 1-9",
      "content": "<p>Frères, ensemble imitez-moi, et regardez bien ceux qui se conduisent selon l’exemple que nous vous donnons. Car je vous l’ai souvent dit, et maintenant je le redis en pleurant&nbsp;: beaucoup de gens se conduisent en ennemis de la croix du Christ. Ils vont à leur perte. Leur dieu, c’est leur ventre, et ils mettent leur gloire dans ce qui fait leur honte&nbsp;; ils ne pensent qu’aux choses de la terre. Mais nous, nous avons notre citoyenneté dans les cieux, d’où nous attendons comme sauveur le Seigneur Jésus Christ, lui qui transformera nos pauvres corps à l’image de son corps glorieux, avec la puissance active qui le rend même capable de tout mettre sous son pouvoir. Ainsi, mes frères bien-aimés pour qui j’ai tant d’affection, vous, ma joie et ma couronne, tenez bon dans le Seigneur, mes bien-aimés. J’exhorte Évodie, j’exhorte aussi Syntykhè, à se mettre d’accord dans le Seigneur. Oui, je te le demande à toi aussi, mon vrai compagnon d’effort, viens-leur en aide, à elles qui ont lutté avec moi pour l’annonce de l’Évangile, ainsi que Clément et mes autres collaborateurs, dont les noms se trouvent au livre de vie. Soyez toujours dans la joie du Seigneur&nbsp;; je le redis&nbsp;: soyez dans la joie. Que votre bienveillance soit connue de tous les hommes. Le Seigneur est proche. Ne soyez inquiets de rien, mais, en toute circonstance, priez et suppliez, tout en rendant grâce, pour faire connaître à Dieu vos demandes. Et la paix de Dieu, qui dépasse tout ce qu’on peut concevoir, gardera vos cœurs et vos pensées dans le Christ Jésus. Enfin, mes frères, tout ce qui est vrai et noble, tout ce qui est juste et pur, tout ce qui est digne d’être aimé et honoré, tout ce qui s’appelle vertu et qui mérite des éloges, tout cela, prenez-le en compte. Ce que vous avez appris et reçu, ce que vous avez vu et entendu de moi, mettez-le en pratique. Et le Dieu de la paix sera avec vous.</p>",
      "responsory": "<p>R/ Que la paix de Dieu<br> garde nos cœurs et nos pensées<br> dans le Christ.</p> <p>Le Seigneur est proche&nbsp;;<br> réjouissons-nous en tout temps.</p> <p>Le Seigneur est proche&nbsp;;<br> tenons ferme dans sa parole.</p>"
    },
    "patristicReading": {
      "title": "D’UNE HOMÉLIE ANCIENNE SUR LA LETTRE AUX PHILIPPIENS",
      "subtitle": "«&nbsp;Soyez toujours dans la joie&nbsp;»",
      "content": "<p>La bonté divine, frères très chers, nous invite, pour le salut de nos âmes, aux joies de la béatitude éternelle, comme vous l’avez entendu dans la lecture qui nous occupe, où l’Apôtre disait&nbsp;: <i>Réjouissez-vous toujours dans le Seigneur</i>. Les joies du monde tendent à la tristesse&nbsp;; mais les joies conformes à la volonté de Dieu attirent aux biens durables et éternels ceux qui y persévèrent. C’est pourquoi l’Apôtre ajoute&nbsp;: <i>Je le répète, réjouissez-vous</i>. Il nous exhorte à faire croître de plus en plus notre joie, pour nous rapprocher de Dieu et nous faire accomplir ses commandements&nbsp;; car, plus nous aurons combattu en ce monde pour obéir aux préceptes divins, plus nous serons heureux dans la vie future et plus nous obtiendrons de gloire devant Dieu. <i>Que votre sérénité soit connue de tous les hommes</i>&nbsp;: c’est-à-dire que votre conduite sainte ne doit pas seulement apparaître devant Dieu, mais aussi devant les hommes, pour donner un exemple de sérénité et de réserve devant tous ceux qui demeurent avec vous sur la terre, ou encore pour laisser un bon souvenir devant Dieu et les hommes. <i>Le Seigneur est proche&nbsp;; ne soyez inquiets de rien</i>&nbsp;: le Seigneur est toujours proche de ceux qui l’invoquent avec sincérité, avec une foi droite, une espérance ferme, une parfaite charité&nbsp;: car <i>il sait de quoi vous avez besoin avant que vous le lui demandiez</i>&nbsp;: Il est toujours prêt à secourir, dans n’importe lequel de leurs besoins, ceux qui le servent fidèlement. Aussi, lorsque nous voyons que le malheur est imminent, nous n’avons pas à nous faire de grand souci, puisque nous devons savoir que Dieu est pour nous un défenseur tout proche, selon cette parole&nbsp;: <i>Le Seigneur est proche de ceux dont le cœur est angoissé, et il sauvera ceux dont l’esprit est abattu. Les angoisses sont nombreuses pour les justes, mais de toutes le Seigneur les délivrera</i>. Si nous efforçons d’accomplir et de garder ce qu’il prescrit, il ne tardera pas à s’acquitter de ses promesses. <i>Mais, en toute circonstance, dans l’action de grâce priez et suppliez pour faire connaître à Dieu vos demandes</i>&nbsp;: nous ne devons pas, si nous sommes accablés d’épreuves, les supporter avec récriminations et tristesse, loin de là, mais avec patience et bonne humeur, <i>en rendant grâce à Dieu en tout temps et à propos de tout</i>.</p>",
      "responsory": "<p>R/ Christ est notre lumière, notre soleil levant&nbsp;!</p> <p>Qui regarde vers lui resplendira,<br> point d’ombre sur son visage.</p> <p>Il vient nous visiter,<br> en lui la joie de notre cœur.</p>"
    },
    "oration": [
      "Dieu éternel et tout-puissant, toi que nous pouvons déjà appeler notre Père, fais grandir en nos cœurs l’esprit filial, afin que nous soyons capables d’entrer un jour dans l’héritage qui nous est promis."
    ]
  },
  "sundayEvangelicAntiphonA": "Qui fait la volonté de mon Père entrera dans le Royaume des cieux.",
  "sundayEvangelicAntiphonB": "Qui vous donnera un verre d’eau en mon nom ne restera pas sans récompense.",
  "sundayEvangelicAntiphonC": "S’ils n’écoutent pas Moïse ni les prophètes, croiront-ils en celui qui se lève d’entre les morts&nbsp;?"
}