{
  "invitatory": {
    "antiphon": [
      "Écoutons la voix de notre Dieu, entrons dans le repos qu’il a promis."
    ]
  },
  "morning": {
    "hymn": [
      "nuee-de-feu"
    ],
    "psalmody": [
      {
        "psalm": "PSALM_91",
        "antiphon": [
          "Il est bon de rendre grâce au Seigneur, d’annoncer dès le matin son amour.",
          "Que tes œuvres sont grandes, Seigneur, et combien profondes tes pensées."
        ]
      },
      {
        "psalm": "AT_2",
        "antiphon": [
          "Chantons le nom du Seigneur et rendons gloire à notre Dieu.",
          "Tel un aigle qui éveille sa nichée, Dieu te porte sur ses ailes."
        ]
      },
      {
        "psalm": "PSALM_8"
      }
    ],
    "reading": {
      "biblicalReference": "Rm 12, 14-16a",
      "content": "Bénissez ceux qui vous persécutent&nbsp;; souhaitez-leur du bien, et non pas du mal. Soyez joyeux avec ceux qui sont dans la joie, pleurez avec ceux qui pleurent. Soyez bien d’accord entre vous&nbsp;; n’ayez pas le goût des grandeurs, mais laissez-vous attirer par ce qui est simple."
    },
    "responsory": "<p>R/ Joie sur mes lèvres, louange en ma bouche&nbsp;!<br> V/ Tout au long du jour, ma langue redira ta justice.&nbsp;R/ <br> V/ Je revivrai les exploits du Seigneur.&nbsp;R/ <br> Gloire au Père et au Fils et au Saint-Esprit.&nbsp;R/ <br></p>",
    "evangelicAntiphon": {
      "common": "Lève-toi sur le monde, Christ Jésus, Lumière éternelle, viens nous sauver."
    },
    "intercession": {
      "content": "<p>Pour qu’il fasse de nous des artisans de paix, prions le Seigneur&nbsp;:</p> <p>Quand domine la haine,<br> <span class=\"espace\">que nous annoncions l’amour.</span></p> <p>Quand blesse l’offense,<br> <span class=\"espace\">que nous offrions le pardon.</span></p> <p>Quand sévit la discorde,<br> <span class=\"espace\">que nous bâtissions la paix.</span></p> <p>Quand s’installe l’erreur,<br> <span class=\"espace\">que nous proclamions la vérité.</span></p> <p>Quand paralyse le doute,<br> <span class=\"espace\">que nous réveillions la foi.</span></p> <p>Quand pèse la détresse,<br> <span class=\"espace\">que nous ranimions l’espérance.</span></p> <p>Quand s’épaississent les ténèbres,<br> <span class=\"espace\">que nous apportions la lumière.</span></p> <p>Quand règne la tristesse,<br> <span class=\"espace\">que nous libérions la joie.</span></p> "
    },
    "oration": [
      "Que nos lèvres, notre âme et toute notre vie proclament ta louange, Seigneur&nbsp;; et puisque tout notre être est un don de ta grâce, fais que notre existence te soit consacrée."
    ]
  },
  "readings": {
    "psalmody": [
      {
        "psalm": "PSALM_135_1"
      },
      {
        "psalm": "PSALM_135_2"
      },
      {
        "psalm": "PSALM_135_3"
      }
    ],
    "biblicalReading": {
      "title": "Calendrier juif",
      "ref": "Dt 16, 1-17",
      "content": "<p>Observe le mois des Épis et célèbre la Pâque pour le SEIGNEUR ton Dieu, car c’est au mois des Épis que le SEIGNEUR ton Dieu t’a fait sortir d’Égypte, durant la nuit. Tu feras le sacrifice de la Pâque pour le SEIGNEUR ton Dieu avec du petit et du gros bétail, dans le lieu choisi par le SEIGNEUR ton Dieu pour y faire demeurer son nom. Tu n’y mangeras pas de pain levé&nbsp;; mais là, pendant sept jours, tu mangeras des pains sans levain —&nbsp;un pain de misère&nbsp;— car c’est en toute hâte que tu es sorti du pays d’Égypte&nbsp;: ceci, pour faire mémoire, tous les jours de ta vie, de ce jour où tu sortis du pays d’Égypte. Pendant sept jours, on ne verra pas chez toi de levain, sur tout ton territoire&nbsp;; rien de la chair que tu auras sacrifiée le soir du premier jour ne sera conservé jusqu’au lendemain matin. Tu ne pourras pas sacrifier la Pâque dans n’importe laquelle des villes que te donne le SEIGNEUR ton Dieu, mais c’est au lieu choisi par le SEIGNEUR ton Dieu pour y faire demeurer son nom que tu sacrifieras la Pâque, le soir, au coucher du soleil, au moment précis où tu sortis d’Égypte. Tu la feras cuire et tu la mangeras au lieu choisi par le SEIGNEUR ton Dieu, puis tu t’en retourneras au matin, et tu regagneras tes tentes. Pendant six jours, tu mangeras des pains sans levain&nbsp;; le septième jour, ce sera la clôture de la fête pour le SEIGNEUR ton Dieu, et tu ne feras aucun travail. Tu compteras sept semaines&nbsp;: dès que la faucille commence à couper les épis, tu commenceras à compter les sept semaines. Puis tu célébreras la fête des Semaines en l’honneur du SEIGNEUR ton Dieu, avec l’offrande volontaire que fera ta main&nbsp;; ton offrande sera à la mesure de la bénédiction du SEIGNEUR ton Dieu. Tu te réjouiras en présence du SEIGNEUR ton Dieu, au lieu choisi par le SEIGNEUR ton Dieu pour y faire demeurer son nom, et avec toi se réjouiront ton fils et ta fille, ton serviteur et ta servante, le lévite qui réside dans ta ville, l’immigré, l’orphelin et la veuve qui sont au milieu de toi. Tu te souviendras que tu as été esclave au pays d’Égypte, et tu veilleras à pratiquer ces décrets. La fête des Tentes, tu la célébreras pendant sept jours, lorsque tu auras rentré le produit de ton aire à grain et de ton pressoir. Tu la fêteras dans la joie, toi, ton fils et ta fille, ton serviteur et ta servante, le lévite et l’immigré, l’orphelin et la veuve qui résident dans ta ville. Durant sept jours, tu célébreras la fête en l’honneur du SEIGNEUR ton Dieu au lieu choisi par le SEIGNEUR&nbsp;; car le SEIGNEUR ton Dieu t’aura béni dans toutes tes récoltes et dans tous tes travaux, et tu seras rempli de joie. Trois fois par an —&nbsp;à la fête des Pains sans levain, à la fête des Semaines et à la fête des Tentes&nbsp;—, tous les hommes paraîtront devant la face du SEIGNEUR ton Dieu, au lieu qu’il aura choisi. Ils ne paraîtront pas les mains vides devant la face du SEIGNEUR, mais chacun fera, de sa main, un don à la mesure de la bénédiction que le SEIGNEUR ton Dieu aura donnée.</p>",
      "responsory": "<p>R/ le Christ, notre Pâque, a été immolé,<br> alléluia, alléluia.</p> <p>Célèbre la fête en partageant ton pain,<br> un pain sans levain, signe de pureté.</p> <p>Souviens-toi, tous les jours de ta vie,<br> du jour où tu sortis du pays de servitude.</p> <p>Réjouis-toi en présence du Seigneur,<br> au lieu qu’il a choisi pour y résider.</p>"
    },
    "patristicReading": {
      "title": "TRAITÉ DE SAINT IRÉNEE CONTRE LES HÉRÉSIES",
      "subtitle": "L’offrande pure de l’Église",
      "content": "<p>L’oblation de l’Église, que le Seigneur nous a appris à offrir dans le monde entier, est réputée sacrifice pur auprès de Dieu et lui est agréable. Non qu’il ait besoin d’un sacrifice de notre part, mais celui qui offre est lui-même glorifié en ce qu’il offre, si son présent est accepté. Par ce présent, en effet, se manifestent l’honneur et la gloire que nous rendons au roi, et le Seigneur veut que nous offrions ce présent en toute simplicité et innocence&nbsp;; il a proclamé&nbsp;: <i>Lorsque tu offres ton présent à l’autel, si tu te souviens que ton frère en a quelque chose contre toi, laisse ton offrande devant l’autel, et va d’abord te réconcilier avec ton frère&nbsp;; puis au retour, offre ton présent</i>. Il faut donc offrir à Dieu les prémices de ses créatures, comme le dit Moïse&nbsp;: <i>Tu ne paraîtras pas devant le Seigneur ton Dieu, les mains vides</i>. Exprimant ainsi à Dieu sa reconnaissance par ce dont il a été gratifié, l’homme recevra l’honneur qui vient de lui. Ce n’est pas la notion d’oblation qui a été blâmée&nbsp;: il y avait des oblations là-bas, il y en a ici aussi&nbsp;; il y avait des sacrifices dans le peuple, il y en a également dans l’Église. L’espèce en a seule été changée, ce n’est plus par des esclaves, mais par des hommes libres qu’est faite l’offrande. Il n’y a qu’un seul et même Seigneur, mais il y a un caractère propre à l’oblation des esclaves, et un caractère propre à l’oblation des hommes libres, de sorte que même à travers les oblations se manifeste la marque de la liberté. Il nous faut faire offrande à Dieu, et en toutes choses témoigner notre reconnaissance au Dieu créateur, en lui offrant les prémices de ses propres créatures, avec des intentions pures et une foi sans hypocrisie, une espérance ferme, une charité brûlante. Cette oblation, l’Église seule l’offre pure au Créateur, en lui offrant avec action de grâce ce qui provient de sa création. Nous lui offrons ce qui lui appartient, proclamant et confessant avec cohérence l’intercession, l’unité et la résurrection de la chair et de l’esprit. Le pain qui vient de la terre, après avoir reçu l’invocation du Seigneur, n’est plus du pain ordinaire, mais l’eucharistie, constituée de deux choses&nbsp;: l’une terrestre et l’autre céleste&nbsp;: de la même manière, nos corps qui participent aussi à l’eucharistie, ne sont plus corruptibles, mais portent l’espérance de la résurrection.</p>",
      "responsory": "<p>R/ Un seul Dieu&nbsp;:<br> un seul médiateur entre Dieu et les hommes&nbsp;:<br> Jésus, le Christ&nbsp;!</p> <p>Il est médiateur de l’Alliance nouvelle.<br> L’ancienne alliance a disparu.</p> <p>Par son propre sang, il nous a sanctifiés<br> et réconciliés avec Dieu.</p>"
    },
    "verse": "<p>V/ Fais-moi connaître, Seigneur, tes voies.<br>Enseigne-moi tes sentiers.</p>",
    "oration": [
      "Fais-nous vivre à tout moment, Seigneur, dans l’amour et le respect de ton saint nom, toi qui ne cesses jamais de guider ceux que tu enracines solidement dans ton amour."
    ]
  },
  "middleOfDay": {
    "psalmody": [
      {
        "psalm": "PSALM_118_11",
        "antiphon": [
          "Mon espoir, c’est ta parole&nbsp;: aide-moi, Seigneur mon Dieu&nbsp;!"
        ]
      },
      {
        "psalm": "PSALM_60",
        "antiphon": [
          "Je veux être chez toi pour toujours&nbsp;!"
        ]
      },
      {
        "psalm": "PSALM_63",
        "antiphon": [
          "Le juste trouvera dans le Seigneur sa joie et son refuge."
        ]
      }
    ]
  }
}