{
  "invitatory": {
    "antiphon": [
      "Allez vers le Seigneur parmi les chants d’allégresse."
    ]
  },
  "readings": {
    "biblicalReading": {
      "title": "Lettre de Jérémie aux déportés",
      "ref": "Jr 29, 1-14",
      "content": "<p>Voici les termes de la lettre que le prophète Jérémie envoya de Jérusalem à ceux des anciens qui survivaient en exil, aux prêtres, aux prophètes et à tout le peuple, que Nabucodonosor avait déportés de Jérusalem à Babylone. C’était après que le roi Jékonias eut quitté Jérusalem avec la reine mère, les dignitaires, les princes de Juda et de Jérusalem, les artisans et forgerons. Cette lettre fut confiée à Élasa, fils de Shafane, et à Guemarya, fils de Hilqiya, que Sédécias, roi de Juda, avait envoyés à Babylone auprès de Nabucodonosor, roi de Babylone. Elle disait&nbsp;: «&nbsp;Ainsi parle le SEIGNEUR de l’univers, le Dieu d’Israël, à tous les exilés que j’ai déportés de Jérusalem à Babylone&nbsp;: Bâtissez des maisons et habitez-les, plantez des jardins et mangez de leurs fruits. Prenez des femmes et engendrez des fils et des filles, prenez des femmes pour vos fils&nbsp;; donnez vos filles en mariage, et qu’elles enfantent des fils et des filles&nbsp;; multipliez-vous là-bas, et ne diminuez pas&nbsp;! Recherchez la paix en faveur de la ville où je vous ai déportés, et intercédez pour elle auprès du SEIGNEUR, car de sa paix dépend votre paix. Oui, ainsi parle le SEIGNEUR de l’univers, le Dieu d’Israël&nbsp;: Ne vous laissez abuser ni par les prophètes qui sont au milieu de vous, ni par vos devins&nbsp;! N’écoutez pas vos songes, les songes que vous provoquez&nbsp;! Car c’est le mensonge qu’ils prophétisent en mon nom. Je ne les ai pas envoyés —&nbsp;oracle du SEIGNEUR. Oui, ainsi parle le SEIGNEUR&nbsp;: Dès que les soixante-dix ans seront révolus pour Babylone, je vous visiterai, j’accomplirai pour vous ma parole de bonheur, en vous ramenant en ce lieu. Car moi, je connais les pensées que je forme à votre sujet —&nbsp;oracle du SEIGNEUR&nbsp;—, pensées de paix et non de malheur, pour vous donner un avenir et une espérance. Vous m’invoquerez, vous approcherez, vous me prierez, et je vous écouterai. Vous me chercherez et vous me trouverez&nbsp;; oui, recherchez-moi de tout votre cœur. Je me laisserai trouver par vous —&nbsp;oracle du SEIGNEUR et je ramènerai vos captifs. Je vous rassemblerai de toutes les nations et de tous les lieux où je vous avais chassés —&nbsp;oracle du SEIGNEUR&nbsp;—, et je vous ramènerai au lieu dont je vous avais exilés.&nbsp;»</p>",
      "responsory": "<p>R/ Justifiés par la foi,<br> nous avons la paix en Dieu,<br> en Jésus, notre Seigneur.</p> <p>Mon dessein pour vous, oracle du Seigneur,<br> est un dessein de paix, un avenir d’espérance.</p> <p>Quand vous me chercherez, vous me trouverez,<br> pour m’avoir cherché de tout votre cœur.</p>"
    },
    "patristicReading": {
      "title": "Sermon de Saint Léon le Grand sur les Béatitudes",
      "subtitle": "La loi de la Nouvelle Alliance",
      "content": "<p>Notre Seigneur Jésus Christ, mes bien-aimés, prêchait l’Évangile du Royaume&nbsp;; il guérissait toutes sortes de maladies à travers toute la Galilée et la renommée de ses miracles se répandait à travers toute la Syrie&nbsp;; de grandes foules affluaient de la Judée entière vers le céleste médecin. En effet, la foi des hommes ignorants est lente à croire ce qu’elle ne voit pas et à espérer ce qu’elle ne connaît pas. Il fallait donc que, pour être fortifié par l’enseignement divin, leur esprit soit stimulé par des bienfaits corporels et des miracles visibles. En éprouvant une puissance si bienfaisante, ils ne douteraient pas que sa doctrine apportât le salut. Donc, pour transformer les guérisons extérieures en remèdes intérieurs, et rendre la santé aux âmes après avoir guéri les corps, le Seigneur s’éloigna des foules qui l’entouraient, gagna la retraite d’une montagne voisine et y appela ses Apôtres pour les imprégner des plus sublimes enseignements du haut de ce lieu symbolique. Par le caractère même du lieu et de l’action, il se désignait comme celui-là même qui jadis avait daigné s’entretenir avec Moïse. Mais alors c’était avec la plus terrible justice, à présent avec la plus sainte douceur, afin que s’accomplît la promesse annoncée par le prophète Jérémie&nbsp;: <i>Voici que des jours viennent, parole du Seigneur, où j’établirai une alliance nouvelle avec la maison d’Israël et la maison de Juda. Après ces jours-là, parole du Seigneur, je mettrai mes lois dans leur pensée, je les écrirai dans leur cœur</i>. Celui qui avait parlé à Moïse parla donc aussi aux Apôtres&nbsp;; dans le cœur de ses disciples, la main du Verbe, comme celle du scribe rapide, écrivit les commandements de la Nouvelle Alliance. Ce n’était plus comme autrefois au milieu de nuées épaisses, ni par des tonnerres et des éclairs effrayants qui empêchaient un peuple terrorisé d’approcher la montagne&nbsp;: c’était dans la tranquillité d’un entretien accessible à tous les assistants. Ainsi la douceur de la grâce supprimait l’âpreté de la loi, et l’esprit d’adoption enlevait la crainte de l’esclavage. Quelle est la doctrine du Christ, ses propres paroles le proclament&nbsp;: ceux qui désirent parvenir à l’éternelle béatitude doivent découvrir les degrés de cette ascension vers un bonheur infini&nbsp;: <i>Heureux</i>, dit-il,<i> les pauvres de cœur, car le Royaume des cieux est à eux</i>. On aurait pu se demander de quels pauvres parlait la Vérité si, en disant&nbsp;: <i>Heureux les pauvres</i>, elle n’avait pas précisé de quel genre de pauvres il fallait l’entendre&nbsp;; et il aurait paru suffire, pour mériter le Royaume des cieux, de connaître le dénuement que beaucoup subissent par le poids et la rigueur de la nécessité. Mais en disant&nbsp;: <i>Heureux les pauvres de cœur</i>, le Seigneur montre que le Royaume des cieux doit être accordé à ceux que recommande l’humilité de l’âme plutôt que le manque de ressources.</p>",
      "responsory": "<p>R/ J’ouvre mon cœur, Seigneur,<br> à ta parole de lumière.</p> <p>Cantique pour moi que tes volontés<br> en ma demeure d’étranger.</p> <p>Heureux les humbles, heureux les pauvres&nbsp;:<br> tu leur découvres le secret du Royaume&nbsp;!</p>"
    },
    "oration": [
      "Nous t’en prions, Seigneur, que ta grâce nous devance et qu’elle nous accompagne toujours, pour nous rendre attentifs à faire le bien sans relâche."
    ]
  },
  "sundayEvangelicAntiphonA": "Que sert à l’homme de gagner l’univers, s’il vient à perdre son âme&nbsp;?",
  "sundayEvangelicAntiphonB": "Tout ce qui rend l’homme impur vient du cœur de l’homme.",
  "sundayEvangelicAntiphonC": "Prends la dernière place, et le maître du festin te dira&nbsp;: Mon ami, monte plus haut."
}