{
  "invitatory": {
    "antiphon": [
      "Rendons grâce à Dieu, éternel est son amour."
    ]
  },
  "readings": {
    "biblicalReading": {
      "title": "Espérer en silence le salut",
      "ref": "Lm 3, 1-33",
      "content": "<p>Je suis l’homme qui a connu la misère sous le bâton de Ses emportements, moi qu’il a conduit et mené dans les ténèbres et non dans la lumière&nbsp;; contre moi seul, tout le jour, il porte et porte encore sa main. Il use ma chair et ma peau, il me brise les os&nbsp;; il me cerne, il m’environne d’amertume et de peine&nbsp;; il me fait habiter les ténèbres, comme les morts de tous les temps. Il m’a emmuré, et je ne peux sortir, il alourdit ma chaîne&nbsp;: j’ai beau crier et supplier, il étouffe ma prière&nbsp;; d’un bloc de pierre il barre mes routes, il détourne mes sentiers. Pour moi, il est un ours à l’affût, un lion en embuscade, il me fait perdre ma route, me désoriente, me laisse désemparé&nbsp;: il tend son arc, il me choisit comme cible pour sa flèche. Il a planté dans mes reins les dards de son carquois. Je suis la risée de tout mon peuple, leur chanson de chaque jour. Il m’a gorgé d’herbes amères, abreuvé d’absinthe. Il m’a broyé les dents avec du gravier, il m’enfouit dans la cendre. Tu enlèves la paix à mon âme, j’ai oublié le bonheur&nbsp;; j’ai dit&nbsp;: «&nbsp;Mon assurance a disparu, et l’espoir qui me venait du SEIGNEUR.&nbsp;» Rappelle-toi ma misère et mon errance, l’absinthe et le poison. Elle se rappelle, mon âme, elle se rappelle&nbsp;; en moi, elle défaille. Voici ce que je redis en mon cœur, et c’est pourquoi j’espère&nbsp;: Grâce à l’amour du SEIGNEUR, nous ne sommes pas anéantis&nbsp;; ses tendresses ne s’épuisent pas&nbsp;; elles se renouvellent chaque matin, —&nbsp;oui, ta fidélité surabonde. Je me dis&nbsp;: «&nbsp;Le SEIGNEUR est mon partage, c’est pourquoi j’espère en lui.&nbsp;» Le SEIGNEUR est bon pour qui se tourne vers lui, pour celui qui le cherche. Il est bon d’espérer en silence le salut du SEIGNEUR&nbsp;; il est bon pour l’homme de porter le joug dès sa jeunesse. Qu’il reste assis, solitaire, en silence, tant que le SEIGNEUR le lui impose&nbsp;; qu’il tienne sa bouche contre terre&nbsp;: peut-être y a-t-il un espoir&nbsp;! Qu’il tende la joue à qui le frappe, qu’il se laisse saturer d’insultes. Car le SEIGNEUR ne rejette pas pour toujours&nbsp;; s’il afflige, il fera miséricorde selon l’abondance de sa grâce&nbsp;; ce n’est pas de bon cœur qu’il humilie, qu’il afflige les enfants des hommes.</p>",
      "responsory": "<p>R/ Il est bon d’attendre en silence<br> le salut du Seigneur.</p> <p>Père, s’il est possible,<br> que passe loin de moi cette coupe&nbsp;;<br> pourtant non pas ce que je veux,<br> mais ce que tu veux.</p> <p>Père, l’heure est venue&nbsp;:<br> glorifie ton nom&nbsp;;<br> oui, tu l’as glorifié,<br> et tu le glorifieras encore.</p>"
    },
    "patristicReading": {
      "title": "SERMON D’ISAAC DE L’ÉTOILE",
      "subtitle": "C’est dans l’Église que le Christ pardonne",
      "content": "<p>Il y a deux choses qui reviennent à Dieu seul&nbsp;: l’honneur de recevoir la confession et le pouvoir de pardonner. Nous devons lui faire notre confession et attendre de lui le pardon. À Dieu seul il appartient, en effet, de pardonner les péchés&nbsp;; c’est donc à lui seul qu’il faut les confesser. Mais le Tout-Puissant, le Très-Haut, ayant pris une épouse faible et insignifiante, fit de cette servante une reine. Celle qui était en retrait à ses pieds, il l’a placée à côté de lui&nbsp;; car c’est de son côté qu’elle est sortie et c’est par là qu’il se l’est fiancée. Et de même que tout ce qui est au Père est au Fils et tout ce qui est au Fils est au Père de par leur unité de nature, de même l’Époux a donné tous ses biens à l’épouse et il a pris en charge tout ce qui appartient à l’épouse qu’il a unie à lui-même et aussi à son Père. Dans sa prière pour l’épouse, le Fils dit au Père&nbsp;: <i>Que tous, ils soient un, comme toi, Père, tu es en moi et moi en toi. Qu’ils soient un en nous, eux aussi.</i> Aussi l’Époux, qui est un avec le Père et un avec l’épouse, a enlevé en celle-ci tout ce qu’il a trouvé chez elle d’étranger, le fixant à la croix où il a porté ses péchés sur le bois et les a détruits par le bois. Ce qui est naturel et propre à l’épouse, il l’a assumé et revêtu&nbsp;; ce qui lui est propre et divin, il l’a donné à l’épouse. Il a en effet supprimé le diabolique, assumé l’humain, donné le divin, si bien que tout est commun à l’épouse et à l’Époux. C’est pourquoi celui qui n’a pas commis le péché et dont la bouche était sans fourberie peut bien dire&nbsp;: <i>Pitié pour moi, Seigneur, je suis sans force&nbsp;; guéris mon âme, car j’ai péché contre toi.</i> Il partage ainsi la faiblesse de l’épouse ainsi que son gémissement, et tout est commun à l’Époux et à l’épouse&nbsp;: l’honneur de recevoir la confession et le pouvoir de pardonner. C’est la raison de cette parole&nbsp;: <i>Va te montrer au prêtre. ~</i> L’Église ne peut donc rien pardonner sans le Christ&nbsp;; et le Christ ne veut rien pardonner sans l’Église. L’Église ne peut rien pardonner sinon à celui qui se convertit, c’est-à-dire à celui que le Christ a d’abord touché. Le Christ ne veut pas accorder son pardon à celui qui méprise l’Église.~ <i>Ce que Dieu a uni, que l’homme ne le sépare donc pas. Ce mystère est grand, je veux dire qu’il s’applique au Christ et à l’Église.</i>~ Garde-toi bien de séparer la tête du corps&nbsp;; n’empêche pas le Christ d’exister tout entier&nbsp;; car le Christ n’existe nulle part tout entier sans l’Église, ni l’Église sans le Christ. Le Christ total, intégral, c’est la tête et le corps. C’est lui qui dit&nbsp;: <i>Personne ne monte au ciel, sinon celui qui est descendu du ciel, le Fils de l’homme qui est au ciel.</i> C’est seulement cet homme-là qui pardonne les péchés.</p>",
      "responsory": "<p>R/ Un seul Seigneur, une seule foi,<br> un seul baptême, un seul Dieu et Père.</p> <p>Appelés à garder l’unité de l’Esprit<br> par le lien de la paix,<br> nous chantons et nous proclamons.</p> <p>Appelés à former un seul corps<br> dans un seul Esprit,<br> nous chantons et nous proclamons.</p> <p>Appelés à partager une seule espérance<br> dans le Christ,<br> nous chantons et nous proclamons.</p>"
    },
    "oration": [
      "Aux appels de ton peuple en prière, réponds, Seigneur, en ta bonté&nbsp;: donne à chacun la claire vision de ce qu’il doit faire et la force de l’accomplir."
    ]
  },
  "sundayEvangelicAntiphonA": "Quand deux ou trois sont réunis en mon nom, je suis au milieu d’eux, dit le Seigneur.",
  "sundayEvangelicAntiphonB": "Il fait toujours ce qui est bon&nbsp;: il fait entendre les sourds et parler les muets.",
  "sundayEvangelicAntiphonC": "Qui refuse de porter sa croix ne peut être mon disciple."
}