{
  "invitatory": {
    "antiphon": [
      "Venez, adorons le Maître du monde."
    ]
  },
  "readings": {
    "biblicalReading": {
      "title": "La Sagesse, prérogative d’Israël",
      "ref": "Ba 3, 9-15.24 –&nbsp;4, 4",
      "content": "<p>Écoute, Israël, les commandements de vie, prête l’oreille pour acquérir la connaissance. Pourquoi donc, Israël, pourquoi es-tu exilé chez tes ennemis, vieillissant sur une terre étrangère, souillé par le contact des cadavres, inscrit parmi les habitants du séjour des morts&nbsp;? – Parce que tu as abandonné la Source de la Sagesse&nbsp;! Si tu avais suivi les chemins de Dieu, tu vivrais dans la paix pour toujours. Apprends où se trouvent et la connaissance, et la force, et l’intelligence&nbsp;; pour savoir en même temps où se trouvent de longues années de vie, la lumière des yeux et la paix. Mais qui donc a découvert la demeure de la Sagesse, qui a pénétré jusqu’à ses trésors&nbsp;? Ô Israël, comme elle est grande, la maison de Dieu, comme il est vaste, le domaine qui lui appartient&nbsp;! Grand et sans borne, élevé, sans mesure&nbsp;! C’est là que naquirent les célèbres géants des origines, de haute stature, experts à la guerre. Ce n’est pas eux que Dieu a choisis, il ne leur a pas montré le chemin du savoir. Ils ont péri, par manque de connaissance, ils ont péri à cause de leur imprudence. Qui est monté au ciel pour saisir la Sagesse et la faire descendre des nuées&nbsp;? Qui a traversé la mer pour la trouver et la rapporter au prix d’un or très fin&nbsp;? Nul ne connaît son chemin, nul n’examine son sentier. Mais celui qui sait tout en connaît le chemin, il l’a découvert par son intelligence. Il a pour toujours aménagé la terre, et l’a peuplée de troupeaux. Il lance la lumière, et elle prend sa course&nbsp;; il la rappelle, et elle obéit en tremblant. Les étoiles brillent, joyeuses, à leur poste de veille&nbsp;; il les appelle, et elles répondent&nbsp;: «&nbsp;Nous voici&nbsp;!&nbsp;» Elles brillent avec joie pour celui qui les a faites. C’est lui qui est notre Dieu&nbsp;: aucun autre ne lui est comparable. Il a découvert les chemins du savoir, et il les a confiés à Jacob, son serviteur, à Israël, son bien-aimé. Ainsi, la Sagesse est apparue sur la terre, elle a vécu parmi les hommes. Elle est le livre des préceptes de Dieu, la Loi qui demeure éternellement&nbsp;: tous ceux qui l’observent vivront, ceux qui l’abandonnent mourront. Reviens, Jacob, saisis-la de nouveau&nbsp;; à sa lumière, marche vers la splendeur&nbsp;: ne laisse pas ta gloire à un autre, tes privilèges à un peuple étranger. Heureux sommes-nous, Israël&nbsp;! Car ce qui plaît à Dieu, nous le connaissons.</p>",
      "responsory": "<p>R/ Ô abîme de la sagesse<br> et de la science de Dieu,<br> insondables, ses décrets,<br> incompréhensibles, ses voies.</p> <p>Mystère de Dieu, mystère du Christ,<br> où se trouvent cachés tous les trésors<br> de la sagesse et de la connaissance.</p> <p>Dieu a voulu nous faire connaître<br> la gloire de ce mystère au milieu des nations&nbsp;:<br> le Christ parmi nous, l’espérance de la gloire.</p>"
    },
    "patristicReading": {
      "title": "HOMÉLIE DE SAINT PIERRE CHRYSOLOGUE SUR L’ANCIEN ET LE NOUVEL ADAM",
      "subtitle": "Le premier et le dernier Adam",
      "content": "<p>Saint Paul nous apprend que deux hommes sont à l’origine du genre humain&nbsp;: Adam et le Christ. Deux hommes égaux quant au corps, mais inégaux en mérite&nbsp;; vraiment tout à fait semblables par l’agencement de leurs membres, mais vraiment tout à fait dissemblables par leur origine. <i>Le premier Adam</i>, dit-il,<i> a été créé comme un être humain qui a reçu la vie&nbsp;; le dernier est un être spirituel qui donne la vie.</i> Le premier a été créé par le dernier de qui il a reçu l’âme qui le ferait vivre&nbsp;; il a été formé par son Créateur&nbsp;; et celui-ci n’attendait pas que la vie lui soit donnée par un autre, puisque c’est lui seul qui donne la vie à tous. Le premier est modelé d’un limon très vil&nbsp;; le dernier est né du sein très noble de la Vierge&nbsp;; chez l’un, la terre se transforme en chair&nbsp;; chez l’autre, la chair est élevée jusqu’à Dieu. Que puis-je dire encore&nbsp;? Le second Adam a établi son image dans le premier Adam, alors qu’il le modelait. De là vient qu’il en a endossé le rôle et reçu le nom, afin de ne pas laisser perdre ce qu’il avait fait à son image. Premier Adam, dernier Adam&nbsp;: le premier a commencé, le dernier ne finira pas. Car le dernier est véritablement le premier, comme il l’a dit lui-même&nbsp;: <i>Je suis le Premier et le Dernier.</i> <i>Je suis le Premier</i>, c’est-à-dire sans commencement. <i>Je suis le Dernier</i>, c’est-à-dire sans fin. Mais, dit l’Apôtre, <i>ce qui est apparu d’abord, ce n’est pas l’être spirituel, c’est l’être humain et, ensuite seulement, le spirituel.</i> En effet, la terre précède le fruit&nbsp;; mais la terre n’a pas autant de valeur que le fruit. Celle-là exige des gémissements et des travaux. Celui-ci donne la richesse et la vie. Le prophète a raison de tirer gloire d’un tel fruit lorsqu’il dit&nbsp;: <i>Notre terre donnera son fruit</i>. Quel fruit&nbsp;? Celui dont il dit ailleurs&nbsp;: <i>C’est un fruit de tes entrailles que je placerai sur ton trône</i>. Comme dit encore saint Paul&nbsp;: <i>Pétri de terre, le premier homme vient de la terre&nbsp;; le second, lui, vient du ciel. Puisque Adam est pétri de terre, comme lui les hommes appartiennent à la terre&nbsp;; puisque le Christ est venu du ciel, comme lui&nbsp;les hommes appartiennent au ciel.</i> ~ Comment des hommes dont la naissance n’est pas céleste pourront-ils devenir célestes, en ne gardant pas la nature de leur naissance mais en persévérant dans celle de leur seconde naissance&nbsp;? C’est pour cela, mes frères, que l’Esprit Saint féconde le sein de la source virginale du baptême, en y introduisant sa lumière&nbsp;: ainsi, des hommes terrestres, que leur extraction du limon de la terre avait introduits dans une condition misérable, sont enfantés à la vie du ciel et ramenés à la ressemblance de leur auteur. Puisque maintenant nous sommes renés, remodelés à l’image de notre Créateur, accomplissons le précepte de l’Apôtre&nbsp;: <i>De même que nous avons porté l’image de celui qui est pétri de terre, portons aussi l’image de celui qui vient du ciel.</i> ~ Maintenant renés à la ressemblance de notre Seigneur, comme nous l’avons dit, puisque Dieu nous a adoptés ~ pour ses fils, réalisons une image parfaite par une ressemblance parfaite avec notre Créateur&nbsp;:&nbsp;non par la gloire, qu’il est seul à posséder, mais par l’innocence, la simplicité, la douceur, la patience, l’humilité, la miséricorde, la concorde, puisque c’est par ces vertus qu’il a daigné venir et demeurer en communion avec nous.</p>",
      "responsory": "<p>R/ Gloire éternelle au Christ,<br> gloire au Vivant, alléluia&nbsp;!</p> <p>Il est le commencement,<br> premier-né d’entre les morts.</p> <p>Lui, le premier nous a aimés&nbsp;:<br> il nous a délivrés de nos péchés.</p> <p>Il est le premier et le dernier.<br> Le voici qui vient, nous le verrons&nbsp;!</p>"
    },
    "oration": [
      "Accorde-nous, Seigneur, de pouvoir t’adorer sans partage, et d’avoir pour tout homme une vraie charité."
    ]
  },
  "sundayEvangelicAntiphonA": "Rendez à César ce qui est à César et à Dieu ce qui est à Dieu.",
  "sundayEvangelicAntiphonB": "Le Fils de l’homme n’est pas venu pour être servi mais pour servir.",
  "sundayEvangelicAntiphonC": "Quand viendra le Fils de l’homme, trouvera-t-il la foi sur la terre&nbsp;?"
}