{
  "invitatory": {
    "antiphon": [
      "Approchons-nous de Dieu en rendant grâce."
    ]
  },
  "readings": {
    "biblicalReading": {
      "title": "Le dernier jugement, puis le bonheur éternel",
      "ref": "Jl 4, 1-3.9-21",
      "content": "<p>Oui, voici qu’en ces jours et en ce temps, où je ramènerai les captifs de Juda et de Jérusalem, j’assemblerai toutes les nations et je les ferai descendre vers la Vallée de Josaphat (dont le nom signifie «&nbsp;Le SEIGNEUR juge&nbsp;»). Là-bas, j’entrerai en jugement avec elles au sujet d’Israël, mon peuple et mon héritage, car elles l’ont dispersé parmi les nations, elles ont partagé ma terre. Elles ont tiré au sort mon peuple, troqué le garçon contre la prostituée, vendu la fille pour du vin qu’elles ont bu. Criez ceci parmi les nations, sanctifiez-vous pour faire la guerre, éveillez les guerriers&nbsp;; qu’ils s’avancent, qu’ils montent, tous les hommes de guerre&nbsp;! De vos socs, forgez des épées, et de vos serpes, des javelots&nbsp;; que le faible dise&nbsp;: «&nbsp;Je suis un brave&nbsp;!&nbsp;» Hâtez-vous et venez, toutes les nations d’alentour, assemblez-vous ici. SEIGNEUR, fais descendre tes braves&nbsp;! Que les nations se réveillent, qu’elles montent jusqu’à la vallée de Josaphat (dont le nom signifie «&nbsp;Le SEIGNEUR juge&nbsp;»), car c’est là que je vais siéger pour juger tous les peuples qui vous entourent. Lancez la faucille&nbsp;: la moisson est mûre&nbsp;; venez fouler la vendange&nbsp;: le pressoir est rempli et les cuves débordent de tout le mal qu’ils ont fait&nbsp;! Voici des multitudes et encore des multitudes dans la vallée du Jugement&nbsp;; il est tout proche, le jour du SEIGNEUR dans la vallée du Jugement&nbsp;! Le soleil et la lune se sont obscurcis, les étoiles ont retiré leur clarté. De Sion, le SEIGNEUR fait entendre un rugissement, de Jérusalem, il donne de la voix. Le ciel et la terre sont ébranlés, mais le SEIGNEUR est un refuge pour son peuple, une forteresse pour les fils d’Israël. Vous saurez que je suis le SEIGNEUR votre Dieu, qui demeure à Sion, sa montagne sainte. Jérusalem sera un lieu saint, les étrangers n’y passeront plus. Ce jour-là, le vin nouveau ruissellera sur les montagnes, le lait coulera sur les collines. Tous les torrents de Juda seront pleins d’eau, une source jaillira de la maison du SEIGNEUR et arrosera le ravin des Acacias. L’Égypte sera vouée à la désolation, Édom sera un désert désolé, car ils ont multiplié les violences contre les fils de Juda, ils ont répandu leur sang innocent dans le pays. Mais il y aura toujours des habitants en Juda, ainsi qu’à Jérusalem, de génération en génération. Je vengerai leur sang, que je n’avais pas encore vengé.</p>",
      "responsory": "<p>R/ Le Père a remis tout le jugement au Fils.</p> <p>Lancez la faucille, la moisson est mûre,<br> venez et foulez, le pressoir déborde.</p> <p>Le Seigneur sera pour son peuple un refuge,<br> une forteresse pour tous ses fidèles.</p> <p>Que l’homme assoiffé s’approche<br> et reçoive l’eau de la vie, gratuitement.</p>"
    },
    "patristicReading": {
      "title": "TRAITÉ DE SAINT FULGENCE DE RUSPE SUR LE PARDON DES PÉCHÉS",
      "subtitle": "«&nbsp;Heureux ceux qui ont part à la première résurrection...&nbsp;»",
      "content": "<p><i>Instantanément, en un clin d’œil, quand retentira le signal au dernier jour, car il retentira, les morts ressusciteront, impérissables, et nous serons transformés</i>. En disant «&nbsp;nous», saint Paul montre qu’il est uni à ceux qui recevront le don de la transformation future, et qui sont ses compagnons dans la communion de l’Église et dans une vie droite. Il suggère la nature de cette transformation quand il dit&nbsp;: <i>Car il faut que ce qui est périssable en nous devienne impérissable, il faut que ce qui est mortel revête l’immortalité.</i> Pour que de tels hommes reçoivent alors cette transformation en juste récompense, il faut qu’elle soit précédée maintenant par la transformation qui vient de l’abondance de la grâce. ~ Ceux qui, dans la vie présente, se seront transformés en passant du mal au bien ont la promesse de cette récompense que sera la transformation future. ~ En eux, c’est donc la grâce qui agit, afin que la justification, par laquelle nous ressuscitons spirituellement, commence la transformation du don divin&nbsp;; et ensuite, à la résurrection du corps qui achève la transformation des hommes justifiés, la glorification demeurera parfaite sans subir de transformation. La grâce de la justification d’abord, et ensuite celle de la glorification les transforme de telle sorte que la glorification demeure en eux immuable et éternelle. En effet, ils sont transformés ici-bas par la première résurrection, celle qui les éclaire pour qu’ils se convertissent. Par elle, ils passent de la mort à la vie, du péché à la justice, de l’incroyance à la foi, d’une conduite mauvaise à une vie sainte. C’est pourquoi la seconde mort est sans pouvoir sur eux. L’Apocalypse dit à leur sujet&nbsp;: <i>Heureux ceux qui ont part à la première résurrection&nbsp;: la seconde mort est sans pouvoir sur eux</i>. Et l’on dit encore dans le même livre&nbsp;: <i>Le vainqueur ne souffrira aucunement de la seconde mort</i>. De même que la première résurrection consiste dans la conversion du cœur, ainsi la seconde mort, dans le supplice éternel. Aussi chacun doit se hâter de participer à la première résurrection, s’il ne veut pas être condamné au châtiment de la seconde mort. Ceux qui, transformés en cette vie par la crainte de Dieu, passent d’une vie mauvaise à une vie bonne, passent de la mort à la vie&nbsp;; et ensuite, leur vie d’abjection sera transformée en gloire.</p>",
      "responsory": "<p>R/ Où est votre trésor,<br> là aussi sera votre cœur&nbsp;!</p> <p> Ressuscités avec le Christ,<br> recherchez ce qui est en haut&nbsp;!</p> <p> Vous êtes morts<br> et votre vie est cachée avec le Christ en Dieu.</p> <p> Quand le Christ, votre vie, paraîtra,<br> vous paraîtrez avec lui en pleine gloire.</p>"
    },
    "oration": [
      "Dieu qui as envoyé ton Fils pour nous sauver et pour faire de nous tes enfants d’adoption, regarde avec bonté ceux que tu aimes comme un père&nbsp;; puisque nous croyons au Christ, accorde-nous la vraie liberté et la vie éternelle."
    ]
  },
  "sundayEvangelicAntiphonA": "Serviteur fidèle, entre dans la joie de ton Seigneur&nbsp;; tu as été fidèle en peu de chose, je te confierai tous mes biens.",
  "sundayEvangelicAntiphonB": "En ce temps-là, vous verrez le Fils de l’homme venir sur les nuées du ciel avec puissance et grande gloire.",
  "sundayEvangelicAntiphonC": "Ne vous effrayez pas, soyez mes témoins&nbsp;; par votre persévérance, vous obtiendrez la vie."
}