{
  "invitatory": {
    "antiphon": [
      "Le Seigneur est Roi, venez, adorons-le."
    ]
  },
  "morning": {
    "hymn": [
      "soleil-levant"
    ],
    "psalmody": [
      {
        "psalm": "PSALM_84",
        "antiphon": [
          "Par amour de cette terre, tu ôtes le péché de ton peuple, et ta gloire habite chez nous.",
          "Le fruit de la lumière est bonté, justice et vérité."
        ]
      },
      {
        "psalm": "AT_20",
        "antiphon": [
          "Mon esprit au fond de moi te guette dès l’aurore.",
          "Prenez appui sur le Seigneur, sur le roc éternel."
        ]
      },
      {
        "psalm": "PSALM_66",
        "antiphon": [
          "&nbsp;R/ du psaume.",
          "Fais briller sur nous, Seigneur, la lumière de ta face."
        ]
      }
    ],
    "reading": {
      "biblicalReference": "1 Jn 4, 14-15",
      "content": "Nous qui avons vu, nous attestons que le Père a envoyé son Fils comme Sauveur du monde. Celui qui proclame que Jésus est le Fils de Dieu, Dieu demeure en lui, et lui en Dieu."
    },
    "responsory": "<p>R/ Ô Christ, le Fils du Dieu vivant,<br>  * Pitié pour nous.<br> V/ Toi qui es assis à la droite du Père, * <br> Gloire au Père et au Fils et au Saint-Esprit.&nbsp;R/ <br></p>",
    "evangelicAntiphon": {
      "common": "Prenez appui sur le Seigneur&nbsp;: il vous assure la paix."
    },
    "intercession": {
      "content": "<p>Au matin de ce nouveau jour, prions le Christ Seigneur&nbsp;:</p> <p>R/ Exauce-nous, Seigneur.</p> <p>Jésus Christ, Premier-né avant toute créature, <br> –&nbsp;éveille nos sens à la beauté de ton œuvre.</p> <p>Jésus Christ, Lumière qui se lève sur le monde, <br> –&nbsp;découvre à notre esprit tes volontés.</p> <p>Jésus Christ, Fils bien-aimé du Père, <br> –&nbsp;inspire-nous l’amour filial et fraternel.</p> <p>Jésus Christ, Source jaillissante de vie, <br> –&nbsp;féconde le travail de ce jour.</p> <p>Jésus Christ, Ami des pauvres et des petits, <br> –&nbsp;rends-nous attentifs à leur appel.</p> "
    },
    "oration": [
      "Dieu qui ne cesses de créer l’univers, tu as voulu associer l’homme à ton ouvrage&nbsp;; regarde le travail que nous avons à faire&nbsp;: qu’il nous permette de gagner notre vie, qu’il soit utile à ceux dont nous avons la charge et serve à l’avènement de ton Royaume."
    ]
  },
  "readings": {
    "psalmody": [
      {
        "psalm": "PSALM_67_1",
        "antiphon": [
          "Que Dieu se lève, et ses ennemis se dispersent."
        ]
      },
      {
        "psalm": "PSALM_67_2",
        "antiphon": [
          "Notre Dieu est un Dieu de délivrance&nbsp;: au Seigneur, les issues de la mort."
        ]
      },
      {
        "psalm": "PSALM_67_3",
        "antiphon": [
          "Royaumes de la terre, chantez au Seigneur&nbsp;!"
        ]
      }
    ],
    "biblicalReading": {
      "title": "« Mon père était un araméen »",
      "ref": "Dt 26, 1-19",
      "content": "<p>Lorsque tu seras entré dans le pays que te donne en héritage le SEIGNEUR ton Dieu, quand tu le posséderas et y habiteras, tu prendras une part des prémices de tous les fruits de ton sol, les fruits que tu auras tirés de ce pays que te donne le SEIGNEUR ton Dieu, et tu les mettras dans une corbeille. Tu te rendras au lieu que le SEIGNEUR ton Dieu aura choisi pour y faire demeurer son nom. Tu iras trouver le prêtre en fonction ces jours-là et tu lui diras&nbsp;: «&nbsp;Je le déclare aujourd’hui au SEIGNEUR ton Dieu&nbsp;: je suis entré dans le pays que le SEIGNEUR a juré à nos pères de nous donner.&nbsp;» Le prêtre recevra de tes mains la corbeille et la déposera devant l’autel du SEIGNEUR ton Dieu. Tu prononceras ces paroles devant le SEIGNEUR ton Dieu&nbsp;: «&nbsp;Mon père était un Araméen nomade, qui descendit en Égypte&nbsp;: il y vécut en immigré avec son petit clan. C’est là qu’il est devenu une grande nation, puissante et nombreuse. Les Égyptiens nous ont maltraités, et réduits à la pauvreté&nbsp;; ils nous ont imposé un dur esclavage. Nous avons crié vers le SEIGNEUR, le Dieu de nos pères. Il a entendu notre voix, il a vu que nous étions dans la misère, la peine et l’oppression. Le SEIGNEUR nous a fait sortir d’Égypte à main forte et à bras étendu, par des actions terrifiantes, des signes et des prodiges. Il nous a conduits dans ce lieu et nous a donné ce pays, un pays ruisselant de lait et de miel. Et maintenant voici que j’apporte les prémices des fruits du sol que tu m’as donné, SEIGNEUR.&nbsp;» Ensuite tu les déposeras devant le SEIGNEUR ton Dieu et tu te prosterneras devant lui. Alors tu te réjouiras pour tous les biens que le SEIGNEUR ton Dieu t’a donnés, à toi et à ta maison. Avec toi se réjouiront le lévite, et l’immigré qui réside chez toi. La troisième année, l’année de la dîme, après avoir achevé de prélever toute la dîme de ta récolte, tu la distribueras au lévite, à l’immigré, à l’orphelin et à la veuve&nbsp;; ils mangeront à satiété dans ta ville. Alors, en présence du SEIGNEUR ton Dieu, tu diras&nbsp;: «&nbsp;J’ai retiré de ma maison ce qui est consacré et je l’ai distribué au lévite, à l’immigré, à l’orphelin et à la veuve, selon le commandement que tu m’as donné. Je n’ai pas transgressé tes commandements, je n’ai rien oublié. Quand j’étais en deuil, je n’ai pas mangé de ce qui est consacré&nbsp;; je ne l’ai pas retiré de ma maison pour un usage impur, je ne l’ai pas donné à un mort. J’ai écouté la voix du SEIGNEUR mon Dieu. J’ai agi selon tous tes commandements. De ta sainte demeure, du haut du ciel, regarde&nbsp;: bénis ton peuple Israël et la terre que tu nous as donnée selon le serment fait à nos pères&nbsp;; c’est un pays ruisselant de lait et de miel.&nbsp;» Aujourd’hui le SEIGNEUR ton Dieu te commande de mettre en pratique ces décrets et ces ordonnances. Tu veilleras à les pratiquer de tout ton cœur et de toute ton âme. Aujourd’hui tu as obtenu du SEIGNEUR cette déclaration&nbsp;: lui sera ton Dieu&nbsp;; toi, tu suivras ses chemins, tu garderas ses décrets, ses commandements et ses ordonnances, tu écouteras sa voix. Aujourd’hui le SEIGNEUR a obtenu de toi cette déclaration&nbsp;: tu seras son peuple, son domaine particulier, comme il te l’a dit, tu devras garder tous ses commandements. Il te fera dépasser en prestige, renommée et gloire toutes les nations qu’il a faites, et tu seras un peuple consacré au SEIGNEUR ton Dieu, comme il l’a dit.</p>",
      "responsory": "<p>R/ De ta demeure de sainteté, Seigneur,<br> regarde et bénis ton peuple.</p> <p>Vous êtes un peuple acquis pour annoncer les louanges<br> de celui qui vous a appelés des ténèbres<br> à son admirable lumière.</p> <p>Jadis vous n’étiez pas un peuple,<br> vous êtes maintenant le peuple de Dieu.</p>"
    },
    "patristicReading": {
      "title": "Les grandes règles monastiques de Saint Basile",
      "subtitle": "Le plus grand don de Dieu",
      "content": "<p>Quelles paroles pourraient exposer dignement les bienfaits de Dieu&nbsp;? Leur nombre est incalculable. Quant à leur grandeur, elle est telle qu’un seul d’entre eux suffit pour faire de nous des débiteurs obligés à manifester toute leur reconnaissance envers celui dont nous l’avons reçu. ~ Voici le bienfait qu’il est absolument impossible d’oublier, que tout homme, doué d’intelligence et de saine raison, ne peut passer sous silence, et dont cependant personne ne, peut parler comme il faudrait. Dieu avait créé l’homme à son image et ressemblance&nbsp;; il l’avait rendu digne de le connaître lui-même&nbsp;; il l’avait mis au-dessus des autres animaux en le dotant de la raison&nbsp;; il lui avait donné la jouissance des incomparables beautés du Paradis et avait fait de lui le souverain de tout ce qu’il y a sur la terre. Puis l’homme se laissa tromper par le serpent, tomba dans le péché et, par le péché, dans la mort et dans tous les maux qui y conduisent. Cependant, Dieu ne l’abandonna pas. Il lui donna d’abord le secours de la Loi&nbsp;; il désigna des anges pour le garder et prendre soin de lui&nbsp;; il envoya des prophètes pour lui reprocher sa méchanceté et lui enseigner la vertu&nbsp;; il brisa par des menaces ses tendances au mal, et excita par des promesses son attrait pour le bien, en montrant continuellement, par des exemples divers, l’aboutissement de ces deux chemins. Et, alors qu’après tous ces bienfaits et beaucoup d’autres, nous nous obstinions dans la désobéissance, Dieu ne s’est pas détourné de nous. Non, la bonté du Seigneur ne nous a pas abandonnés et nous n’avons pas découragé son amour envers nous, bien que nous ayons outragé notre bienfaiteur en demeurant insensibles à toutes ses attentions. Bien au contraire, nous avons été tirés de la mort et rendus à la vie par notre Seigneur Jésus Christ. Ici, la manière dont il nous a comblés de bienfaits est plus admirable encore&nbsp;: <i>Lui qui était dans la condition de Dieu, il n’a pas jugé bon de revendiquer son droit d’être traité à l’égal de Dieu&nbsp;; mais au contraire, il se dépouilla lui-même en prenant la condition de serviteur.</i> En outre, <i>il a porté nos souffrances, il s’est chargé de nos maladies, il a été blessé pour nous afin que nous soyons guéris par ses plaies. Il nous a rachetés de la malédiction en devenant lui-même malédiction pour nous.</i> Il a subi la mort la plus déshonorante pour nous ramener à la vie de la gloire. Et il ne lui a pas suffi de rendre à la vie ceux qui étaient morts&nbsp;: il leur a donné gracieusement la dignité divine et leur a préparé dans l’éternel repos un bonheur qui surpasse tout ce que l’homme peut imaginer. Que rendrons-nous donc <i>au Seigneur pour tout ce qu’il nous a donné&nbsp;?</i> Il est si bon qu’il ne demande rien en échange de tout ce qu’il nous a donné&nbsp;: il se contente d’être aimé. Quant à moi, pour dire ce que je ressens, lorsque je me rappelle tout cela, je suis saisi d’épouvante et d’une stupeur terrible&nbsp;: je redoute que par la négligence ou, à force de m’occuper de futilités, je ne perde l’amour de Dieu et ne devienne pour le Christ un sujet de honte.</p>",
      "responsory": "<p>R/ Gloire éternelle au Christ,<br> gloire au Vivant, alléluia&nbsp;!</p> <p>Il est le commencement,<br> premier né d’entre les morts.</p> <p>Lui, le premier, nous a aimés&nbsp;:<br> il nous a délivrés de nos péchés.</p> <p>Il est le premier et le dernier,<br> le voici qui vient, nous le verrons&nbsp;!</p>"
    },
    "verse": "<p>V/ J’écoute&nbsp;: Que dira le Seigneur&nbsp;?<br>Ce qu’il dit, c’est la paix pour ses fidèles.</p>",
    "oration": [
      "Dieu qui as relevé le monde par les abaissements de ton Fils, donne à tes fidèles une joie sainte&nbsp;: tu les as tirés de l’esclavage du péché&nbsp;; fais-leur connaître le bonheur impérissable."
    ]
  },
  "middleOfDay": {
    "psalmody": [
      {
        "psalm": "PSALM_118_13",
        "antiphon": [
          "Je fais miennes pour toujours tes volontés."
        ]
      },
      {
        "psalm": "PSALM_73_1",
        "antiphon": [
          "N’oublie pas, Seigneur, la vie de tes pauvres&nbsp;!"
        ]
      },
      {
        "psalm": "PSALM_73_2",
        "antiphon": [
          "N’oublie pas, Seigneur, la vie de tes pauvres&nbsp;!"
        ]
      }
    ]
  },
  "vespers": {
    "hymn": [
      "sans-fin-seigneur-dieu-notre-pere"
    ],
    "psalmody": [
      {
        "psalm": "PSALM_124",
        "antiphon": [
          "Le Seigneur entoure son peuple dès maintenant et à jamais.",
          "Le Seigneur est fidèle&nbsp;: il vous garde et vous affermit."
        ]
      },
      {
        "psalm": "PSALM_130",
        "antiphon": [
          "Je tiens mon âme égale et silencieuse.",
          "L’amour parfait chasse la crainte."
        ]
      },
      {
        "psalm": "NT_9",
        "antiphon": [
          "R/ Puissance, honneur et gloire à l’Agneau de Dieu&nbsp;!"
        ]
      }
    ],
    "reading": {
      "biblicalReference": "Rm 12, 9-12",
      "content": "Que votre amour soit sans hypocrisie. Fuyez le mal avec horreur, attachez-vous au bien. Soyez unis les uns aux autres par l’affection fraternelle, rivalisez de respect les uns pour les autres. Ne brisez pas l’élan de votre générosité, mais laissez jaillir l’Esprit&nbsp;; soyez les serviteurs du Seigneur. Aux jours d’espérance, soyez dans la joie&nbsp;; aux jours d’épreuve, tenez bon&nbsp;; priez avec persévérance."
    },
    "responsory": "<p>R/ Seigneur, maître de la vie,<br>  *  Répands ton Esprit sur l’univers.<br> V/ Seigneur, tu es grand et glorieux.  * <br> Gloire au Père et au Fils et au Saint-Esprit.&nbsp;R/ <br></p>",
    "evangelicAntiphon": {
      "common": "Heureux les artisans de paix&nbsp;: ils seront appelés fils de Dieu&nbsp;!"
    },
    "intercession": {
      "content": "<p>Bénissons le Seigneur du ciel et de la terre, qui révèle aux petits les merveilles de son amour&nbsp;:</p> <p> R/ Tu es l’espérance des hommes. </p> <p> Par Jésus Christ, tu es venu jusqu’à nous&nbsp;;<br> –&nbsp;qu’il nous conduise à toi, son Père et notre Père.</p> <p> Le pouvoir des puissants est dans ta main&nbsp;;<br> –&nbsp;dirige ceux qui nous gouvernent.</p> <p> Chacune des créatures est un reflet de ta splendeur&nbsp;;<br> –&nbsp;inspire à ceux qui cherchent des images de ta gloire.</p> <p> Tu ne veux pas que nous soyons tentés au-delà de nos forces&nbsp;;&nbsp;<br> –&nbsp;fais que nous tenions dans les épreuves.</p> <p> Tu as promis de ressusciter les hommes au dernier Jour&nbsp;;&nbsp;<br> –&nbsp;souviens-toi de ceux qui sont morts aujourd’hui.</p>"
    },
    "oration": [
      "Laisse monter vers toi, Seigneur, le bruit de notre terre pour l’accueillir dans ton silence, et fais descendre sur nous ta paix, Jésus, ton Fils, Dieu à jamais."
    ]
  },
  "sundayEvangelicAntiphonA": "Jésus parcourait la Galilée&nbsp;; il annonçait la Bonne Nouvelle du Royaume, et guérissait toute maladie.",
  "sundayEvangelicAntiphonB": "Les temps sont accomplis, voici le Règne de Dieu&nbsp;: croyez à la Bonne Nouvelle.",
  "sundayEvangelicAntiphonC": "Aujourd’hui s’accomplit pour vous la parole de l’Écriture."
}