{
  "invitatory": {
    "antiphon": [
      "Venez tous au Seigneur, adorons notre Maître."
    ]
  },
  "morning": {
    "hymn": [
      "tu-es-venu-seigneur"
    ],
    "psalmody": [
      {
        "psalm": "PSALM_86",
        "antiphon": [
          "Tous les pays chantent ta gloire, sainte cité de Dieu&nbsp;!",
          "Église du Dieu vivant, en toi toutes nos sources&nbsp;!"
        ]
      },
      {
        "psalm": "AT_25",
        "antiphon": [
          "Voici notre Dieu&nbsp;! Voici le Seigneur Dieu&nbsp;!",
          "Ô profondeur de la sagesse de Dieu&nbsp;! Qui a connu la pensée du Seigneur&nbsp;?"
        ]
      },
      {
        "psalm": "PSALM_98",
        "antiphon": [
          "Exaltez le Seigneur notre Dieu, prosternez-vous devant lui, car il est saint.",
          "&nbsp;R/ du psaume."
        ]
      }
    ],
    "reading": {
      "biblicalReference": "1 P 4, 10-11",
      "content": "Ce que chacun de vous a reçu comme don de la grâce, mettez-le au service des autres, comme de bons gérants de la grâce de Dieu sous toutes ses formes&nbsp;: si quelqu’un a le don de parler, qu’il dise la parole de Dieu&nbsp;; s’il a le don du service, qu’il s’en acquitte avec la force que Dieu communique. Ainsi, en toute chose, Dieu recevra sa gloire par Jésus Christ."
    },
    "responsory": "<p>R/ Dieu, tu es mon Dieu,<br>  * Je te cherche dès l’aube.<br> V/ Comment découvrir ta lumière&nbsp;? * <br> V/ Où saisir un reflet de ta gloire&nbsp;? * <br> Gloire au Père et au Fils et au Saint-Esprit.&nbsp;R/ <br></p>",
    "evangelicAntiphon": {
      "common": "Exaltez le Seigneur notre Dieu&nbsp;: il aime la justice."
    },
    "intercession": {
      "content": "<p>Avec nos actions de grâce, présentons à Dieu nos demandes&nbsp;:</p> <p>R/ Écoute-nous, Dieu très bon.</p> <p>Béni sois-tu, Seigneur, qui as mis en nous le souffle de la vie&nbsp;:&nbsp;<br> —&nbsp;donne-nous de revivre par ton Esprit.</p> <p>À l’aube de ce jour, suscite en nous le désir de te servir&nbsp;:&nbsp;<br> —&nbsp;que nos travaux et nos joies te glorifient.</p> <p>Devant les pièges de l’argent et de l’orgueil,&nbsp;<br> —&nbsp;dessille nos yeux et guide nos pas.</p> <p>Rends-nous sensibles aux besoins de nos frères&nbsp;:&nbsp;<br> —&nbsp;que notre charité se fasse inventive.</p> "
    },
    "oration": [
      "Nous t’en prions, Dieu de miséricorde, sur les hommes qui n’ont pas reçu ta lumière, fais lever ton soleil, Jésus, le Christ, notre Seigneur. Lui qui règne."
    ]
  },
  "readings": {
    "psalmody": [
      {
        "psalm": "PSALM_88_4",
        "antiphon": [
          "Regarde, Seigneur, vois notre détresse."
        ]
      },
      {
        "psalm": "PSALM_88_5",
        "antiphon": [
          "Je suis le rejeton de la race de David, l’étoile radieuse du matin."
        ]
      },
      {
        "psalm": "PSALM_89",
        "antiphon": [
          "Nos années passent comme l’herbe qui pousse&nbsp;; toi, tu es Dieu d’âge en âge."
        ]
      }
    ],
    "biblicalReading": {
      "title": "Promesse de pardon",
      "ref": "Dt 30, 1-20",
      "content": "<p>Lorsque toutes ces paroles se seront réalisées pour toi, cette bénédiction et cette malédiction que j’ai mises devant toi, tu les feras revenir en ton cœur, au milieu de toutes les nations où le SEIGNEUR ton Dieu t’aura exilé. Tu reviendras au SEIGNEUR ton Dieu, toi et tes fils, tu écouteras sa voix de tout ton cœur et de toute ton âme, tu observeras tout ce que je te commande aujourd’hui. Alors le SEIGNEUR changera ton sort, il te montrera sa tendresse, et il te rassemblera de nouveau du milieu de tous les peuples où il t’aura dispersé. Serais-tu exilé au bout du monde, là même le SEIGNEUR ton Dieu ira te prendre, et il te rassemblera. Le SEIGNEUR ton Dieu te fera rentrer au pays que tes pères ont possédé, et tu le posséderas&nbsp;; il te rendra heureux et nombreux, plus encore que tes pères. Le SEIGNEUR ton Dieu te circoncira le cœur, à toi et à ta descendance, pour que tu aimes le SEIGNEUR ton Dieu de tout ton cœur et de toute ton âme, afin de vivre&nbsp;; et le SEIGNEUR ton Dieu fera tomber toutes les malédictions sur tes ennemis et sur ceux qui te haïssent et te persécutent. Quant à toi, tu reviendras et tu écouteras la voix du SEIGNEUR, tu mettras en pratique tous ses commandements que je te donne aujourd’hui. Le SEIGNEUR te comblera de bonheur en toutes tes œuvres&nbsp;: il fera fructifier ta famille, ton bétail et ton sol&nbsp;; oui, de nouveau le SEIGNEUR prendra plaisir à ton bonheur, comme il prenait plaisir au bonheur de tes pères, pourvu que tu écoutes la voix du SEIGNEUR ton Dieu, en observant ses commandements et ses décrets inscrits dans ce livre de la Loi, et que tu reviennes au SEIGNEUR ton Dieu de tout ton cœur et de toute ton âme. Car cette loi que je te prescris aujourd’hui n’est pas au-dessus de tes forces ni hors de ton atteinte. Elle n’est pas dans les cieux, pour que tu dises&nbsp;: «&nbsp;Qui montera aux cieux nous la chercher&nbsp;? Qui nous la fera entendre, afin que nous la mettions en pratique&nbsp;?&nbsp;» Elle n’est pas au-delà des mers, pour que tu dises&nbsp;: «&nbsp;Qui se rendra au-delà des mers nous la chercher&nbsp;? Qui nous la fera entendre, afin que nous la mettions en pratique&nbsp;?&nbsp;» Elle est tout près de toi, cette Parole, elle est dans ta bouche et dans ton cœur, afin que tu la mettes en pratique. Vois&nbsp;! Je mets aujourd’hui devant toi ou bien la vie et le bonheur, ou bien la mort et le malheur. Ce que je te commande aujourd’hui, c’est d’aimer le SEIGNEUR ton Dieu, de marcher dans ses chemins, de garder ses commandements, ses décrets et ses ordonnances. Alors, tu vivras et te multiplieras&nbsp;; le SEIGNEUR ton Dieu te bénira dans le pays dont tu vas prendre possession. Mais si tu détournes ton cœur, si tu n’obéis pas, si tu te laisses entraîner à te prosterner devant d’autres dieux et à les servir, je vous le déclare aujourd’hui&nbsp;: certainement vous périrez, vous ne vivrez pas de longs jours sur la terre dont vous allez prendre possession quand vous aurez passé le Jourdain. Je prends aujourd’hui à témoin contre vous le ciel et la terre&nbsp;: je mets devant toi la vie ou la mort, la bénédiction ou la malédiction. Choisis donc la vie, pour que vous viviez, toi et ta descendance, en aimant le SEIGNEUR ton Dieu, en écoutant sa voix, en vous attachant à lui&nbsp;; c’est là que se trouve ta vie, une longue vie sur la terre que le SEIGNEUR a juré de donner à tes pères, Abraham, Isaac et Jacob.</p>",
      "responsory": "<p>R/ Jésus, le Seigneur est venu<br> pour que nous ayons la vie.</p> <p>Si tu reviens au Seigneur ton Dieu de tout ton cœur,<br> il te rassemblera à nouveau du milieu des peuples.</p> <p>Serais-tu égaré à l’extrémité des cieux,<br> même là le Seigneur ton Dieu viendra te prendre.</p> <p>Je te propose aujourd’hui la vie ou la mort&nbsp;:<br> choisis la vie, en aimant le Seigneur ton Dieu.</p>"
    },
    "patristicReading": {
      "title": "Homélie de Jean de Naples",
      "subtitle": "«&nbsp;Le Seigneur est ma lumière et mon salut&nbsp;»",
      "content": "<p><i>Le Seigneur est ma lumière et mon salut&nbsp;: de qui aurais-je peur&nbsp;?</i> C’était un grand serviteur, celui qui savait comment on était éclairé. Il voyait la lumière, non pas celle qui baisse sur le soir&nbsp;; mais cette lumière que l’œil ne voit pas. Les âmes éclairées par cette lumière ne courent pas vers le péché, ne trébuchent pas dans le vice.</P> <p>Le Seigneur disait en effet&nbsp;: <i>Marchez tant que vous avez la lumière.</i> De quelle lumière parlait-il, sinon de lui-même&nbsp;? Il a dit en effet&nbsp;: <i>Moi, la lumière, je suis venu dans le monde,</i> afin que ceux qui voient ne voient plus, et que les aveugles reçoivent la lumière. C’est donc lui, le Seigneur, qui est notre lumière, notre <i>soleil de justice,</i> lui qui a fait rayonner son Église catholique répandue partout, et c’est pour l’annoncer que le Prophète s’écriait&nbsp;: <i>Le Seigneur est ma lumière et mon salut&nbsp;: de qui aurais-je peur&nbsp;?</i> L’homme éclairé intérieurement ne boite pas, il ne s’écarte pas du chemin, il supporte tout. Celui qui voit de loin la patrie endure les difficultés, ne s’attriste pas des épreuves temporelles mais trouve sa force en Dieu&nbsp;; il abaisse son cœur, et il endure&nbsp;: son humilité entraîne la patience. Cette <i>lumière véritable qui éclaire tout homme venant en ce monde</i> se donne à ceux qui craignent Dieu, se répand en celui que le Fils veut, partout où il veut, elle se révèle à qui le Fils de Dieu veut. Celui qui était assis dans les ténèbres et dans l’ombre de la mort —&nbsp;dans les ténèbres du mal et dans l’ombre du péché —&nbsp;lorsque la lumière se lève, a horreur de lui-même, s’humilie, se repent, rougit de honte et dit&nbsp;: <i>Le Seigneur est ma lumière et mon salut&nbsp;: de qui aurais-je peur&nbsp;?</i> Ce salut est une grande chose, mes frères. Ce salut ne craint pas la faiblesse, ne redoute pas la fatigue, ne voit pas la douleur. —&nbsp;Nous devons donc crier de toutes nos forces, non seulement vocales mais spirituelles&nbsp;: Le Seigneur est ma lumière et mon salut&nbsp;: de qui aurais-je peur&nbsp;? Si c’est lui qui éclaire, si c’est lui qui sauve, de qui aurais-je peur&nbsp;? Que viennent les brouillards des tentations, <i>le Seigneur est ma lumière</i>. Elles peuvent venir, elles ne peuvent pas gagner&nbsp;; elles peuvent assaillir notre cœur, mais non le vaincre. Que vienne l’aveuglement des passions, <i>le Seigneur est ma lumière</i>. Il est notre force, lui qui se donne à nous&nbsp;; aussi donnons-nous à lui. Accourez au médecin pendant que vous le pouvez, pour éviter de le vouloir quand vous ne le pourrez plus.</p>",
      "responsory": "<p>R/ Vers toi j’ai les yeux levés,<br> Seigneur qui te tiens au ciel.</p> <p>Le jour du Seigneur arrive<br> comme un voleur en pleine nuit.</p> <p>Vous qui êtes enfants de la lumière,<br> enfants du jour, restez éveillés et sobres.</p> <p>Toujours joyeux, priez sans cesse,<br> en toute condition, soyez dans l’action de grâce.</p>"
    },
    "verse": "<p>V/ Seigneur, en toi est la source de vie.<br>En ta lumière, nous voyons la lumière.</p>",
    "oration": [
      "Sois favorable à tes fidèles, Seigneur et multiplie les dons de ta grâce&nbsp;: entretiens en eux la foi, l’espérance et la charité, pour qu’ils soient attentifs à garder tes commandements."
    ]
  },
  "middleOfDay": {
    "psalmody": [
      {
        "psalm": "PSALM_118_15",
        "antiphon": [
          "Que ta promesse me soutienne et je vivrai."
        ]
      },
      {
        "psalm": "PSALM_78",
        "antiphon": [
          "Aide-nous, Dieu notre Sauveur, pour la gloire de ton nom&nbsp;!"
        ]
      },
      {
        "psalm": "PSALM_79",
        "antiphon": [
          "Dieu de l’univers, reviens enfin, visite cette vigne que tes mains ont plantée."
        ]
      }
    ]
  },
  "vespers": {
    "hymn": [
      "joie-et-lumiere"
    ],
    "psalmody": [
      {
        "psalm": "PSALM_131_1",
        "antiphon": [
          "Entrons dans la demeure de Dieu, prosternons-nous devant lui."
        ]
      },
      {
        "psalm": "PSALM_131_2",
        "antiphon": [
          "Voici la demeure de Dieu parmi les hommes."
        ]
      },
      {
        "psalm": "NT_10"
      }
    ],
    "reading": {
      "biblicalReference": "1 P 3, 8-9",
      "content": "Que tout le monde vive parfaitement uni, plein de sympathie, d’amour fraternel, de tendresse, de simplicité. Ne rendez pas le mal pour le mal, ni l’insulte pour l’insulte&nbsp;; au contraire, appelez sur les autres la bénédiction puisque, par vocation, vous devez recevoir en héritage les bénédictions de Dieu."
    },
    "responsory": "<p>R/ Bénissez ceux qui vous maudissent<br>  *  Et vous serez les fils du Très-Haut.<br> V/ Donnez sans espérer de retour.  * <br> Gloire au Père et au Fils et au Saint-Esprit.&nbsp;R/ <br></p>",
    "evangelicAntiphon": {
      "common": "Heureux ceux qui ont faim et soif de la justice&nbsp;: ils seront rassasiés&nbsp;!"
    },
    "intercession": {
      "content": "<p>Prions avec foi Celui qui intercède pour nous auprès de son Père&nbsp;:</p> <p> R/ Souviens-toi, Seigneur, de ton amour. </p> <p> Seigneur Jésus, tu nous as dit de prier en tout temps&nbsp;:<br> —&nbsp;donne à ton Église de persévérer dans la prière.</p> <p> Nous te prions pour le pape N.&nbsp;:<br> —&nbsp;que sa foi ne défaille pas et qu’il encourage ses frères.</p> <p> Nous te prions pour les pécheurs&nbsp;:&nbsp;<br> —&nbsp;qu’ils connaissent la joie du pardon.</p> <p> Nous te prions pour ceux qui sont loin de leur pays&nbsp;:<br> —&nbsp;qu’ils trouvent une terre et des amis.</p> <p> Nous te prions pour ceux qui sont partis&nbsp;:&nbsp;<br> —&nbsp;qu’ils marchent sur la terre des vivants.</p>"
    },
    "oration": [
      "Nous te bénissons, Seigneur, pour ce jour que tu nous as donné&nbsp;; et nous te supplions de nous pardonner pour le mal que nous avons commis."
    ]
  },
  "sundayEvangelicAntiphonA": "Jésus parcourait la Galilée&nbsp;; il annonçait la Bonne Nouvelle du Royaume, et guérissait toute maladie.",
  "sundayEvangelicAntiphonB": "Les temps sont accomplis, voici le Règne de Dieu&nbsp;: croyez à la Bonne Nouvelle.",
  "sundayEvangelicAntiphonC": "Aujourd’hui s’accomplit pour vous la parole de l’Écriture."
}