{
  "invitatory": {
    "antiphon": [
      "Béni sois-tu, Seigneur, Dieu de tendresse et d’amour."
    ]
  },
  "readings": {
    "biblicalReading": {
      "title": "Le jour du Seigneur viendra sûrement",
      "ref": "2P 3, 1-18",
      "content": "<p>Bien-aimés, c’est déjà la deuxième lettre que je vous écris. Dans l’une et l’autre, je fais appel à votre mémoire, afin de réveiller en vous une intelligence claire, pour que vous vous souveniez des paroles dites à l’avance par les saints prophètes, et du commandement de vos apôtres, qui est celui du Seigneur et Sauveur. Sachez d’abord que, dans les derniers jours, des moqueurs viendront avec leurs moqueries, allant au gré de leurs convoitises, et disant&nbsp;: «&nbsp;Où en est la promesse de son avènement&nbsp;? En effet, depuis que les pères se sont endormis dans la mort, tout reste pareil depuis le début de la création.&nbsp;» En prétendant cela, ils oublient que, jadis, il y avait des cieux, ainsi qu’une terre sortie de l’eau et constituée au milieu de l’eau grâce à la parole de Dieu. Par ces mêmes éléments, le monde d’alors périt dans les eaux du déluge. Mais les cieux et la terre de maintenant, la même parole les réserve et les garde pour le feu, en vue du jour où les hommes impies seront jugés et périront. Bien-aimés, il est une chose qui ne doit pas vous échapper&nbsp;: pour le Seigneur, un seul jour est comme mille ans, et mille ans sont comme un seul jour. Le Seigneur ne tarde pas à tenir sa promesse, alors que certains prétendent qu’il a du retard. Au contraire, il prend patience envers vous, car il ne veut pas en laisser quelques-uns se perdre, mais il veut que tous parviennent à la conversion. Cependant le jour du Seigneur viendra, comme un voleur. Alors les cieux disparaîtront avec fracas, les éléments embrasés seront dissous, la terre, avec tout ce qu’on a fait ici-bas, ne pourra y échapper. Ainsi, puisque tout cela est en voie de dissolution, vous voyez quels hommes vous devez être, en vivant dans la sainteté et la piété, vous qui attendez, vous qui hâtez l’avènement du jour de Dieu, ce jour où les cieux enflammés seront dissous, où les éléments embrasés seront en fusion. Car ce que nous attendons, selon la promesse du Seigneur, c’est un ciel nouveau et une terre nouvelle où résidera la justice. C’est pourquoi, bien-aimés, en attendant cela, faites tout pour qu’on vous trouve sans tache ni défaut, dans la paix. Et dites-vous bien que la longue patience de notre Seigneur, c’est votre salut, comme vous l’a écrit également Paul, notre frère bien-aimé, avec la sagesse qui lui a été donnée. C’est ce qu’il dit encore dans toutes les lettres où il traite de ces sujets&nbsp;; on y trouve des textes difficiles à comprendre, que torturent des gens sans instruction et sans solidité, comme ils le font pour le reste des Écritures&nbsp;: cela les mène à leur propre perdition. Quant à vous, bien-aimés, vous voilà prévenus&nbsp;; prenez garde&nbsp;: ne vous laissez pas entraîner dans l’égarement des gens dévoyés, et n’abandonnez pas l’attitude de fermeté qui est la vôtre. Mais continuez à grandir dans la grâce et la connaissance de notre Seigneur et Sauveur, Jésus Christ. À lui la gloire, dès maintenant et jusqu’au jour de l’éternité. Amen.</p>",
      "responsory": "<p>R/ Il vient, le jour du Seigneur,<br> comme un voleur.</p> <p>Mille ans, pour le Seigneur, sont comme un jour,<br> et un jour comme mille ans.</p> <p>Grande est la patience de Dieu,<br> elle laisse à tous le temps du repentir.</p> <p>Veillons dans l’amour et la prière,<br> pour hâter l’avènement du jour de Dieu.</p>"
    },
    "patristicReading": {
      "title": "TRAITÉ DE SAINT CYPRIEN SUR LA CONDITION MORTELLE DE L’HOMME",
      "subtitle": "«&nbsp;Notre cité, à nous, est dans les cieux&nbsp;»",
      "content": "<p>Nous devons nous rappeler que notre devoir est de faire la volonté de Dieu, non la nôtre, comme le Seigneur nous a enseigné à le demander chaque jour dans notre prière. C’est contradictoire et absurde, alors que nous demandons que la volonté de Dieu se fasse, de ne pas être prêts à obéir sans tarder à cette volonté lorsqu’il nous appelle à sortir de ce monde. Nous résistons, nous refusons comme des esclaves rétifs, on nous traîne tristes et chagrins devant le Seigneur. Nous sortons de ce monde par contrainte et nécessité, non par une libre obéissance. Et nous attendons de Dieu les honneurs de la récompense céleste, alors que nous venons à lui de mauvais gré&nbsp;! Pourquoi demandons-nous dans la prière que le règne des cieux vienne, si nous prenons un tel plaisir à la captivité de la terre&nbsp;? Pourquoi insistons-nous par des supplications répétées pour que le jour du règne se hâte, si nos plus grands désirs et nos vœux les plus ardents sont pour servir ici-bas le démon, plutôt que pour régner avec le Christ&nbsp;? ~ Puisque le monde hait le chrétien, pourquoi aimes-tu celui qui te hait, au lieu de suivre le Christ, qui t’a racheté et qui t’aime&nbsp;? Saint Jean, dans sa lettre, nous interpelle et nous exhorte à ne pas aimer le monde en suivant les désirs de la chair&nbsp;: <i>N’ayez pas l’amour du monde ni de ce qui est dans le monde. Si quelqu’un aime le monde, il n’a pas en lui l’amour du Père. Tout ce qu’il y a dans le monde —&nbsp;les désirs égoïstes de la nature humaine, les désirs du regard, l’orgueil et la richesse&nbsp;—, tout cela ne vient pas du Père, mais du monde. Le monde passera, avec ses désirs. Mais celui qui fait la volonté de Dieu demeure pour toujours, de même que Dieu demeure pour toujours</i>. Mes frères bien-aimés, soyons donc plutôt préparés avec un esprit loyal, une foi solide, une vertu robuste, à tout ce que Dieu voudra de nous. Chassons la crainte de la mort en pensant à l’immortalité qui la suit. Montrons ainsi ce que nous croyons. ~ Nous devons considérer, mes frères bien-aimés, et méditer continuellement que nous avons renoncé au monde, que nous passons ici-bas, provisoirement, comme des étrangers et des voyageurs. Accueillons avec joie le jour qui fixe à chacun son véritable domicile, qui nous délivre de ce monde et de ses filets pour nous rendre au Paradis et au Royaume. Quel exilé ne serait pas pressé de rentrer dans sa patrie&nbsp;? ~ Nous tenons le ciel pour notre patrie. ~ Un grand nombre de ceux que nous aimons nous y attendent&nbsp;: une immense foule de pères, de fils, de frères nous désirent. Ils sont déjà sûrs de leur propre salut, et encore inquiets du nôtre. Quel bonheur partagé, pour eux et pour nous, de nous revoir, et de nous embrasser&nbsp;! Quel bonheur, dans ce royaume céleste, de ne plus craindre la mort&nbsp;! Quelle félicité parfaite et perpétuelle, de vivre pour l’éternité&nbsp;! C’est là que se trouvent le glorieux groupe des Apôtres, la troupe jubilante des prophètes, le peuple innombrable des martyrs, victorieux dans les combats et les souffrances. C’est là que se trouvent les vierges triomphantes qui ont vaincu par l’énergie de leur continence les convoitises charnelles&nbsp;; c’est là que sont récompensés les miséricordieux qui ont accompli la justice en donnant aux pauvres nourriture et aumônes et qui ont observé les préceptes du Seigneur en transférant leur patrimoine de la terre dans les trésors du ciel. Hâtons-nous de les rejoindre, frères bien-aimés, par un désir plein d’impatience. ~ Que Dieu voie en nous cette pensée, que le Christ Seigneur découvre cette résolution de notre âme et de notre foi. Il nous donnera d’autant plus largement sa gloire que nous l’aurons plus fortement désirée.</p>",
      "responsory": "<p>R/  Source de lumière dans le monde,<br> celui qui porte la parole de vie.</p> <p>Il n’a point de part aux ténèbres,<br> sa lumière est bonté, justice, vérité.</p> <p>Il entrera dans le Royaume éternel<br> de notre Seigneur et Sauveur Jésus Christ.</p>"
    },
    "oration": [
      "Accorde-nous, Seigneur, de trouver notre joie dans notre fidélité&nbsp;: car c’est un bonheur durable et profond de servir constamment le créateur de tout bien."
    ]
  }
}