{
  "invitatory": {
    "antiphon": [
      "Adorons le Seigneur, c’est lui qui nous a faits."
    ]
  },
  "readings": {
    "biblicalReading": {
      "title": "Libération d’Israël",
      "ref": "Za 10, 3 –&nbsp;11, 3",
      "content": "<p>Contre les bergers s’est enflammée ma colère, contre les boucs je vais sévir. Car le SEIGNEUR de l’univers visitera son troupeau —&nbsp;la maison de Juda&nbsp;—, dans le combat il en fera sa monture d’honneur. De Juda sortira une pierre d’angle, de lui sortira un piquet solide, de lui sortira un arc de guerre, de lui sortiront tous ceux qui s’imposent. Ensemble, ils seront comme des héros piétinant, dans le combat, la boue des chemins. Ils combattront, car le SEIGNEUR est avec eux, et ceux qui montent des chevaux seront couverts de honte. De la maison de Juda je ferai des héros, et je sauverai la maison de Joseph. Je les rétablirai car j’en aurai compassion&nbsp;; ils seront comme si je ne les avais pas rejetés, car moi, le SEIGNEUR, je suis leur Dieu, et je les exaucerai. Ceux d’Éphraïm seront comme des héros, comme sous l’effet du vin leur cœur se réjouira&nbsp;; en les voyant, leurs fils se réjouiront, leur cœur exultera dans le SEIGNEUR. Je vais siffler pour les rassembler, car je les ai rachetés, et ils seront aussi nombreux qu’autrefois. Je les ai disséminés parmi les nations, mais au loin, ils se souviendront de moi, ils vivront avec leurs fils et ils reviendront. Je les ramènerai de la terre d’Égypte, et d’Assour je les rassemblerai&nbsp;; je les ferai entrer au pays de Galaad et au Liban, et cela ne sera pas suffisant pour eux. —&nbsp;Il passera par la mer, une mer d’angoisse, il frappera les flots dans la mer, toutes les profondeurs du Nil seront asséchées. L’orgueil d’Assour sera abattu et le sceptre de l’Égypte disparaîtra. J’en ferai des héros dans la puissance du SEIGNEUR&nbsp;; c’est en son nom qu’ils marcheront —&nbsp;oracle du SEIGNEUR. Ouvre tes portes, Liban, et que le feu dévore tes cèdres&nbsp;! Hurle, cyprès, car le cèdre est tombé, les plus majestueux sont anéantis. Hurlez, chênes de Bashane, car elle est abattue, la forêt imprenable. Voix des bergers qui hurlent, car leur splendeur est anéantie. Voix des lionceaux qui rugissent, car l’orgueil du Jourdain est anéanti.</p>",
      "responsory": "<p>R/ Seigneur, nous étions loin,<br> et ton Fils nous a réconciliés avec toi.</p> <p>Je vous ai semés parmi les peuples,<br> mais au loin, vous vous souviendrez de moi.</p> <p>Je vais siffler pour vous rassembler,<br> et vous serez nombreux comme autrefois.</p> <p>Par le Christ et dans l’unique Esprit,<br> nous nous avançons vers le Père.</p>"
    },
    "patristicReading": {
      "title": "SERMON DE SAINT AUGUSTIN SUR LE PSAUME 63",
      "subtitle": "«&nbsp;L’espérance ne déçoit pas&nbsp;»",
      "content": "<p><i>Le juste se réjouira dans le Seigneur, il espérera en lui et tous les hommes au cœur droit trouveront en lui leur fierté</i>. Certes, nous avons chanté cela avec notre voix et notre cœur. Ces paroles de Dieu ont été dites par la conscience et la bouche chrétiennes. <i>Le juste se réjouira</i>, non dans le monde, mais <i>dans le Seigneur</i>. Il est dit, dans un autre psaume&nbsp;: <i>La lumière s’est levée pour le juste, et pour les cœurs droits, la joie</i>. Tu cherches d’où vient cette joie&nbsp;? Écoute ce texte&nbsp;: <i>Le juste se réjouira dans le Seigneur</i>. Et cet autre&nbsp;: <i>Mets ta joie dans le Seigneur, il comblera les désirs de ton cœur</i>. De quoi s’agit-il&nbsp;? Qu’est-ce que l’on nous donne&nbsp;? Quel est cet ordre&nbsp;? Quel est ce don&nbsp;? Nous réjouir dans le Seigneur. Qui peut se réjouir de ce qu’il ne voit pas&nbsp;? Est-ce que nous voyons le Seigneur&nbsp;? Maintenant, <i>nous cheminons dans la foi&nbsp;; tant que nous habitons dans ce corps, nous sommes en exil loin du Seigneur</i>. Nous cheminons dans la foi, non dans la vision. Quand sera-ce dans la vision&nbsp;? Lorsque s’accomplira cette parole de saint Jean&nbsp;: <i>Bien-aimés, dès maintenant nous sommes fils de Dieu&nbsp;; mais ce que nous serons n’apparaît pas encore clairement. Nous le savons, lorsque le Fils de Dieu apparaîtra, nous serons semblables à lui, parce que nous le verrons tel qu’il est.</i> Alors ce sera l’allégresse immense et parfaite, la joie plénière&nbsp;: on ne sera plus allaité par l’espérance, mais nourri par la réalité. Toutefois, dès maintenant, avant que la réalité nous advienne, avant que nous parvenions à la réalité elle-même, réjouissons-nous dans le Seigneur. Car elle ne donne pas une petite joie, cette espérance d’une réalité que nous obtiendrons ensuite. Maintenant, aimons dans l’espérance. C’est pourquoi, dit le psaume, <i>le juste se réjouit dans le Seigneur</i>. Et pour l’instant, parce qu’il ne voit pas encore, <i>il espérera en lui</i>. Cependant, nous avons les premières avances de l’Esprit, peut-être davantage&nbsp;; nous nous rapprochons de celui nous aimons. Et ce que nous désirons avec avidité manger et boire, nous y goûtons et nous le touchons, si c’est du bout des lèvres. Comment nous réjouissons-nous dans le Seigneur, si le Seigneur est loin de nous&nbsp;? Mais il n’est pas loin&nbsp;! C’est par ta faute qu’il est loin. Aime-le, et il s’approchera&nbsp;; aime-le, et il habitera en toi. <i>Le Seigneur est proche. Ne soyez inquiets de rien</i>. Tu veux savoir comment celui que tu aimes est avec toi&nbsp;? <i>Dieu est amour</i>. Tu vas me dire&nbsp;: «&nbsp;Mais qu’est-ce que l’amour&nbsp;»&nbsp;? L’amour est ce par quoi nous aimons. Qu’est-ce que nous aimons&nbsp;? Le bien inexprimable, le bien plein de bienfaits, le Créateur qui est bon, et qui a créé tous les biens. C’est lui qui fera tes délices, car c’est de lui que tu reçois tout ce qui fait tes délices. Je ne parle pas du péché, car le péché est la seule chose qui ne vienne pas de lui. Hormis le péché, c’est de lui que tu tiens tout ce que tu as.</p>",
      "responsory": "<p>R/ Que la paix de Dieu<br> garde nos cœurs et nos pensées dans le Christ.</p> <p> Le Seigneur est proche,<br> réjouissons-nous en tout temps.</p> <p> Le Seigneur est proche,<br> tenons ferme dans sa parole.</p>"
    },
    "oration": [
      "Seigneur, tu as voulu que toute la loi consiste à t’aimer et à aimer son prochain&nbsp;: donne-nous de garder tes commandements, et de parvenir ainsi à la vie éternelle."
    ]
  },
  "sundayEvangelicAntiphonA": "Serviteur fidèle, entre dans la joie de ton Seigneur&nbsp;; tu as été fidèle en peu de chose, je te confierai tous mes biens.",
  "sundayEvangelicAntiphonB": "En ce temps-là, vous verrez le Fils de l’homme venir sur les nuées du ciel avec puissance et grande gloire.",
  "sundayEvangelicAntiphonC": "Ne vous effrayez pas, soyez mes témoins&nbsp;; par votre persévérance, vous obtiendrez la vie."
}