{
  "firstVespers": {
    "hymn": [
      "le-jour-s-acheve"
    ],
    "psalmody": [
      {
        "psalm": "PSALM_121",
        "antiphon": [
          "La paix soit avec toi, sainte cité de Dieu&nbsp;!",
          "Réjouis-toi, Jérusalem&nbsp;! Vous qui l’aimez, rassemblez-vous&nbsp;: exultez de sa joie&nbsp;!"
        ]
      },
      {
        "psalm": "NT_5",
        "antiphon": [
          "Il s’est abaissé, Dieu l’a exalté."
        ]
      }
    ],
    "reading": {
      "biblicalReference": "2 P 1, 19-21",
      "content": "Vous avez raison de fixer votre attention sur la parole des prophètes, comme sur une lampe brillante dans l’obscurité jusqu’à ce que paraisse le jour et que l’étoile du matin se lève dans vos cœurs. Car vous savez cette chose essentielle&nbsp;: aucune prophétie de l’Écriture ne vient d’une intuition personnelle. En effet, ce n’est jamais la volonté d’un homme qui a porté une prophétie&nbsp;: c’est portés par l’Esprit que des hommes ont parlé de la part de Dieu."
    },
    "responsory": "<p>R/ Ta parole est la lumière de mes pas,<br> <span class=\"espace\">la lampe de ma route.</span><br> V/ Puisque l’Esprit est votre vie,<br> <span class=\"espace\">laissez-vous conduire par l’Esprit.&nbsp;R/ </span><br> V/ Tenez-vous sous la main puissante de Dieu,<br> <span class=\"espace\">il vous rendra inébranlables.&nbsp;R/ </span><br></p>",
    "evangelicAntiphon": {
      "common": "Lumière du monde, ô Jésus Christ, par toi la nuit resplendit comme le jour, la nuit même est lumière pour notre joie, alléluia&nbsp;!"
    },
    "intercession": {
      "content": "<p>Prions le Christ, source de joie pour qui espère en lui&nbsp;:</p> <p> R/ Regarde-nous, Seigneur&nbsp;: exauce-nous. </p> <p> Témoin fidèle et premier-né d’entre les morts,<br> tu nous as sauvés par l’eau et le sang,&nbsp;<br> —&nbsp;réjouis-nous au souvenir de tes merveilles.</p> <p> Tu envoies tes disciples annoncer l’Évangile au monde&nbsp;:&nbsp;<br> —&nbsp;donne-leur courage et fidélité.</p> <p> Par ta croix, tu as brisé le mur de la haine&nbsp;:&nbsp;<br> —&nbsp;accorde aux gouvernants ton Esprit de paix.</p> <p> Tu es venu porter le feu sur la terre&nbsp;:&nbsp;<br> —&nbsp;donne-nous de combattre toute injustice.</p> <p> Accueille auprès de ta mère et de tous les saints&nbsp;<br> —&nbsp;ceux que ta résurrection a libérés de la mort.</p>"
    }
  },
  "invitatory": {
    "antiphon": [
      "Peuple choisi par Dieu, viens adorer ton chef et ton pasteur."
    ]
  },
  "morning": {
    "hymn": [
      "o-pere-des-siecles-du-monde"
    ],
    "psalmody": [
      {
        "psalm": "PSALM_117",
        "antiphon": [
          "Voici le jour que fit le Seigneur, jour de fête et de joie.",
          "Alléluia, alléluia&nbsp;!"
        ]
      },
      {
        "psalm": "AT_40"
      },
      {
        "psalm": "PSALM_150",
        "antiphon": [
          "Alléluia, louez le Seigneur, alléluia, alléluia&nbsp;!",
          "Louange au Seigneur par tout ce qui vit et respire, alléluia&nbsp;!"
        ]
      }
    ],
    "reading": {
      "biblicalReference": "2 Tm 2, 8.11-13",
      "content": "Souviens-toi de Jésus Christ, le descendant de David&nbsp;: il est ressuscité d’entre les morts. Voici une parole sûre&nbsp;: si nous sommes morts avec lui, avec lui nous vivrons. Si nous supportons l’épreuve, avec lui nous régnerons. Si nous le rejetons, lui aussi nous rejettera. Si nous sommes infidèles, lui, il restera fidèle, car il ne peut se rejeter lui-même."
    },
    "responsory": "<p>R/ Il est notre salut, notre gloire éternelle&nbsp;!<br> V/ Si nous mourons avec lui, avec lui, nous vivrons.&nbsp;R/ <br> V/ Si nous souffrons avec lui, avec lui nous régnerons. R/ </p>",
    "evangelicAntiphon": {
      "common": "Pourquoi chercher parmi les morts celui qui est vivant&nbsp;? Christ est vainqueur de la mort, alléluia&nbsp;! Aux morts il a donné la vie, alléluia&nbsp;!"
    },
    "intercession": {
      "content": "<p>Nous levons nos mains et nos cœurs vers notre Dieu, Seigneur du ciel et de la terre&nbsp;:</p> <p>R/ Dans le jour que tu as fait, béni sois-tu&nbsp;!</p> <p>Père de l’univers, tu es Souverain de tout ce qui existe&nbsp;;<br> –&nbsp;aujourd’hui ton peuple se rassemble pour reconnaître tes bienfaits.</p> <p>Dieu Sauveur, tu as envoyé ton Fils relever l’homme déchu&nbsp;;<br> –&nbsp;aujourd’hui ton peuple se rassemble pour faire mémoire de sa résurrection.</p> <p>Père du Fils unique, tu appelles tous les hommes à renaître en lui&nbsp;;<br> –&nbsp;aujourd’hui ton peuple se rassemble pour se nourrir de sa vie.</p> <p>Toi qui habites la louange de ton peuple,<br> –&nbsp;aujourd’hui ton Église se rassemble pour te rendre grâce.</p> "
    }
  },
  "readings": {
    "psalmody": [
      {
        "psalm": "PSALM_23",
        "antiphon": [
          "Qui peut gravir la montagne du Seigneur et se tenir dans le lieu saint&nbsp;?"
        ]
      },
      {
        "psalm": "PSALM_65_1",
        "antiphon": [
          "Peuples, bénissez notre Dieu&nbsp;: c’est lui qui donne la vie, alléluia."
        ]
      },
      {
        "psalm": "PSALM_65_2",
        "antiphon": [
          "Écoutez, je vous dirai ce que Dieu a fait pour moi, alléluia."
        ]
      }
    ],
    "biblicalReading": {
      "title": "Paul et la communauté chrétienne de Salonique",
      "ref": "1Th 1, 1 –&nbsp;2, 12",
      "content": "<p>Paul, Silvain et Timothée, à l’Église de Thessalonique qui est en Dieu le Père et dans le Seigneur Jésus Christ. À vous, la grâce et la paix. À tout moment, nous rendons grâce à Dieu au sujet de vous tous, en faisant mémoire de vous dans nos prières. Sans cesse, nous nous souvenons que votre foi est active, que votre charité se donne de la peine, que votre espérance tient bon en notre Seigneur Jésus Christ, en présence de Dieu notre Père. Nous le savons, frères bien-aimés de Dieu, vous avez été choisis par lui. En effet, notre annonce de l’Évangile n’a pas été, chez vous, simple parole, mais puissance, action de l’Esprit Saint, pleine certitude&nbsp;: vous savez comment nous nous sommes comportés chez vous pour votre bien. Et vous-mêmes, en fait, vous nous avez imités, nous et le Seigneur, en accueillant la Parole au milieu de bien des épreuves, avec la joie de l’Esprit Saint. Ainsi vous êtes devenus un modèle pour tous les croyants de Macédoine et de Grèce. Et ce n’est pas seulement en Macédoine et en Grèce qu’à partir de chez vous la parole du Seigneur a retenti, mais la nouvelle de votre foi en Dieu s’est si bien répandue partout que nous n’avons pas besoin d’en parler. En effet, les gens racontent, à notre sujet, l’accueil que nous avons reçu chez vous&nbsp;; ils disent comment vous vous êtes convertis à Dieu en vous détournant des idoles, afin de servir le Dieu vivant et véritable, et afin d’attendre des cieux son Fils qu’il a ressuscité d’entre les morts, Jésus, qui nous délivre de la colère qui vient. Frères, vous le savez bien vous-mêmes, notre venue chez vous n’a pas été inutile. Nous venions de souffrir et d’être outragés à Philippes, comme vous le savez&nbsp;; nous avons cependant trouvé en notre Dieu pleine assurance pour vous annoncer, au prix de grandes luttes, l’Évangile de Dieu. Et quand nous vous exhortions, ce n’était pas avec des doctrines fausses, ni des motifs impurs, ni par ruse. En effet, pour nous confier l’Évangile, Dieu a éprouvé notre valeur, de sorte que nous parlons, non pas pour plaire aux hommes, mais à Dieu, lui qui met nos cœurs à l’épreuve. Jamais, nous n’avons eu un mot de flatterie, vous le savez, jamais de motifs intéressés, Dieu en est témoin&nbsp;; jamais nous n’avons recherché la gloire qui vient des hommes, ni auprès de vous ni auprès d’autres personnes. Alors que nous aurions pu nous imposer en qualité d’apôtres du Christ, au contraire, nous avons été pleins de douceur avec vous, comme une mère qui entoure de soins ses nourrissons. Ayant pour vous une telle affection, nous aurions voulu vous donner non seulement l’Évangile de Dieu, mais jusqu’à nos propres vies, car vous nous étiez devenus très chers. Vous vous rappelez, frères, nos peines et nos fatigues&nbsp;: c’est en travaillant nuit et jour, pour n’être à la charge d’aucun d’entre vous, que nous vous avons annoncé l’Évangile de Dieu. Vous êtes témoins, et Dieu aussi, de notre attitude si sainte, si juste et irréprochable envers vous, les croyants. Et vous savez bien que nous avons été pour chacun de vous comme un père avec ses enfants&nbsp;: nous vous avons exhortés et encouragés, nous vous avons suppliés d’avoir une conduite digne de Dieu, lui qui vous appelle à son Royaume et à sa gloire.</p>",
      "responsory": "<p>R/ Cherchons à plaire à Dieu<br> qui éprouve nos cœurs.</p> <p>Frères aimés de Dieu, vous êtes ses élus&nbsp;:<br> chez vous l’Évangile s’est accompagné<br> d’œuvres de puissance.</p> <p>Vous attendez son Fils qui viendra des cieux,<br> Jésus, qui nous délivre de la colère à venir.</p>"
    },
    "patristicReading": {
      "title": "LETTRE DE SAINT IGNACE D’ANTIOCHE À L’EGLISE DE SMYRNE",
      "subtitle": "Croire en Jésus Christ, Dieu incarné",
      "content": "<p>Ignace, appelé aussi Théophore (Porte-Dieu), à l’Église de Dieu le Père et de son Fils bien-aimé Jésus Christ, Église qui a obtenu tous les dons par miséricorde, remplie de foi et de charité, à qui ne manque aucun don de grâce, très aimée de Dieu et porteuse de sainteté&nbsp;; à cette Église qui est à Smyrne, en Asie Mineure, je souhaite toute sorte de joie dans un esprit irréprochable et dans la parole de Dieu. Je glorifie Jésus Christ Dieu, qui vous a donné une telle sagesse&nbsp;; j’ai constaté en effet que vous êtes parvenus à une foi si parfaitement ajustée qu’elle ne peut plus bouger, comme si vous étiez cloués à la croix de notre Seigneur Jésus Christ quant à la chair et à l’esprit&nbsp;; que vous êtes établis dans la charité par le sang du Christ&nbsp;; que vous êtes fermement convaincus, au sujet de notre Seigneur, qu’il est vraiment issu <i>de la race de David selon la chair</i>, fils de Dieu selon la volonté et la puissance de Dieu, véritablement né d’une vierge, baptisé par Jean pour que <i>toute justice fût accomplie</i> par lui&nbsp;; qu’il a été vraiment cloué pour nous dans sa chair sous Ponce-Pilate et le tétrarque Hérode —&nbsp; notre existence en est le fruit, par sa bienheureuse passion&nbsp;—, qu’il est ressuscité pour <i>lever son étendard </i>dans les siècles à venir, afin de rassembler ses fidèles et ses saints, venus du judaïsme ou du paganisme, dans l’unique corps de son Église. Tout cela, il l’a souffert pour nous, afin que nous soyons sauvés&nbsp;; et il a véritablement souffert, comme aussi il est véritablement ressuscité. ~ Pour moi, je sais que, même après sa résurrection, il était dans la chair, et je crois qu’il est encore dans la chair. Et lorsqu’il est venu auprès de Pierre et de ses compagnons, il leur a dit&nbsp;: «&nbsp;<i>Prenez, touchez-moi, et voyez que je ne suis pas un fantôme incorporel</i>.&nbsp;» Aussitôt ils le touchèrent et ils crurent, en s’unissant à sa chair et à son esprit. C’est pour cela qu’ils ont méprisé la mort et montré qu’ils la dominaient. Et après sa résurrection, Jésus mangea et but avec eux comme un être de chair, alors qu’il était devenu un seul esprit avec le Père. Voilà mon exhortation, mes bien-aimés, sachant bien que vous pensez de même.</p>",
      "responsory": "<p>R/ Fixons nos regards sur Jésus,<br> sur Jésus crucifié&nbsp;!</p> <p>Moïse a élevé le serpent dans le désert,<br> il faut que le Fils de l’homme soit élevé.</p> <p>Dieu a envoyé son Fils dans le monde<br> non pour nous juger, mais pour nous sauver.</p>"
    },
    "verse": "<p>V/ La parole de Dieu est vivante et efficace,<br>plus pénétrante qu’un glaive à deux tranchants.</p>",
    "oration": [
      "Accorde-nous, Seigneur, de pouvoir t’adorer sans partage, et d’avoir pour tout homme une vraie charité."
    ]
  },
  "middleOfDay": {
    "psalmody": [
      {
        "psalm": "PSALM_22",
        "antiphon": [
          "Grâce et bonheur m’accompagnent tous les jours de ma vie."
        ]
      },
      {
        "psalm": "PSALM_75_1",
        "antiphon": [
          "Gloire à toi qui t’es levé pour sauver les humbles de la terre&nbsp;!"
        ]
      },
      {
        "psalm": "PSALM_75_2",
        "antiphon": [
          "Gloire à toi qui t’es levé pour sauver les humbles de la terre&nbsp;!"
        ]
      }
    ]
  },
  "vespers": {
    "hymn": [
      "peuples-criez-de-joie"
    ],
    "psalmody": [
      {
        "psalm": "PSALM_109",
        "antiphon": [
          "Oracle du Seigneur à mon seigneur&nbsp;: Siège à ma droite.",
          "Gloire à toi, Jésus ressuscité, qui règnes à la droite du Père&nbsp;!"
        ]
      },
      {
        "psalm": "PSALM_111",
        "antiphon": [
          "Heureux ceux qui ont faim et soif de la justice&nbsp;: ils seront rassasiés&nbsp;! Alléluia&nbsp;!",
          "Dans la nuit de ce monde, le juste brillera."
        ]
      },
      {
        "psalm": "NT_12"
      }
    ],
    "reading": {
      "biblicalReference": "He 12, 22-24",
      "content": "Vous êtes venus vers la montagne de Sion et vers la cité du Dieu vivant, la Jérusalem céleste, vers des milliers d’anges en fête, et vers l’assemblée des premiers-nés dont les noms sont inscrits dans les cieux. Vous êtes venus vers Dieu, le juge de tous les hommes, et vers les âmes des justes arrivés à la perfection. Vous êtes venus vers Jésus, le médiateur d’une Alliance nouvelle, et vers son sang répandu sur les hommes, son sang qui parle plus fort que celui d’Abel."
    },
    "responsory": "<p>R/ Béni soit Dieu, le Vivant&nbsp;!<br>  *  Alléluia, alléluia.<br> V/ Il est notre Dieu, notre Père.  * <br> Rendez-lui grâce à pleine voix.&nbsp;R/ <br></p>",
    "evangelicAntiphon": {
      "common": "Le Seigneur est ressuscité, alléluia&nbsp;! Il nous a rachetés par son sang&nbsp;; il nous remplit de sa lumière, alléluia."
    },
    "intercession": {
      "content": "<p>Dans la joie du Seigneur, source de tout bien, prions d’un cœur confiant&nbsp;:</p> <p>R/ Seigneur Dieu, exauce nos prières.</p> <p>Père de Jésus Christ, pour que ton nom soit glorifié en tout lieu, tu as envoyé l’Esprit Saint&nbsp;:<br> —&nbsp;qu’il confirme ton Église au milieu des nations.</p> <p>Tu nous rassembles aujourd’hui<br> pour que nous fassions mémoire de la résurrection de ton Fils&nbsp;:<br> —&nbsp;que la foi de tes Églises en soit renouvelée.</p> <p>Souviens-toi des croyants persécutés<br> qui n’ont pas la liberté de se rassembler en ton nom&nbsp;:<br> —&nbsp;resserre le lien visible de leur communion.</p> <p>Nous t’avons rendu grâce par le Christ,<br> pain rompu pour la vie du monde&nbsp;:<br> —&nbsp;livre-nous en partage à ceux qui ont faim.</p> <p>Comble l’espérance de ceux qui sont morts&nbsp;:<br> par le baptême de l’eau et du feu,<br> —&nbsp;qu’ils parviennent aux rives de la vraie vie.</p> "
    }
  },
  "sundayEvangelicAntiphonA": "Si l’on vous persécute à cause de moi, réjouissez-vous&nbsp;: votre récompense sera grande dans les cieux.",
  "sundayEvangelicAntiphonB": "Dans toute la Galilée, se répandait la renommée du Seigneur.",
  "sundayEvangelicAntiphonC": "Passant au milieu d’eux, Jésus allait son chemin."
}