{
  "invitatory": {
    "antiphon": [
      "Au son de la joie et de la fête, allons à la rencontre du Seigneur."
    ]
  },
  "readings": {
    "biblicalReading": {
      "title": "Heureux l’homme qui a trouvé la sagesse",
      "ref": "Pr 3, 1-20",
      "content": "<p>Mon fils, n’oublie pas mon enseignement&nbsp;; que ton cœur observe mes préceptes&nbsp;: la longueur de tes jours, les années de ta vie, et ta paix en seront augmentées. Que fidélité et loyauté ne te quittent pas, attache-les à ton cou, écris-les sur les tablettes de ton cœur&nbsp;! Tu trouveras grâce et seras rayonnant aux yeux de Dieu et des hommes. De tout ton cœur, fais confiance au SEIGNEUR, ne t’appuie pas sur ton intelligence. Reconnais-le, où que tu ailles, c’est lui qui aplanit ta route. Ne te complais pas dans ta sagesse, crains le SEIGNEUR, écarte-toi du mal&nbsp;! Voilà le traitement pour ton corps, l’élixir pour tes os. Rends gloire au SEIGNEUR avec tes biens, donne-lui les prémices de ton revenu&nbsp;: tes greniers se rempliront de blé, le vin nouveau débordera de tes cuves. Mon fils, ne rejette pas les leçons du SEIGNEUR, ne dédaigne pas ses critiques, car le SEIGNEUR reprend celui qu’il aime, comme fait un père pour le fils qu’il chérit. Heureux qui trouve la sagesse, qui accède à la raison&nbsp;! C’est une bonne affaire, meilleure qu’une affaire d’argent, plus rentable que l’or. La sagesse est plus précieuse que les perles, rien ne l’égale&nbsp;: dans sa main droite, longueur de jours, dans sa main gauche, richesse et gloire&nbsp;! Ses chemins sont chemins de délices, tous ses sentiers, des lieux de paix. Pour qui la tient, elle est arbre de vie&nbsp;; qui la saisit est un homme heureux. Le SEIGNEUR a fondé la terre avec sagesse&nbsp;; il a établi les cieux avec intelligence. C’est par sa science que les abîmes se sont ouverts et que, des nuages, perle la rosée.</p>",
      "responsory": "<p>R/ De tout ton cœur,<br> repose-toi sur le Seigneur.</p> <p>Que sa bienveillance et sa fidélité ne te quittent,<br> attache-les à ton cou, inscris-les dans ton cœur.</p> <p>Le Seigneur reprend celui qu’il chérit<br> comme un père corrige son fils bien-aimé.</p> <p>Heureux l’homme qui a trouvé la sagesse,<br> tous ses chemins mènent au bonheur.</p>"
    },
    "patristicReading": {
      "title": "SERMON DE SAINT BERNARD, ABBÉ DE CLAIRVAUX",
      "subtitle": "Chercher la sagesse",
      "content": "<p>Travaillons pour une nourriture qui ne périt pas, travaillons à l’œuvre de notre salut. Travaillons dans la vigne du Seigneur pour obtenir le denier —&nbsp;le salaire de la journée. Travaillons dans la sagesse, elle qui dit&nbsp;: <i>Ceux qui travaillent en moi ne pécheront pas. Le champ, c’est le monde,</i> dit la Vérité, creusons-le. Un trésor y est caché, trouvons-le c’est la sagesse, elle que l’on tire des profondeurs cachées. Tous, nous le cherchons, tous, nous le désirons. <i>Si vous cherchez, cherchez bien</i>, dit le prophète&nbsp;: convertissez-vous et venez. Tu te demandes de quoi il faut te convertir&nbsp;? <i>Détourne-toi de ta volonté propre</i>, est-il écrit. Mais, dis-tu, si je ne trouve pas la sagesse dans ma volonté propre, où la trouverai-je&nbsp;? Mon âme, en effet, la désire avec force, et s’il lui arrive de la trouver, elle ne se contentera pas de cela, mais elle en voudra <i>une mesure bien pleine, tassée, secouée, débordante</i>, que je puisse <i>verser dans mon tablier</i>. Elle a raison, certes&nbsp;: <i>Heureux en effet l’homme qui a trouvé la sagesse et qui acquiert l’intelligence</i>. Cherche-la donc tant qu’on peut la trouver, et tant qu’elle est proche, appelle-la. Tu veux savoir à quel point elle est proche&nbsp;? <i>La Parole est près de toi, dans ta bouche et dans ton cœur</i>, mais seulement à la condition que tu la recherches d’un cœur droit. De la sorte, tu trouveras la sagesse avec ton cœur, et l’intelligence abondera dans ta bouche. Qu’elle y abonde, oui, mais qu’elle n’en déborde pas&nbsp;: prends garde de ne pas la vomir&nbsp;! C’est vraiment du miel que tu as trouvé, en trouvant la sagesse. Pourtant n’en mange pas trop, pour ne pas la vomir d’écœurement. Manges-en de manière à rester toujours sur ta faim. Car c’est elle qui dit&nbsp;: <i>Ceux qui me mangent auront encore faim</i>. Ne va pas estimer comme une grande quantité ce que tu as&nbsp;; ne t’en gorge pas pour ne pas la vomir&nbsp;: cela même que tu parais avoir te serait enlevé, car avant qu’il ne soit temps tu te serais arrêté dans ta recherche. Or, tant qu’on peut la trouver, tant qu’elle est proche, il ne faut cesser de la chercher et de l’appeler. Sinon il en sera <i>comme de celui qui mange beaucoup de miel</i>&nbsp;: Salomon lui-même le dit bien&nbsp;: <i>Cela ne lui vaut rien, car celui qui aura cherché sans discrétion la majesté sera écrasé par la gloire.</i> En effet, de même qu’il est écrit&nbsp;: <i>Heureux l’homme qui a trouvé la sagesse</i>, de même&nbsp;: <i>Heureux l’homme</i>, et même plus heureux, <i>s’il persévère dans la sagesse</i>, et de fait, c’est peut-être bien en cela que consiste son abondance. Voilà les trois manières dont tu peux avoir la bouche pleine de sagesse et d’intelligence&nbsp;: d’abord par l’aveu de ta propre injustice, ensuite par l’action de grâce et la proclamation de la louange, enfin par une parole qui édifie. Car <i>celui qui croit du fond de son cœur devient juste, celui qui, de sa bouche, affirme sa foi, parvient au salut.</i> C’est vrai d’ailleurs&nbsp;: <i>Dès qu’il se met à parler, le juste se fait son propre accusateur</i>. En deuxième lieu, il faut qu’il exalte le Seigneur, et en troisième lieu (s’il lui reste encore de la sagesse), il doit édifier son prochain.</p>",
      "responsory": "<p>R/ Esprit de vérité, tu nous conduis<br> dans la vérité tout entière.</p> <p>La sagesse est brillante et ne se ternit pas,<br> elle se laisse trouver par ceux qui la cherchent.</p> <p>La sagesse prévient ceux qui la désirent,<br> elle marche à leur rencontre.</p>"
    },
    "oration": [
      "Dieu de puissance et de miséricorde, c’est ta grâce qui donne à tes fidèles de pouvoir dignement te servir&nbsp;; accorde-nous de progresser sans que rien nous arrête vers les biens que tu promets."
    ]
  },
  "sundayEvangelicAntiphonA": "Heureux qui écoute la Parole et qui la garde.",
  "sundayEvangelicAntiphonB": "Le lépreux, à genoux, suppliait Jésus&nbsp;: Si tu le veux, tu peux me guérir.",
  "sundayEvangelicAntiphonC": "Si l’on vous persécute à cause de moi, réjouissez-vous, votre récompense sera grande dans les cieux."
}