{
  "invitatory": {
    "antiphon": [
      "Terre entière, acclame Dieu, chante le Seigneur."
    ]
  },
  "readings": {
    "biblicalReading": {
      "title": "abandonnez la naïveté, la sottise",
      "ref": "Pr 9, 1-18",
      "content": "<p>La Sagesse a bâti sa maison, elle a taillé sept colonnes. Elle a tué ses bêtes, et préparé son vin, puis a dressé la table. Elle a envoyé ses servantes, elle appelle sur les hauteurs de la cité&nbsp;: «&nbsp;Vous, étourdis, passez par ici&nbsp;!&nbsp;» À qui manque de bon sens, elle dit&nbsp;: «&nbsp;Venez, mangez de mon pain, buvez le vin que j’ai préparé. Quittez l’étourderie et vous vivrez, prenez le chemin de l’intelligence.&nbsp;» Qui corrige l’insolent ne reçoit que mépris, qui reprend le méchant s’en trouve sali. Ne reprends pas l’insolent, il va te haïr&nbsp;; reprends le sage, il t’aimera. Si tu donnes au sage, il devient plus sage&nbsp;; si tu instruis le juste, il progresse encore. La sagesse commence avec la crainte du SEIGNEUR, connaître le Dieu saint, voilà l’intelligence&nbsp;! —&nbsp;«&nbsp;Par moi, se multiplient tes jours et s’augmentent les années de ta vie.&nbsp;» Si tu es sage, c’est pour toi que tu es sage&nbsp;; si tu fais l’insolent, toi seul en pâtiras. Dame Folie fait du tapage&nbsp;; c’est une étourdie qui ne connaît rien. Assise à la porte de sa maison, elle trône sur les hauteurs de la cité pour appeler les passants qui vont droit leur chemin&nbsp;: «&nbsp;Vous, étourdis, passez par ici&nbsp;!&nbsp;» À qui manque de bon sens, elle dit&nbsp;: «&nbsp;Bien douce est l’eau qu’on a volée, savoureux, le pain pris en secret&nbsp;!&nbsp;» Et lui ne sait pas que des Ombres sont là, que ses invités descendent au séjour des morts.</p>",
      "responsory": "<p>R/ Heureux qui prendra part au festin<br> dans le royaume de Dieu&nbsp;!</p> <p>Notre Dieu donne un grand repas&nbsp;:<br> il invite tous les hommes.</p> <p>Venez, tout est prêt&nbsp;:<br> mangez le pain de Dieu, buvez le vin nouveau.</p>"
    },
    "patristicReading": {
      "title": "COMMENTAIRE DE PROCOPE DE GAZA SUR LES PROVERBES",
      "subtitle": "«&nbsp;La Sagesse a dressé sa table&nbsp;»",
      "content": "<p><i>La Sagesse a bâti sa maison</i>. La puissance de Dieu le Père, qui subsiste par elle-même, a construit pour sa demeure le monde entier où elle habite par son activité&nbsp;; et elle a construit l’homme, créé à l’image et à la ressemblance de Dieu, et dont la nature est à la fois visible et invisible. <i>Elle a sculpté sept colonnes</i>. À l’homme qui, après la création, a été formé selon le Christ, elle a donné les sept dons du Saint-Esprit, afin qu’il croie au Christ et observe ses commandements. Grâce à ces dons, la vertu est animée par la connaissance et, réciproquement, la connaissance s’incarne dans la vertu. C’est ainsi que l’homme spirituel devient parfait, s’accomplît dans l’accomplissement de la foi, en participant aux biens qui dépassent la nature. Ces dons rectifient la lumière naturelle de l’esprit. La force prépare à rechercher et à désirer avec ardeur les vraies raisons des choses, c’est-à-dire&nbsp;: la volonté divine par laquelle tout a été fait. Le conseil discerne ces vouloirs de Dieu parfaitement saints, incréés et immortels, et il enseigne à les mettre dans la pensée, la parole et l’action. L’intelligence y fait acquiescer et consentir en refusant ce que s’y oppose. ~ <i>Elle a mélangé son vin dans la coupe et a dressé sa table</i>. De même qu’on fait un mélange dans une coupe, la Sagesse a mêlé dans l’homme la nature intellectuelle et la nature sensible&nbsp;; c’est-à-dire qu’elle a uni à la connaissance des choses créées la connaissance d’elle-même comme cause de toutes choses. Et cette connaissance de tout ce qui concerne Dieu, comparable à du vin, enivre l’esprit. C’est ainsi que par elle-même, qui est le pain du ciel, elle nourrit les âmes par la vertu&nbsp;; elle les abreuve et les réjouit par la doctrine. Elle a donc apprêté tout cela comme une table magnifiquement servie pour le banquet spirituel de ceux qui désirent y participer. <i>Elle a envoyé ses esclaves inviter à sa coupe, en proclamant à haute voix</i>. ~ Elle a envoyé les Apôtres, ces servants de sa divine volonté, pour qu’ils proclament la bonne nouvelle de l’Évangile. Celui-ci est au-dessus de la loi écrite et de la loi naturelle, parce qu’il est la loi de l’Esprit qui invite à le rejoindre lui-même. En lui comme dans une coupe, selon le mystère de l’économie rédemptrice, s’est réalisée l’union étonnante de la nature divine et de la nature humaine, sans confusion, en une seule personne. Et c’est par la bouche de ces serviteurs que la Sagesse proclame&nbsp;: <i>Si vous manquez de sagesse, venez à moi&nbsp;!</i> Celui qui manque de sagesse est celui qui pense <i>dans son cœur que Dieu n’existe pas.</i> Qu’il rejette son athéisme, qu’il me rejoigne par la foi, qu’il sache que je suis le Créateur et le Seigneur de l’univers. À l’homme sans intelligence, elle dit&nbsp;: <i>Venez manger mon pain et boire le vin que j’ai mélangé pour vous&nbsp;!</i> Et à ceux qui n’accomplissent pas les œuvres de la foi, afin qu’ils accèdent à une connaissance plus parfaite, elle dit&nbsp;: Venez manger mon corps qui, comme du pain, vous nourrit pour la pratique de la vertu&nbsp;; buvez mon sang qui, par la connaissance, vous réjouira comme du vin et vous enivrera pour vous diviniser. Car ce sang, d’une façon étonnante, je l’ai mélangé à la divinité, pour votre salut.</p>",
      "responsory": "<p>R/ Heureux qui prendra part au festin<br> dans le royaume de Dieu&nbsp;!</p> <p>Notre Dieu donne un grand repas&nbsp;:<br> il invite tous les hommes.</p> <p>Venez, tout est prêt&nbsp;:<br> mangez le pain de Dieu, buvez le vin nouveau.</p>"
    },
    "oration": [
      "Accorde-nous, Seigneur, de trouver notre joie dans notre fidélité&nbsp;: car c’est un bonheur durable et profond de servir constamment le créateur de tout bien."
    ]
  },
  "sundayEvangelicAntiphonA": "Heureux qui écoute la Parole et qui la garde.",
  "sundayEvangelicAntiphonB": "Le lépreux, à genoux, suppliait Jésus&nbsp;: Si tu le veux, tu peux me guérir.",
  "sundayEvangelicAntiphonC": "Si l’on vous persécute à cause de moi, réjouissez-vous, votre récompense sera grande dans les cieux."
}