{
  "invitatory": {
    "antiphon": [
      "Adorons le Seigneur, c’est lui qui nous a faits."
    ]
  },
  "readings": {
    "biblicalReading": {
      "title": "Dieu donne à chacun sa part de bonheur",
      "ref": "Qo 5, 9 –&nbsp;6, 8",
      "content": "<p>Qui aime l’argent n’a jamais assez d’argent, et qui aime l’abondance ne récolte rien. Cela aussi n’est que vanité. Plus il y a de richesses, plus il y a de profiteurs. Que va en retirer celui qui les possède, sinon un spectacle pour ses yeux&nbsp;? Le travailleur dormira en paix, qu’il ait peu ou beaucoup à manger, alors que, rassasié, le riche ne parvient pas à dormir. Voici un triste cas que j’ai vu sous le soleil&nbsp;: une fortune amassée pour le malheur de son maître. Il perd son avoir dans une mauvaise affaire, et quand lui naît un fils, celui-ci n’a rien en main. Sorti nu du sein de sa mère, il s’en ira comme il est venu. Il n’emportera rien de son travail, rien que sa main puisse tenir. C’est aussi une triste chose qu’il s’en aille comme il était venu. Qu’a-t-il gagné en peinant pour du vent&nbsp;? Il ronge ses jours dans le noir, la tristesse profonde, la souffrance et l’irritation. Voilà donc ce que moi j’ai vu&nbsp;: c’est chose belle et bonne, pour quelqu’un, de manger et de boire, de trouver son bonheur dans toute la peine qu’il se donne sous le soleil pendant les jours que Dieu lui accorde. Telle est la part qui lui revient. Si Dieu donne à quelqu’un biens et richesses avec pouvoir d’en profiter, d’en prendre sa part et de jouir ainsi de son travail, c’est là un don de Dieu. Il ne s’inquiète guère pour sa vie tant que Dieu emplit de joie son cœur. Il est un autre mal que j’ai vu sous le soleil, un grand mal pour la race humaine. Voilà un homme auquel Dieu a donné d’être riche, nanti, considéré&nbsp;: rien ne lui manque de tout ce qu’il souhaite. Mais Dieu ne lui a pas laissé le temps d’en profiter&nbsp;: un autre, un étranger, en profite. Cela aussi n’est que vanité, mal cruel. Un homme peut avoir eu une centaine d’enfants et avoir vécu de longues années&nbsp;: aussi nombreux qu’aient été les jours de sa vie, s’il n’a pas été heureux et comblé, s’il n’a même pas eu de sépulture, je dis que l’avorton a plus de chance&nbsp;; lui qui est venu dans la vanité, il a passé comme une ombre&nbsp;; son nom reste enfoui dans les ténèbres&nbsp;; il n’a même pas vu le soleil, il ne l’a pas connu&nbsp;; il est plus tranquille que l’autre. Même si un homme devait vivre deux fois mille ans, sans connaître le bonheur, tout ne va-t-il pas au même lieu&nbsp;? Tout le travail de l’être humain est pour la bouche, et pourtant son appétit n’est jamais comblé. Qu’est-ce qu’un sage a de plus qu’un fou&nbsp;? Qu’est-ce qu’un indigent a de plus quand il se tire d’affaire&nbsp;?</p>",
      "responsory": "<p>R/ En toi, Seigneur, notre joie,<br> tu combleras les désirs de nos cœurs.</p> <p>Faites-vous des bourses qui ne s’usent pas,<br> un trésor indéfectible, dans les cieux.</p> <p>Ne vous amassez pas de richesses sur la terre,<br> car où est ton trésor, là aussi sera ton cœur.</p>"
    },
    "patristicReading": {
      "title": "Homélie de saint Jérôme sur l’ecclésiaste",
      "content": "<p><b>«&nbsp;Pourquoi dépenser votre argent pour ce qui ne nourrit pas, vous fatiguer pour ce qui ne rassasie pas&nbsp;?&nbsp;»</b> <i>Lorsque Dieu a donné richesses et trésor, il permet à l’homme de s’en nourrir, d’en prendre sa part et de se réjouir de son travail, c’est un don de Dieu. On ne se souviendra plus beaucoup des jours de sa vie, parce que Dieu comble le cœur de joie.</i> En comparaison de celui qui se nourrit de ses richesses mais en étant assombri par les soucis, et qui amasse des biens périssables dans un grand ennui de vivre, l’Ecclésiaste déclare plus heureux celui qui jouit des biens présents. Car, en ce cas, il y a au moins, dans cette jouissance, un peu de plaisir&nbsp;; dans l’autre cas, il n’y a que l’énormité des soucis. Et l’Ecclésiaste explique pourquoi c’est un don de Dieu, de pouvoir jouir de la richesse&nbsp;: parce qu’<i>on ne se souviendra plus beaucoup des jours de sa vie.</i> Oui, Dieu en distrait cet homme par la joie de son cœur&nbsp;: cet homme ne vivra pas dans la tristesse, il ne se fatiguera pas à réfléchir, parce qu’il sera entraîné par la joie et le plaisir présents. Mais, selon l’Apôtre, il vaut mieux comprendre que la nourriture spirituelle et la boisson spirituelle nous sont données par Dieu, et découvrir ce que l’on a de bon dans tout son labeur. Car, si nous pouvons contempler les vrais biens, c’est par un labeur et un effort énormes. Et telle est notre part&nbsp;: nous réjouir dans notre effort et notre labeur. Quoique cela soit bon, cependant, <i>jusqu’à ce que le Christ, notre vie, se soit manifesté</i>, ce n’est pas encore le bien parfait. <i>Tout le travail de l’homme est pour sa bouche, et pourtant son âme n’est pas rassasiée. Quelle est la supériorité du sage sur le fou, quelle est la supériorité du pauvre lorsqu’il sait se conduire parmi les vivants&nbsp;?</i> Tout le travail des hommes en ce monde est absorbé par la bouche et, broyé par les dents, il passe dans le ventre pour être digéré. Et lorsqu’il trouve un peu de satisfaction dans la gourmandise, cela ne lui donne du plaisir qu’autant que sa gorge peut en contenir. Et après tout cela, <i>l’âme</i> du mangeur <i>n’est pas rassasiée</i>. Cela peut s’expliquer de deux façons. Ou bien parce que l’on veut toujours recommencer à manger, et le sage aussi bien que le fou sait qu’il ne peut vivre sans manger&nbsp;; le pauvre ne cherche pas autre chose que de pouvoir sustenter cet instrument qu’est son malheureux corps, de ne pas le laisser périr d’inanition. Ou encore l’âme n’est pas rassasiée en ce sens qu’elle ne trouve aucun profit dans la réfection de son pauvre corps&nbsp;; la nourriture est la même pour le sage et pour le fou, et le pauvre s’en va là où il espère trouver des ressources. Mais il vaut mieux comprendre cela du chrétien qui, en connaissant bien les Écritures, met tout son travail <i>dans sa bouche, et son âme n’est pas rassasiée</i>, parce qu’il désire toujours s’instruire. Et sur ce point, le sage est supérieur à l’insensé. Car, parce qu’il comprend qu’il est un pauvre&nbsp;; ce pauvre que l’Évangile déclare heureux, il s’empresse de saisir ce qui fait sa vie, il marche sur la route étroite et resserrée qui conduit à la vie. Il est pauvre, mais de mauvaises actions, et il sait où demeure le Christ, qui est la vie.</p>",
      "responsory": "<p>R/ Christ au milieu de nous,<br> l’espérance de la gloire, alléluia&nbsp;!</p> <p>Le Christ est à la gloire du Père&nbsp;:<br> c’est là désormais que tend notre vie.</p> <p>Vous êtes morts<br> et votre vie reste cachée avec le Christ en Dieu.</p> <p>Quand paraîtra le Christ, lui qui est votre vie,<br> vous paraîtrez avec lui en pleine gloire.</p>"
    },
    "oration": [
      "Dans ton amour inlassable, Seigneur, veille sur ta famille&nbsp;; et puisque ta grâce est notre unique espoir, garde-nous sous ta constante protection."
    ]
  },
  "sundayEvangelicAntiphonA": "Aimez vos ennemis et vous serez les fils de votre Père du ciel.",
  "sundayEvangelicAntiphonB": "L’homme se lève, il marche et rend grâce&nbsp;; tous ceux qui le voient glorifient Dieu.",
  "sundayEvangelicAntiphonC": "Donnez et l’on vous donnera une mesure débordante."
}