{
  "invitatory": {
    "antiphon": [
      "Venez tous au Seigneur, adorons notre Maître."
    ]
  },
  "readings": {
    "biblicalReading": {
      "title": "Enfin Dieu répond ; il met Job au défi",
      "ref": "Jb 38, 1-30",
      "content": "<p>Le SEIGNEUR s’adressa à Job du milieu de la tempête et dit&nbsp;: «&nbsp;Quel est celui-là qui obscurcit mes plans par des propos dénués de sens&nbsp;? Ceins donc tes reins comme un homme. Je vais t’interroger, et tu m’instruiras. Où étais-tu quand j’ai fondé la terre&nbsp;? Indique-le, si tu possèdes la science&nbsp;! Qui en a fixé les mesures&nbsp;? Le sais-tu&nbsp;? Qui sur elle a tendu le cordeau&nbsp;? Sur quoi ses bases furent-elles appuyées, et qui posa sa pierre angulaire tandis que chantaient ensemble les étoiles du matin et que tous les fils de Dieu criaient d’allégresse&nbsp;? Qui donc a retenu la mer avec des portes, quand elle jaillit du sein primordial&nbsp;; quand je lui mis pour vêtement la nuée, en guise de langes le nuage sombre&nbsp;; quand je lui imposai ma limite, et que je disposai verrou et portes&nbsp;? Et je dis&nbsp;: “Tu viendras jusqu’ici&nbsp;! tu n’iras pas plus loin, ici s’arrêtera l’orgueil de tes flots&nbsp;!” As-tu, une seule fois dans ta vie, donné des ordres au matin, assigné son poste à l’aurore, pour qu’elle saisisse la terre aux quatre coins et en secoue les méchants&nbsp;? La terre alors prend forme comme argile sous le sceau et se déploie tel un vêtement&nbsp;; aux méchants est enlevée la lumière, et le bras qui se levait est brisé. Es-tu parvenu jusqu’aux sources de la mer, as-tu circulé au fond de l’abîme&nbsp;? Les portes de la mort se sont-elles montrées à toi, les as-tu vues, les portes de l’ombre de mort&nbsp;? As-tu réfléchi à l’immensité de la terre&nbsp;? Raconte, si tu sais tout cela&nbsp;! Quel chemin mène à la demeure de la lumière, et l’obscurité, quel est son lieu, pour que tu conduises chacune à son domaine et discernes les sentiers de sa maison&nbsp;? Si tu le sais, alors tu étais né, et le nombre de tes jours est bien grand&nbsp;! Es-tu parvenu aux réserves de neige, as-tu vu les réserves de grêle que j’ai ménagées pour le temps de détresse, pour le jour de combat et de guerre&nbsp;? Par quel chemin se diffuse la lumière&nbsp;? Par où le vent d’est se répand-il sur terre&nbsp;? Qui donc a creusé à l’ondée une rigole, une route à la nuée qui gronde, pour faire pleuvoir sur une terre sans homme, sur un désert sans nul être humain, pour abreuver les solitudes désolées et faire germer l’herbe de la steppe&nbsp;? La pluie a-t-elle un père&nbsp;? Qui donc a engendré les gouttelettes de rosée&nbsp;? De quel ventre est sortie la glace, et le givre des cieux, qui l’enfanta&nbsp;? Les eaux se condensent comme la pierre et la surface de l’abîme se fige.</p>",
      "responsory": "<p>R/ Le Dieu des dieux, le Seigneur a parlé.</p> <p>Est-ce à toi de m’interroger<br> sur le travail de mes mains&nbsp;?</p> <p>Je façonne la lumière et crée les ténèbres,<br> je fais le bonheur et provoque le malheur.</p> <p>C’est moi, le Seigneur, qui fais tout cela.<br> Penses-tu que je suis comme toi&nbsp;?</p>"
    },
    "patristicReading": {
      "title": "COMMENTAIRE DE SAINT GRÉGOIRE LE GRAND SUR LE LIVRE DE JOB",
      "subtitle": "Nous sommes à l’aurore de la lumière parfaite",
      "content": "<p>Parce que le point du jour, ou l’aurore, passe des ténèbres à la lumière, on a bien raison de désigner par ces noms toute l’Église des élus. C’est elle en effet qui est conduite de la nuit de l’incroyance à la lumière de la foi, et qui, pareille à l’aurore, s’ouvre au jour, après les ténèbres, dans le rayonnement de la lumière d’en haut. Le Cantique dit donc très bien&nbsp;: <i>Qui est celle-ci, qui s’avance comme l’aurore à son lever&nbsp;?</i> En effet, la sainte Église, désirant les récompenses de la vie céleste, a été appelée aurore, puisque, en quittant les ténèbres des péchés, elle resplendit de la lumière de justice. Mais on peut trouver une considération plus subtile dans cette comparaison avec le point du jour et l’aurore. Celle-ci, ou le point du jour, annoncent que la nuit est passée, mais ils ne font pas découvrir l’éclat du jour dans sa plénitude&nbsp;; cependant, en chassant la nuit, ils accueillent le jour&nbsp;; ils apportent une lumière toute mêlée de ténèbres. Nous tous, qui suivons la vérité, sommes-nous autre chose, en cette vie, qu’une aurore&nbsp;? Car nous accomplissons déjà des actes qui relèvent de la lumière, et pourtant, sur certains points, bien des restes de ténèbres demeurent en nous. Le Seigneur l’a bien dit, par la bouche du Prophète&nbsp;: <i>Aucun vivant n’est juste devant toi.</i> Et il est encore écrit&nbsp;: <i>Nous trébuchons tous, bien souvent</i>. ~ Aussi, lorsque Paul disait&nbsp;: <i>La nuit est bientôt finie</i>, il n’ajoutait pas&nbsp;: Le jour est venu, mais&nbsp;: <i>Le jour est tout proche</i>. En effet, lorsqu’il suggère qu’après la fin de la nuit le jour n’est pas encore venu, mais qu’il approche, il montre qu’avec l’aurore on est après les ténèbres, mais encore avant le soleil. L’Église parfaitement sainte des élus sera le plein jour, lorsqu’elle ne comportera plus le mélange d’aucune ombre de péché. Ce sera le plein jour, lorsque brillera en elle la ferveur parfaite de la lumière intérieure. ~ Il est donc très juste de montrer que l’aurore est encore comme en devenir, avec cette parole&nbsp;: <i>As-tu fait connaître à l’aurore sa place&nbsp;?</i> Faire connaître sa place à quelqu’un, c’est en effet l’inviter à passer d’un endroit à un autre. Quelle est la place de l’aurore, sinon la pleine lumière de la vision éternelle&nbsp;? Lorsqu’elle parvient à cette place, elle ne garde plus rien des ténèbres de la nuit écoulée. ~ L’aurore s’efforçait de rejoindre sa place, quand le Psalmiste disait&nbsp;: <i>Mon âme a soif du Dieu vivant&nbsp;; quand pourrai-je m’avancer, paraître devant la face de Dieu&nbsp;?</i> ~ L’aurore se hâtait de parvenir à cette place qu’elle connaissait, lorsque saint Paul disait avoir le désir de <i>s’en aller pour être avec le Christ</i>. Et encore&nbsp;: <i>Pour moi, vivre, c’est le Christ, et mourir est un avantage</i>.</p>",
      "responsory": "<p>R/ Ta rosée, Seigneur, est une rosée de lumière&nbsp;;<br> la terre donnera aux ombres la vie.</p> <p>Dans le chemin de tes jugements, nous t’espérions.<br> Ton nom et ta mémoire sont le désir de l’âme.</p> <p>Les morts vont entendre la voix du Fils de Dieu,<br> ceux qui l’auront entendue vivront&nbsp;!</p>"
    },
    "oration": [
      "Assiste tes enfants, Seigneur, et montre à ceux qui t’implorent ton inépuisable bonté&nbsp;; c’est leur fierté de t’avoir pour Créateur et Providence&nbsp;: restaure pour eux ta création, et l’ayant renouvelé, protège-la."
    ]
  },
  "sundayEvangelicAntiphonA": "Qui fait la volonté de mon Père entrera dans le Royaume des cieux.",
  "sundayEvangelicAntiphonB": "Le sabbat est au service de l’hommme et le Fils de l’homme est maître du sabbat.",
  "sundayEvangelicAntiphonC": "Seigneur, je ne suis pas digne que tu entres sous mon toit, mais sur un mot de ta bouche, mon serviteur sera guéri."
}