{
  "celebration": {
    "title": "3 janvier (avant l’Épiphanie)",
    "grade": 13,
    "color": "white"
  },
  "morning": {
    "reading": {
      "biblicalReference": "Is 62, 11b-12a",
      "content": "Dites à la fille de Sion&nbsp;: Voici ton Sauveur qui vient, le fruit de sa victoire l’accompagne et ses trophées le précèdent. On vous appellera «&nbsp;Peuple-saint&nbsp;», «&nbsp;Rachetés-par-le-Seigneur&nbsp;»."
    },
    "responsory": "<p>R/ Le Seigneur s’est rappelé son amour.<br> * Alléluia, alléluia&nbsp;!<br> V/ Il a révélé sa justice aux nations.&nbsp;*<br> Gloire au Père et au Fils et au Saint-Esprit.&nbsp;R/</p>",
    "evangelicAntiphon": {
      "common": "Le Verbe s’est fait chair, il a demeuré parmi nous, plein de grâce et de vérité. Tous, nous avons part à sa plénitude et recevons grâce après grâce."
    },
    "intercession": {
      "content": "<p>R/Gloire à Dieu&nbsp;! Aux hommes paix sur la terre&nbsp;!</p> <p>Tu t’es fait homme, ô Christ,<br> et tu as demeuré parmi nous.</p> <p>Tu t’es fait homme, ô Christ,<br> et tu marches à notre pas.</p> <p>Tu t’es fait homme, ô Christ,<br> et ton visage sera le nôtre.</p> <p>Tu t’es fait homme, ô Christ,<br> et ta voix éveille la nôtre.</p> <p>Tu t’es fait homme, ô Christ,<br> et tu nous mènes au véritable amour.</p> <p>Tu t’es fait homme, ô Christ,<br> et tu rassembles tes frères.</p> <p>Tu t’es fait homme, ô Christ,<br> et nous devenons fils de Dieu.</p>"
    }
  },
  "readings": {
    "biblicalReading": {
      "title": "La vie de l’homme nouveau",
      "ref": "Col 3, 5-16",
      "content": "<p>Faites donc mourir en vous ce qui n’appartient qu’à la terre&nbsp;: débauche, impureté, passion, désir mauvais, et cette soif de posséder, qui est une idolâtrie. Voilà ce qui provoque la colère de Dieu contre ceux qui lui désobéissent, voilà quelle était votre conduite autrefois lorsque, vous aussi, vous viviez dans ces désordres. Mais maintenant, vous aussi, débarrassez-vous de tout cela&nbsp;: colère, emportement, méchanceté, insultes, propos grossiers sortis de votre bouche. Plus de mensonge entre vous&nbsp;: vous vous êtes débarrassés de l’homme ancien qui était en vous et de ses façons d’agir, et vous vous êtes revêtus de l’homme nouveau qui, pour se conformer à l’image de son Créateur, se renouvelle sans cesse en vue de la pleine connaissance. Ainsi, il n’y a plus le païen et le Juif, le circoncis et l’incirconcis, il n’y a plus le barbare ou le primitif, l’esclave et l’homme libre&nbsp;; mais il y a le Christ&nbsp;: il est tout, et en tous.</p> <p>Puisque vous avez été choisis par Dieu, que vous êtes sanctifiés, aimés par lui, revêtez-vous de tendresse et de compassion, de bonté, d’humilité, de douceur et de patience. Supportez-vous les uns les autres, et pardonnez-vous mutuellement si vous avez des reproches à vous faire. Le Seigneur vous a pardonné&nbsp;: faites de même. Par-dessus tout cela, ayez l’amour, qui est le lien le plus parfait. Et que, dans vos cœurs, règne la paix du Christ à laquelle vous avez été appelés, vous qui formez un seul corps. Vivez dans l’action de grâce. Que la parole du Christ habite en vous dans toute sa richesse&nbsp;; instruisez-vous et reprenez-vous les uns les autres en toute sagesse&nbsp;; par des psaumes, des hymnes et des chants spirituels, chantez à Dieu, dans vos cœurs, votre reconnaissance.</p>",
      "responsory": "<p>R/ Que règne en nos cœurs la paix du Christ&nbsp;!</p> Puisque vous êtes élus, sanctifiés, aimés par Dieu, revêtez donc des sentiments de compassion.</p> Pardonnez-vous mutuellement, comme le Seigneur vous a pardonné.</p> Aimez-vous les uns les autres, comme il vous a aimés.</p> Vous n’êtes qu’un en Jésus Christ. Revêtez l’amour&nbsp;: c’est le lien parfait.</p>"
    },
    "patristicReading": {
      "title": "HOMÉLIE DE SAINT AUGUSTIN SUR L’ÉVANGILE DE JEAN",
      "subtitle": "Le double commandement de l’amour",
      "content": "<p>Voici que vient le Seigneur en personne, maître de charité, rempli de charité. Comme il avait été prédit de lui, il<i>donne brièvement sa parole sur la terre</i>, et il montre que la Loi et les prophètes se résument dans les deux préceptes de la charité. ~</p> <p>Rappelez-vous avec moi, mes frères, quels sont ces deux préceptes. Car ils doivent être bien connus, et ne pas venir seulement à notre esprit de temps en temps, quand nous nous en souvenons&nbsp;; ils ne doivent jamais s’effacer de vos cœurs. Songez toujours qu’il faut absolument aimer Dieu et le prochain&nbsp;:<i>Dieu, de tout ton cœur, de toute ton âme et de tout ton Esprit, et ton prochain comme toi-même.</i></p> <p>Il faut toujours y penser, le méditer, le retenir, l’accomplir. L’amour de Dieu est premier dans l’ordre des préceptes&nbsp;; l’amour du prochain est premier dans l’ordre de la pratique. Car celui qui t’a prescrit cet amour en deux préceptes ne t’a pas recommandé le prochain d’abord, et Dieu ensuite&nbsp;; mais Dieu d’abord, et le prochain ensuite.</p> <p>Quant à toi, parce que tu ne vois pas encore Dieu, c’est en aimant le prochain que tu mérites de voir Dieu&nbsp;; en aimant le prochain, tu purifies ton regard pour voir Dieu. C’est ce que saint Jean dit de façon évidente&nbsp;:<i>Si tu n’aimes pas ton frère, que tu vois, comment pourrais-tu aimer Dieu, que tu ne vois pas&nbsp;?</i></p> <p>Voici que l’on te dit&nbsp;: Aime Dieu. Si tu me dis&nbsp;: Montre-moi celui que je dois aimer, que répondrai-je, sinon ce que dit saint Jean&nbsp;:<i>Dieu, personne ne l’a jamais vu&nbsp;?</i>Mais ne t’imagine pas que tu es absolument exclu de la vie de Dieu&nbsp;! Saint Jean nous dit&nbsp;:<i>Dieu est amour, et celui qui demeure dans l’amour demeure en Dieu</i>. Aime donc le prochain, regarde en toi d’où te vient cet amour du prochain&nbsp;; là tu verras Dieu, dans la mesure où cela te sera possible.</p> <p>Mets-toi donc à aimer le prochain.<i>Partage ton pain avec celui qui a faim, recueille chez toi le malheureux sans abri, couvre celui que tu verras sans vêtement, ne méprise pas ton semblable. ~</i></p> <p>En agissant ainsi, qu’obtiendras-tu&nbsp;?<i>Alors ta lumière jaillira comme l’aurore</i>. La lumière, c’est ton Dieu. C’est une aurore, parce que son avènement se produira pour toi après la nuit de ce monde. Car cette lumière-là ne se lève pas, ne se couche pas&nbsp;: elle demeure toujours.</p> <p>En aimant le prochain, en prenant soin de ton prochain, tu es en route. Où cela, si ce n’est vers le Seigneur Dieu, vers celui que tu dois aimer de tout ton cœur, de toute ton âme, de tout ton esprit&nbsp;? Car nous ne sommes pas arrivés jusqu’au Seigneur, mais nous avons le prochain avec nous. Porte donc celui avec qui tu marches, pour parvenir à celui avec qui tu désires demeurer.</p>",
      "responsory": "<p>R/ Celui qui garde ma Parole demeure en moi et moi en lui. Alléluia, alléluia.</p> Son commandement, le voici&nbsp;: croire au nom de son Fils Jésus Christ et nous aimer les uns les autres.</p> Nous savons qu’il demeure en nous grâce à l’Esprit qu’il nous a donné.</p>"
    },
    "verse": "<p>V/ Le Fils de Dieu est venu<br> nous faire connaître le Père.</p>"
  },
  "middleOfDay": {
    "tierce": {
      "reading": {
        "biblicalReference": "Is 2, 3b-4",
        "content": "C’est de Sion que vient la Loi, de Jérusalem la parole du Seigneur. Il sera le juge des nations, l’arbitre de la multitude des peuples. De leurs épées, ils forgeront des socs de charrue, et de leurs lances, des faucilles. On ne lèvera plus l’épée nation contre nation, on ne s’entraînera plus pour la guerre."
      },
      "responsory": "V/ Le Seigneur s’est rappelé son amour, alléluia&nbsp;;<br> sa fidélité en faveur d’Israël, alléluia.<br>"
    },
    "sexte": {
      "reading": {
        "biblicalReference": "Is 9, 1",
        "content": "Le peuple qui marchait dans les ténèbres a vu se lever une grande lumière&nbsp;; sur ceux qui habitaient le pays de l’ombre, une lumière a resplendi."
      },
      "responsory": "V/ Tous les confins de la terre ont vu, alléluia,<br> le salut de notre Dieu, alléluia.<br>"
    },
    "none": {
      "reading": {
        "biblicalReference": "Is 60, 4b-5",
        "content": "Tes fils, Jérusalem, reviennent de loin, et tes filles sont portées sur les bras. Alors tu verras, tu seras radieuse&nbsp;; ton cœur frémira et se dilatera. Les trésors d’au-delà des mers afflueront vers toi avec les richesses des nations."
      },
      "responsory": "V/ Amour et vérité se rencontrent, alléluia,<br> justice et paix s’embrassent, alléluia.<br>"
    }
  },
  "vespers": {
    "reading": {
      "biblicalReference": "1 Jn 1, 5b.7",
      "content": "Dieu est lumière, il n’y a pas de ténèbres en lui. Si nous marchons dans la lumière, comme il est lui-même dans la lumière, nous sommes en communion les uns avec les autres, et le sang de Jésus son Fils nous purifie de tout péché."
    },
    "responsory": "<p>R/ Image du Dieu invisible,<br> * Christ est le commencement.<br> V/ Né avant toute créature,&nbsp;*<br> V/ Premier-né d’entre les morts,&nbsp;*<br> Gloire au Père et au Fils et au Saint-Esprit.&nbsp;R/ <br></p>",
    "evangelicAntiphon": {
      "common": "Réjouissons-nous dans le Seigneur, exultons d’allégresse dans l’Esprit&nbsp;: le salut éternel est apparu dans le monde, alléluia."
    },
    "intercession": {
      "content": "<p>R/Gloire à Dieu&nbsp;! Aux hommes paix sur la terre&nbsp;!</p> <p>Seigneur Jésus, ton visage<br> nous montre celui de Dieu.</p> <p>Seigneur Jésus, ton regard<br> nous consacre frères.</p> <p>Seigneur Jésus, ta vie<br> nous révèle le don véritable.</p> <p>Seigneur Jésus, ta mort<br> nous découvre le cœur du Père et la souffrance de tous.</p> <p>Seigneur Jésus, ta victoire<br> nous donne de vivre le véritable amour.</p>"
    }
  },
  "oration": [
    "Seigneur, tu as voulu que ton Fils naisse de la Vierge bénie, afin que son humanité ne soit pas soumise à la condamnation de notre race&nbsp;; accorde-nous d’échapper à l’engrenage du péché, puisque le Christ nous donne part à la nouvelle création. Lui qui règne."
  ]
}