{
  "celebration": {
    "title": "Cœur Immaculé de la Vierge Marie",
    "commons": [
      "virgin-mary"
    ],
    "grade": 10,
    "color": "white"
  },
  "readings": {
    "patristicReading": {
      "title": "SERMON DE S. LAURENT JUSTINIIEN",
      "content": "<p>Lorsque Marie confrontait en elle-même tout ce qu’elle avait appris pour l’avoir lu, entendu ou vu, comme elle grandissait dans la foi, comme elle progressait en mérite, comme elle était éclairée par la sagesse, comme elle s’enflammait de plus en plus du feu de l’amour&nbsp;! En revivant la révélation des mystères célestes qui lui avait été proposée, elle était comblée de joie, merveilleusement fécondée par l’Esprit, et elle s’élançait vers Dieu tout en demeurant dans l’humilité. De tels progrès dans la grâce divine élèvent jusqu’aux sommets et transfigurent de gloire en gloire.</p> <p>Heureuse, certes, l’âme de la bienheureuse Vierge&nbsp;: habitée par l’Esprit et par son enseignement, elle obéissait toujours et en toutes choses aux ordres du Verbe. Elle n’était pas guidée par son sentiment personnel, par sa propre décision&nbsp;; mais ce que la sagesse suggérait intérieurement à sa foi, elle l’accomplissait extérieurement par son corps. Il convenait bien à la divine Sagesse, qui bâtissait, pour y habiter, la demeure de l’Église, il lui convenait d’employer Marie la toute sainte pour procurer l’observance de la loi, la purification de l’âme, l’idéal de l’humilité et le sacrifice spirituel.</p> <p>Imite-la, âme fidèle. Pour te purifier spirituellement et pouvoir te délivrer de la maladie du péché, entre dans le temple de ton cœur. Dieu y regarde toute affection plus que notre ouvrage, en tout ce que nous faisons. Aussi nous pouvons, par le désir de la contemplation, nous jeter en Dieu pour ne penser qu’à lui&nbsp;; ou bien nous pouvons chercher notre équilibre par le progrès des vertus et des activités profitables à notre prochain&nbsp;; en tout cela n’ayons pas d’autre mobile que l’amour de Christ. Voilà quel est le sacrifice spirituel de purification qui est agréable à Dieu. Il ne s’accomplit pas dans un temple matériel, mais dans le temple de notre cœur où le Christ Seigneur fait avec joie son entrée.</p>",
      "responsory": "<p>R/ Le Seigneur est avec toi, Marie, pleine de grâce&nbsp;!</p> Ton cœur en éveil attendait le Messie.</p> Et Dieu t’a regardée, il a comblé ton attente.</p> Il vient, le jour se lève, la terre entière exulte.</p>"
    }
  },
  "oration": [
    "Dieu qui as préparé dans le Cœur de la Vierge Marie une demeure digne de l’Esprit Saint&nbsp;; accorde-nous, par son intercession, de devenir le temple de ta gloire."
  ]
}