{
  "celebration": {
    "title": "S. Antoine",
    "subtitle": "abbé",
    "description": "Antoine, le père des moines d’Égypte, se fixa dans le désert à vingt ans après avoir entendu lire dans l’Évangile : « Si tu veux être parfait, va, vends ce que tu as, donne le aux pauvres et suis moi ». Il allait y vivre durant près d’un siècle († 356). De nombreux disciples le suivirent dans cette vie d’austérité qui donne accès à l’intimité du Dieu vivant.",
    "commons": [
      "saints-male"
    ],
    "grade": 10,
    "color": "white"
  },
  "readings": {
    "patristicReading": {
      "title": "VIE DE S. ANTOINE. PAR S. ATHANASE",
      "subtitle": "La vocation d’Antoine",
      "content": "<p>À la mort de ses parents, Antoine resta seul avec une jeune sœur. Ayant alors  entre dix-huit et vingt ans, il prit soin de la maison et de sa sœur. Moins de six mois après le décès de ses parents, il se rendait comme d’habitude  à l’église en méditant ; il considérait comment les Apôtres avaient tout quitté  pour suivre le Sauveur ; quels étaient les hommes qui, dans les Actes des Apôtres,  vendaient leurs biens et en déposaient le produit aux pieds des Apôtres pour que  ceux-ci les distribuent aux nécessiteux ; et aussi quelle grande espérance leur  était ainsi réservée dans le ciel. En pensant à tout cela, il entre dans l’église  au moment de la lecture de l’Évangile, et il entend le Seigneur qui disait à un riche :  <i>Si tu veux être parfait, va, vends tout ce que tu possèdes et donne-le aux pauvres ;  puis viens, suis-moi, et tu auras un trésor dans les cieux</i>. Antoine eut l’impression que Dieu lui adressait cet évangile et que cette lecture  avait été faite pour lui. Il sortit aussitôt de l’église et donna aux gens du village  ses propriétés familiales, quinze arpents d’une terre fertile et excellente, pour  que lui-même et sa sœur n’en aient plus l’embarras. Après avoir vendu tous ses biens  mobiliers, il distribua aux pauvres la grosse somme d’argent qu’il en avait retirée,  en ne mettant de côté qu’une petite part pour sa sœur. Une autre fois qu’il était entré à l’église, il entendit le Seigneur dire dans  l’Évangile : <i>Ne vous faites pas de souci pour demain</i>. Ne supportant plus  d’avoir gardé quelque chose, il distribua cela aussi aux plus pauvres. Il confia  sa sœur à des vierges dont il connaissait la fidélité et la mit dans leur monastère  pour qu’elle y fasse son éducation. Quant à lui, il se consacra désormais, près de  sa maison, au labeur de la vie ascétique. Vigilant sur soi-même, il persévérait dans  une vie austère. ~ Aussi travaillait-il de ses mains, car il avait entendu cette parole : <i>Si  quelqu’un ne veut pas travailler, qu’il ne mange pas non plus</i>. Il achetait son  pain avec une part de ce qu’il gagnait et il distribuait le reste aux indigents. ~ Il priait sans cesse, parce qu’il avait appris qu’il faut <i>prier sans relâche</i>  en privé. Il était si attentif à la lecture qu’il ne laissait rien perdre des Écritures  mais en retenait tout et que, dans la suite, sa mémoire pouvait remplacer les livres. Tous les habitants du village et les gens de bien qui le fréquentaient habituellement,  en le voyant vivre ainsi, l’appelaient ami de Dieu. Les uns l’aimaient comme leur  fils, et les autres comme leur frère.</p>"
    }
  },
  "oration": [
    "Dieu qui a donné à saint Antoine de mener dans la solitude une vie héroïque, accorde-nous,  par son intercession, de renoncer à nous-mêmes pour t’aimer sans cesse et plus que  tout."
  ]
}