{
  "celebration": {
    "title": "S. Basile le Grand et S. Grégoire de Naziance",
    "subtitle": "évêques et docteurs de l’Église",
    "description": "<p>Basile (330-379) mena d’abord la vie monastique et il rédigea des Règles que suivent encore de nos jours les moines d’Orient, puis il devint évêque de Césarée, sa ville natale (370). Tant par son action que par ses écrits il s’affirma comme le défenseur énergique des pauvres, le mainteneur de la liberté de l’Église et de l’intégrité de la foi.<br><br>Ami de Basile, dont il partagea la vie d’étudiant et de moine, Grégoire le Théologien (330‑389/390) fut, durant dix-huit mois, évêque de Constantinople (381) mais, peu doué pour l’action, il se retira ensuite à Nazianze où il était né. Il devait y vivre dans la contemplation de Dieu et la composition d’ouvrages d’une grande profondeur de pensée.</p>",
    "commons": [
      "pastors_multiple",
      "doctors"
    ],
    "grade": 10,
    "color": "white"
  },
  "morning": {
    "evangelicAntiphon": {
      "common": "Qui enseigne aux hommes la justice resplendira aux siècles des siècles comme les étoiles dans le ciel."
    }
  },
  "readings": {
    "patristicReading": {
      "title": "HOMÉLIE DE S. GRÉGOIRE DE NAZIANZE POUR LA MORT DE S. BASILE",
      "content": "<p>Nous étions ensemble à Athènes. Comme le courant d’un fleuve, à partir d’une source unique, se divise en plusieurs bras, Basile et moi, nous nous étions séparés pour aller chercher le savoir dans des régions différentes. Mais nous nous sommes retrouvés comme à la suite d’un rendez-vous, alors que c’était Dieu qui nous menait. ~</p> <p>Non seulement je portais personnellement à mon grand Basile beaucoup de respect parce que je voyais en lui une conduite sérieuse et une parole avisée, mais j’essayais aussi d’inspirer le même sentiment aux autres, qui n’avaient pas eu l’occasion de le connaître. Car pour beaucoup il était déjà digne de vénération, parce que sa réputation l’avait devancé.</p> <p>Le résultat de cela&nbsp;? C’est qu’il fut à peu près le seul, de tous ceux qui venaient étudier à Athènes, qui échappa à la loi commune en jouissant d’une estime supérieure à celle qui revient à un nouveau venu. Ce fut le début de notre amitié&nbsp;; de là est née l’étincelle qui nous a unis&nbsp;; c’est ainsi que nous avons reçu la blessure de notre amitié mutuelle. ~</p> <p>Au bout d’un certain temps, nous nous étions avoué notre passion commune pour la philosophie&nbsp;: nous n’avions d’ardeur que pour elle. Alors nous fûmes tout l’un pour l’autre, ayant même toit, même table, même vie, même horizon, unissant chaque jour notre commun désir avec plus de chaleur et plus de force. ~</p> <p>Nous étions conduits par les mêmes espérances envers la richesse la plus enviée&nbsp;: la science. Mais il n’y avait entre nous aucune envie, nous ne cherchions que l’émulation. Il y avait lutte entre nous deux, non pas à qui obtiendrait la première place, mais comment chacun la céderait à l’autre. Car chacun considérait l’éloge obtenu par l’autre comme étant le sien.</p> <p>On aurait cru que nous avions à nous deux une seule âme, responsable de deux corps. Et s’il ne faut pas croire ceux qui prétendent que tout est dans tout, il faut nous croire quand nous disons que nous étions l’un dans l’autre et l’un auprès de l’autre.</p> <p>Nous n’avions tous deux qu’une seule affaire&nbsp;: la vertu, et notre vie était dirigée vers les espérances futures, pour nous préparer à quitter ce monde en y renonçant déjà. C’est dans cette perspective que nous organisions toute notre vie et notre manière de faire. Nous nous laissions conduire par la loi de Dieu, en nous stimulant mutuellement à l’amour de la vertu. Et si ce n’est pas trop me vanter que de le dire, chacun de nous était pour l’autre une règle et un modèle permettant de distinguer le bien et le mal. ~</p> <p>Chacun porte un surnom qui lui vient de ses parents ou de son propre fonds, d’après ses goûts particuliers ou ses occupations. Mais pour nous, la grande affaire et le grand nom, c’était d’être chrétiens et d’en porter le nom.</p>",
      "responsory": "<p>R/ À qui la poursuit, Dieu donne la Sagesse.</p> Si l’un de vous manque de sagesse, qu’il la demande à Dieu, car Dieu la donne généreusement.</p> Tout don parfait descend du Père des lumières chez qui n’existe aucun changement.</p>"
    }
  },
  "vespers": {
    "evangelicAntiphon": {
      "common": "Qui observe le plus petit de mes commandements sera grand dans le Royaume de Dieu."
    }
  },
  "oration": [
    "Tu as voulu, Seigneur, illuminer ton Église par l’enseignement et par les exemples de saint Basile et de saint Grégoire de Nazianze&nbsp;; accorde-nous de chercher humblement à connaître ta vérité pour que ta charité imprègne notre vie."
  ]
}