{
  "celebration": {
    "title": "S. Hilaire de Poitiers",
    "subtitle": "évêque et docteur de l'Église",
    "description": "Évêque de Poitiers, en France, et docteur de l'Église. Né en 315, il se convertit à la religion chrétienne parce qu'elle proposait une vision profonde de Jésus Christ, Verbe de Dieu. Il défendit toute sa vie cette croyance en la divinité du Christ.",
    "commons": [
      "pastors",
      "doctors"
    ],
    "grade": 12,
    "color": "white"
  },
  "oration": [
    "Accorde-nous, Dieu tout-puissant, de connaître et de proclamer la divinité de ton Fils, à la suite de l'évêque saint Hilaire qui sut la défendre sans jamais faiblir."
  ]
}