{
  "celebration": {
    "title": "Sainte Joséphine Bakita",
    "description": "Née au Soudan en 1869, Joséphine Bakhita ne tarde pas à connaître les angoisses de l'enlèvement et de l'esclavage. Vendue cinq fois, elle demande à son nouveau maître, consul italien, de l'amener en Italie. Elle découvre Dieu au contact des religieuses canossiennes et chosit la vie consacrée en 1896. Le 1er octobre 2000, elle devient la première sainte soudanaise.",
    "commons": [
      "virgins"
    ],
    "grade": 12,
    "color": "white"
  }
}