{
  "celebration": {
    "title": "Saintes Perpétue et Félicité",
    "description": "Perpétue n’était que catéchumène quand elle fut arrêtée. Âgée de vingt‑deux ans, elle était mère d’un tout jeune enfant. Félicité était enceinte et elle accoucha d’une fille dans la prison. Mais ni l’une ni l’autre ne faiblit lorsque, le 7 mars 303, elles pénétrèrent dans l’amphithéâtre de Carthage. C’est la main dans la main qu’elles s’avancèrent vers la vache furieuse qui devait les immoler.",
    "commons": [
      "martyrs-female"
    ],
    "grade": 10,
    "color": "red"
  },
  "morning": {
    "evangelicAntiphon": {
      "common": "Heureux ceux qui sont persécutés pour la justice&nbsp;: le Royaume des cieux est à eux."
    }
  },
  "readings": {
    "patristicReading": {
      "title": "Actes des martyrs de Carthage",
      "content": "<p>Le jour se leva, où les martyrs allaient remporter la victoire, et ils sortirent de la prison pour s’avancer vers l’amphithéâtre comme s’ils allaient au ciel. Ils avaient des visages gais et radieux, et s’ils tremblaient, c’était de joie, non de peur. ~</p> <p>Perpétue, la première, fut frappée par les cornes d’une vache furieuse et tomba à la renverse. ~ Puis elle se releva et voyant que Félicité avait été précipitée sur le sol, elle s’approcha, la prit par la main et l’aida à se redresser. Toutes deux demeurèrent debout. La cruauté du peuple s’apaisa et on les fit sortir par la porte des Vivants.</p> <p>Là, Perpétue fut accueillie par un certain Rustique, alors catéchumène qui était à son service et, comme si elle sortait du sommeil (tellement elle avait été ravie en extase), elle se mit à regarder autour d’elle et dit, à la surprise de tous&nbsp;: «&nbsp;Quand donc serons‑nous exposés à cette vache dont on parle &nbsp;?&nbsp;» Et quand elle apprit que cela avait déjà eu lieu, elle ne le crut pas avant d’avoir reconnu sur son corps et sur ses vêtements les marques des coups. Alors, après avoir appelé son frère et ce catéchumène, elle les exhorta ainsi&nbsp;: «&nbsp;Demeurez fermes dans la foi, aimez vous tous les uns les autres, et ne soyez pas ébranlés par nos souffrances&nbsp;».</p> <p>De même, Saturus, à une autre porte, s’adressait ainsi au soldat Pudens&nbsp;: «&nbsp;Finalement, comme je l’avais pensé et annoncé par avance, je n’ai vraiment rien souffert d’aucune bête jusqu’ici. Et maintenant, crois de tout ton cœur&nbsp;: voici que je vais au‑devant du léopard, et par une seule de ses morsures je parviens au but&nbsp;». Et aussitôt, à la fin du spectacle, il fut livré à un léopard. À la première morsure, il fut tellement inondé de sang que le peuple, lorsqu’il revint, cria, comme si l’on était aux bains&nbsp;: «&nbsp;Baigne‑toi et bonne santé&nbsp;! Baigne‑toi et bonne santé&nbsp;!&nbsp;» Ce cri témoignait qu’il avait reçu le second baptême, celui du sang. Et, certes, après un tel bain, il avait trouvé le salut.</p> <p>Alors il dit au soldat Pudens&nbsp;: «&nbsp;Adieu, garde mon souvenir et garde la foi. Que tout cela, au lieu de t’ébranler, te fortifie&nbsp;». En même temps il lui demanda l’anneau qu’il portait au doigt et, après l’avoir plongé dans sa blessure, il le lui remit en héritage, lui laissant cette relique, ce mémorial de son sang. Puis, comme il est inanimé, on le jette avec les autres dans le local où l’on devait les égorger.</p> <p>Mais, comme le peuple les réclamait au milieu de l’arène pour être témoin oculaire de leur mise à mort en voyant l’épée s’enfoncer dans leurs corps, ils se levèrent d’eux‑mêmes et se portèrent à l’endroit voulu par le peuple. Mais d’abord ils s’embrassèrent pour achever la célébration de leur martyre par le rite du baiser de paix.</p> <p>Tous reçurent le coup d’épée, immobiles et silencieux; en particulier Saturus qui rendit l’esprit le premier, lui qui était monté le premier à l’échelle de la vision de Perpétue, pour attendre celle-ci. Perpétue, quant à elle, devait faire l’expérience de la douleur&nbsp;: frappée entre les côtes, elle poussa un grand cri&nbsp;; puis, comme la main du gladiateur débutant hésitait, elle la poussa elle‑même sur sa gorge. Sans doute une telle femme ne pouvait‑elle être mise à mort autrement, elle qui faisait peur à l’esprit mauvais&nbsp;: il fallait qu’elle‑même le veuille.</p> <p>Martyrs héroïques et bienheureux&nbsp;! Vraiment appelés et choisis pour entrer dans la gloire de notre Seigneur Jésus Christ&nbsp;!</p>",
      "responsory": "<p>R/ C’est du ciel que vient la force&nbsp;!</p> Ma grâce te suffit, dit le Seigneur, car ma puissance se déploie dans la faiblesse.</p> Je me vanterai surtout de mes faiblesses, afin que repose sur moi la puissance du Christ.</p> La folie de Dieu est plus sage que les hommes et la faiblesse de Dieu, plus forte que les hommes.</p>"
    }
  },
  "vespers": {
    "evangelicAntiphon": {
      "common": "Joie pour les saints qui ont suivit le Christ&nbsp;: ils ont versé leur sang pour lui, avec lui ils règnent à jamais."
    }
  },
  "oration": [
    "Dans leur amour pour toi, Seigneur, tes martyres Perpétue et Félicité ont trouvé la force de résister à leurs persécuteurs et de sur monter les tourments de la mort&nbsp;; donne-nous, à leur prière la grâce de t’aimer toujours davantage."
  ]
}