{
  "celebration": {
    "title": "S. Polycarpe",
    "subtitle": "évêque et martyr",
    "description": "Disciple de saint Jean, l’évêque Polycarpe est le dernier témoin de l’age apostolique. Il mourut sur le bûcher, au milieu du théâtre de Smyrne, en présence de tout le peuple, rendant grâce au Seigneur «&nbsp;d’avoir été jugé digne d’être compté au nombre des martyrs et de participer au calice du Christ&nbsp;». C’était le 23 février 155&nbsp;; il avait quatre‑vingt‑six ans.",
    "commons": [
      "martyr",
      "pastors_bishop"
    ],
    "grade": 10,
    "color": "red"
  },
  "morning": {
    "evangelicAntiphon": {
      "common": "Depuis si longtemps que je sers le Christ, il ne m’a fait aucun mal. Comment pourrais-je blasphémer mon Sauveur et mon Roi&nbsp;?"
    }
  },
  "readings": {
    "patristicReading": {
      "title": "LETTRE DE L’ÉGLISE DE SMYRNE SUR LE MARTYRE DE S. POLYCARPE",
      "content": "<p>Lorsque le bûcher fut prêt, Polycarpe enleva lui-même tous ses vêtements et détacha sa ceinture&nbsp;; puis il voulut se déchausser lui-même. Il ne le faisait pas auparavant, parce que chacun des fidèles s’empressait toujours pour être le premier à toucher son corps&nbsp;: même avant son martyre, il était toujours entouré de vénération à cause de la sainteté de sa vie.</p> <p>Aussitôt donc on plaça autour de lui les matériaux préparés pour le bûcher. Comme on allait l’y clouer, il dit&nbsp;: «&nbsp;Laissez-moi ainsi. Celui qui me donne la force de supporter le feu me donnera aussi, même sans la garantie de vos clous, de rester immobile sur le bûcher.&nbsp;» On ne le cloua donc pas, mais on l’attacha.</p> <p>Ainsi ligoté, avec les mains ramenées derrière le dos, il était comme un bélier de choix pris dans un grand troupeau pour être offert en sacrifice, holocauste préparé pour être agréable à Dieu. Levant les yeux au ciel, il dit&nbsp;:</p> <p>«&nbsp;Seigneur, Dieu tout-puissant, Père de ton enfant bien-aimé et béni, Jésus Christ, par qui nous avons reçu la connaissance de ton nom. Dieu des anges, des puissances, de toute la création et de toute la race des justes qui vivent en ta présence&nbsp;: je te bénis parce que tu m’as jugé digne de ce jour et de cette heure, pour que je prenne part, dans la troupe des martyrs, à la coupe de ton Christ, en vue de la résurrection du corps et de l’âme à la vie éternelle, dans l’immortalité donnée par l’Esprit Saint. Je souhaite d’être admis aujourd’hui en ta présence avec eux, comme un sacrifice riche et agréable, ainsi que tu l’avais préparé et manifesté d’avance, ainsi que tu l’as réalisé, Dieu sincère et véritable.</p> <p>«&nbsp;Aussi je te loue pour toute chose, je te bénis, je te glorifie par le grand prêtre éternel et céleste, Jésus Christ, ton enfant bien-aimé. Par lui, gloire à toi, à lui et à l’Esprit Saint, maintenant et dans les siècles futurs. Amen.&nbsp;»</p> <p>Quand il eut fait monter cet<i>amen</i>et achevé sa prière, les hommes du feu allumèrent le brasier.</p> <p>Une grande flamme brilla, et nous avons vu une merveille, nous à qui il fut accordé de le voir et qui avions été gardés pour annoncer aux autres ces événements. Le feu présenta la forme d’une voûte, comme la voile d’un navire gonflée par le vent qui entourait comme d’un rempart le corps du martyr. Celui-ci était au milieu, non comme une chair qui brûle, mais comme un pain qui cuit, ou comme de l’or et de l’argent étincelant dans la fournaise. Et nous sentions un parfum pareil à celui d’une exhalaison d’encens ou d’un autre aromate précieux.</p>",
      "responsory": "<p>R/ Sois fidèle jusqu’à la mort, le Seigneur combat pour toi, (alléluia)&nbsp;!</p> Ne craignez pas ceux qui tuent le corps et ne peuvent rien faire de plus.</p> Le vainqueur, celui qui croit en moi, ne connaîtra pas la seconde mort.</p> Espère en Dieu, prends cœur et prends courage, espère en Dieu.</p>"
    }
  },
  "vespers": {
    "evangelicAntiphon": {
      "common": "Je te bénis, Seigneur, toi qui me donnes part à la coupe du Christ."
    }
  },
  "oration": [
    "Dieu de toute la création, tu as voulu que l’évêque saint Polycarpe, soit au nombre de tes martyrs&nbsp;; accorde-nous, à sa prière, de prendre part comme lui à la coupe du Christ, pour ressusciter à la vie éternelle."
  ]
}