{
  "celebration": {
    "title": "S. Raymond de Penyafort",
    "subtitle": "prêtre",
    "description": "Le dominicain catalan Raymond de Penyafort (1175‑1275) fut l’un des maîtres de la théologie morale et du droit canonique de son temps, mais il est connu aussi pour son zèle à former les prêtres en vue du ministère de la pénitence. Maître général de son Ordre, il lui donna une forte impulsion.",
    "commons": [
      "pastors",
      "saints-male_religious"
    ],
    "grade": 12,
    "color": "white"
  },
  "oration": [
    "Dieu qui as donné à saint Raymond de Penyafort un immense amour des pécheurs, daigne, à sa prière, briser les liens de nos fautes pour que nous soyons libres d'agir comme il te plaît."
  ]
}