{
  "celebration": {
    "title": "S. Remi",
    "subtitle": "évêque",
    "description": "Rémi fut évêque de Reims pendant soixante‑dix ans († vers 530). Son nom est attaché au baptême de Clovis et à l’entrée des Francs dans l’Église catholique. Mais l’événement ne fut pas fortuit. En effet, Rémi avait exercé de longue date une influence déterminante dans le cheminement du roi franc vers la foi.",
    "commons": [
      "pastors"
    ],
    "grade": "10",
    "color": "white"
  },
  "readings": {
    "patristicReading": {
      "title": "De l’histoire des Francs par Grégoire de Tours",
      "subtitle": "Saint Remi Baptise Clovis, le peuple franc devient chrétien",
      "content": "<p>L’évêque de Reims, saint Remi, fut appelé par sainte Clotilde auprès du Roi Clovis qui venait de se convertir. L’évêque commença à lui faire comprendre qu’il devait croire au vrai Dieu, créateur du ciel et de la terre, et abandonner les idoles qui ne peuvent être utiles ni à elles-mêmes ni aux autres. Mais le roi lui dit&nbsp;: «&nbsp;<i>Je t’écouterai volontiers, père très saint, mais il reste une chose&nbsp;: c’est que le peuple qui me suit n’accepte pas de renoncer à ses dieux. Mais j’y vais, et je leur dirai ce que tu m’as dit</i>&nbsp;». Il alla trouver les siens, mais la puissance de Dieu avait devancé son discours et tout le peuple s’écria en même temps&nbsp;: «&nbsp;<i>Nous rejetons les dieux immortels, ô pieux roi, et nous sommes prêts à suivre le Dieu immortel que prêche Remi</i>&nbsp;».</p> <p>On porte cette nouvelle à l’évêque qui, rempli d’une grande joie, ordonne de préparer le baptême. Les galeries de l’église sont couvertes de peintures, décorées de courtines blanches&nbsp;; la piscine est aménagée, on répand des parfums, on fait brûler des cierges et de l’encens, toute la chapelle du baptistère est embaumée d’une odeur céleste, et Dieu accorda aux assistants une telle grâce qu’ils se croyaient transportés dans les parfums du paradis.</p> <p>Ce fut le roi qui, le premier, demanda à être baptisé par le pontife. Ce nouveau Constantin s’avance vers le baptême pour guérir de la lèpre originelle et pour effacer par une eau nouvelle les souillures de son passé. Lorsqu’il fut entré dans l’eau pour recevoir le baptême, le saint de Dieu lui adresse cette interpellation éloquente&nbsp;: «&nbsp;<i>Incline humblement la tête, Sicambre&nbsp;; adore ce que tu as brûlé, brûle ce que tu as adoré</i>&nbsp;».</p> <p>Saint Remi était un évêque d’une science remarquable qui avait étudié profondément la rhétorique&nbsp;; mais il était aussi éminent en sainteté, au point qu’il égalait saint Sylvestre par ses miracles. Il existe de nos jours un livre de sa vie qui raconte qu’il a ressuscité un mort.</p> <p>Donc, le roi ayant confessé la Trinité du Dieu tout-puissant, fut baptisé au nom du Père, du Fils et du Saint-Esprit, puis il reçut l’onction de saint-chrême avec la marque de la croix du Christ. Plus de trois mille hommes de son armée furent baptisés. On baptisa encore sa sœur Alboflède qui, peu de temps après, émigra auprès du Seigneur. Comme le roi en était attristé, saint Remi lui envoya une lettre de consolation, qui commençait ainsi&nbsp;: «&nbsp;<i>J’ai moi-même le cœur serré, et profondément, par ce qui cause ta tristesse&nbsp;: le trépas de ta sœur Alboflède, de vertueuse mémoire. Mais nous pouvons nous en consoler, car elle a quitté ce monde dans de telles dispositions que l’on doit la vénérer plutôt que la pleurer</i>&nbsp;».</p>",
      "responsory": "<p>R/ L’Évêque Remi conduisit Clovis à la fontaine et le baptisa.</p> Toute la foule apprit que le roi des Francs était catéchumène&nbsp;;</p> Dans l’eau sainte, le nouveau Constantin voulait effacer la lèpre spirituelle et les souillures de son passé.</p>"
    }
  },
  "oration": [
    "Dieu très bon, tu as mis au cœur de saint Remi une telle sollicitude envers nous qui étions si loin de Toi, qu’il nous a envoyé des Pasteurs dignes de l’Évangile&nbsp;: accorde à celui qui, ici-bas, désira d’une telle ardeur notre salut, de se distinguer dans le ciel comme le plus efficace des protecteurs."
  ]
}