{
  "celebration": {
    "title": "S. Stanislas",
    "subtitle": "évêque et martyr",
    "description": "Stanislas (1030‑1079) devint évêque de Cracovie (Pologne) peu après le martyre de Thomas Becket (1071). Bientôt Grégoire VII accéderait à la Chaire de Pierre. Stanislas devait mener, lui aussi, le combat pour la liberté de l’Église, en excommuniant un prince autocrate et corrompu. Celui‑ci le fit assassiner.",
    "commons": [
      "martyr",
      "pastors"
    ],
    "grade": 10,
    "color": "red"
  },
  "morning": {
    "evangelicAntiphon": {
      "common": "Celui qui perd sa vie en ce monde la trouve pour l'éternité."
    }
  },
  "readings": {
    "patristicReading": {
      "title": "Lettre de S. Cyprien",
      "content": "<p>Lorsque nous livrons bataille, lorsque nous soutenons le combat de la foi, Dieu nous regarde, ses anges nous regardent, le Christ nous regarde. Quelle gloire, quelle chance d'avoir Dieu comme président de l'épreuve lorsque nous combattons, et le Christ pour juge lorsque nous sommes couronnés&nbsp;!<br>Armons-nous, frères très chers, de toutes nos forces, et préparons-nous à la lutte avec une âme sans tache, une foi entière, un courage généreux. Que l'armée de Dieu rejoigne les positions qui nous sont assignées. ~<br>Le bienheureux Apôtre nous invite à nous armer et à nous préparer: ~ <i>Ayons la vérité pour ceinturon, dit-il, la justice pour cuirasse, et, comme chaussures, l'élan pour annoncer l'Évangile de la Paix. Prenez le bouclier de la foi, qui vous permettra d'éteindre tous les projectiles enflammés du Malin. Prenez le casque du salut et le glaive de l'Esprit, c'est-à-dire la parole de Dieu</i>.<br>Prenons ces armes, munissons-nous de ces protections spirituelles et célestes, afin que nous puissions, au jour mauvais, résister aux menaces du diable et le repousser.<br>Revêtons la cuirasse de la justice, pour que notre poitrine soit couverte et protégée contre les projectiles de l'ennemi. Que nos pieds soient chaussés et armés par l'enseignement évangélique, afin que le serpent, lorsque nous entreprendrons de le fouler et de l'écraser, soit incapable de nous mordre et de nous faire tomber.<br>Portons courageusement le bouclier de la foi, afin que sa protection puisse éteindre tout ce que l'ennemi jettera contre nous.<br>Prenons aussi, pour nous couvrir la tête, le casque de l'Esprit afin de protéger nos oreilles pour qu'elles n'entendent pas des édits de mort&nbsp;; nos yeux pour qu'ils ne regardent pas des idoles détestables; notre front pour qu'il garde intact le signe de Dieu; notre bouche pour que notre langue confesse victorieusement le Christ, son Seigneur.<br>Armons aussi notre main droite du glaive de l'Esprit afin qu'elle rejette courageusement des sacrifices funestes, et que, se souvenant de l'Eucharistie qui nous donne le Corps du Seigneur, elle lui demeure attachée, pour recevoir ensuite la récompense des couronnes célestes. ~<br> Ayez tout cela bien à cœur, frères très chers. ~ Si nous sommes en train d'y penser et de le méditer, quand survient le jour de la persécution, le soldat du Christ, instruit par ses enseignements et ses avis, ne redoute pas le com-bat: il est prêt pour la couronne.</p>",
      "responsory": "<p>R/ Prenons en mains le bouclier de la foi<br>et le glaive de la Parole de Dieu.</p><p>Pour la cause de Dieu,<br>les armes de notre combat<br>ont pouvoir de renverser les forteresses.</p><p>Pour détruire toute puissance<br>qui se dresse contre Dieu.</p><p>Pour rendre toute pensée captive<br>dans l'obéissance au Christ.</p>"
    }
  },
  "vespers": {
    "evangelicAntiphon": {
      "common": "Heureux le vainquerur, entrée dans la lumière et dans la paix de son Seigneur&nbsp;!"
    }
  },
  "oration": [
    "Seigneur, c'est pour te rendre gloire que l'évêque saint Stnaislas est tombé sous les coups de ses persécuteurs&nbsp;; accorde-nous de rester jusqu'à la mort fermes dan la foi."
  ]
}