{
  "celebration": {
    "title": "S. Thomas d’Aquin",
    "subtitle": "prêtre et docteur de l’Église",
    "description": "Thomas d’Aquin (1225-1274) a réalisé en plénitude l’idéal dominicain : contempler et transmettre aux autres le fruit de sa contemplation. Philosophe et théologien, professeur, Thomas a beaucoup réfléchi, beaucoup enseigné, beaucoup écrit. Mais, contemplatif avant tout, il a surtout beaucoup prié et il s’est soumis à une rude discipline pour accéder à la pure Lumière.",
    "commons": [
      "pastors",
      "doctors"
    ],
    "grade": 10,
    "color": "white"
  },
  "morning": {
    "evangelicAntiphon": {
      "common": "Bénis soit le Seigneur&nbsp;! Thomas l’a aimé dans la prière, le travail et la recherche de la vérité."
    }
  },
  "readings": {
    "patristicReading": {
      "title": "CONFÉRENCE DE S. THOMAS D’AQUIN À SES ÉTUDIANTS SUR LE CREDO",
      "content": "<p>Quelle nécessité y avait-il à ce que le Fils de Dieu souffrît pour nous&nbsp;? Une grande nécessité, que l’on peut résumer en deux points&nbsp;: nécessité de remède à l’égard de nos péchés, nécessité d’exemple pour notre conduite.</p> <p>Pour ce qui est du remède contre tous les maux que nous inflige le péché, nous trouvons un remède grâce à la passion du Christ. ~</p> <p>Mais son utilité n’est pas moindre à l’égard de l’exemple. Car la passion du Christ nous fournit un modèle valable pour toute notre vie. En effet, celui qui veut mener la vie parfaite n’a rien d’autre à faire qu’à mépriser ce que le Christ a méprisé sur la croix et à désirer ce que le Christ a désiré. Car aucun exemple de vertu n’est absent de la croix.</p> <p>Si tu cherches un exemple de charité&nbsp;:<i>Il n’y a pas de plus grand amour que de donner sa vie pour ses amis</i>. C’est ce que le Christ a fait sur la croix. Et par conséquent, s’il a donné sa vie pour nous, il ne doit pas être trop dur de supporter n’importe quel mal pour lui. ~</p> <p>Si tu cherches la patience, c’est sur la croix qu’on la trouve au maximum. En effet la patience est grande pour deux motifs&nbsp;: ou bien lorsqu’on souffre patiemment de grands maux, ou bien lorsqu’on souffre des maux qu’on aurait pu éviter, et que l’on n’évite pas. Or le Christ a souffert de grands maux sur la croix, et avec patience, puisque<i>couvert d’insultes il ne menaçait pas&nbsp;; comme une brebis conduite à l’abattoir, il n’ouvrait pas la bouche</i>. ~ Elle est donc grande, la patience du Christ sur la croix&nbsp;:<i>Par la patience, courons au combat qui nous est proposé, les yeux fixés sur Jésus, qui est à l’origine et au terme de la foi. Renonçant à la joie qui lui était proposée, il a enduré, sans avoir de honte, l’humiliation de la croix</i>.</p> <p>Si tu cherches un exemple d’humilité, regarde le crucifié. Car un Dieu a voulu être jugé sous Ponce Pilate, et mourir. ~</p> <p>Si tu cherches un exemple d’obéissance, tu n’as qu’à suivre celui qui s’est fait obéissant au Père jusqu’à la mort&nbsp;:<i>De même que la faute commise par un seul,</i>c’est-à-dire Adam,<i>a rendu tous les hommes pécheurs, de même tous deviendront justes par l’obéissance d’un seul.</i></p> <p>Si tu cherches un exemple de mépris pour les biens terrestres, tu n’as qu’à suivre celui qui est<i>le Roi des rois et le Seigneur des seigneurs, en qui sont cachés tous les trésors de la sagesse et de la connaissance</i>; sur la croix, il est nu, tourné en dérision, couvert de crachats, frappé, couronné d’épines, enfin abreuvé de fiel et de vinaigre.</p> <p>Ne sois donc pas attaché aux vêtements et aux richesses, car<i>ils se sont partagé mes habits</i>; ni aux honneurs, car j’ai subi les moqueries et les coups&nbsp;; ni aux dignités car,<i>tressant une couronne d’épines, ils l’ont enfoncée sur ma tête</i>; ni aux plaisirs car,<i>dans ma soif, ils m’ont abreuvé de vinaigre</i>.</p>",
      "responsory": "<p>(Stance)<br>Ta mort est vaine aux yeux de chair&nbsp;:<br>mais, pour celui qui croit,<br>elle est vie éternelle.<br>Jésus, tu es vainqueur<br>chaque fois que dans l’homme,<br>l’Esprit peut s’écrier&nbsp;:<br>«&nbsp;Tu es le Christ,<br>le Fils du Dieu vivant&nbsp;»&nbsp;!</p><p>R/ Tu es le Fils du Dieu vivant, Tu es le Seigneur&nbsp;!</p> Comme un surgeon, tu as grandi devant nous, racine vive sur notre terre aride, et nous te méprisons.</p> Tu as donné ta vie, tu as été comblé. Après l’épreuve, tu as vu la lumière&nbsp;: maintenant, nos yeux s’ouvrent.</p> Tous nos regards se tournent vers toi&nbsp;: tu es le Messie, le Saint d’Israël&nbsp;; pour toi chantent nos cœurs.</p>"
    }
  },
  "vespers": {
    "evangelicAntiphon": {
      "common": "À ceux qui la désirent la Sagesse est donnée&nbsp;; ceux qui la possèdent deviennent amis de Dieu."
    }
  },
  "oration": [
    "Dieu qui as fait de saint Thomas d’Aquin un modèle admirable par sa recherche d’une vie sainte et son amour de la science sacrée, accorde-nous de comprendre ses enseignements et de suivre ses exemples."
  ]
}