{
  "celebration": {
    "title": "S. Timothée et S. Tite",
    "subtitle": "évêques",
    "description": "Timothée et Tite furent, avec Luc, les fidèles collaborateurs de saint Paul. Le premier, élevé par une mère juive, avait été baptisé par Paul, et il le suivit dans ses missions avant d’être établi par lui la tête de l’Église d’Éphèse. Quant à Tite, Paul se l’adjoignit à Antioche dès le début de son apostolat. Il lui confia ensuite l’évangélisation de la Crète.",
    "commons": [
      "pastors_multiple"
    ],
    "grade": 10,
    "color": "white"
  },
  "morning": {
    "evangelicAntiphon": {
      "common": "Proclame la parole à temps et à contre-temps, toujours avec patience et souci d’enseigner."
    }
  },
  "readings": {
    "patristicReading": {
      "title": "HOMÉLIE DE S. JEAN CHRYSOSTOME À LA LOUANGE DE PAUL",
      "content": "<p>La prison où demeurait saint Paul était pour lui comme le ciel même, et il accueillait les blessures des fouets avec plus de plaisir qu’on ne saisit le prix remporté à la course&nbsp;; il n’aimait pas moins ses épreuves que des récompenses, car il les considérait comme des récompenses, et c’est pour cela qu’il les appelait une grâce. Remarquons-le c’était une récompense que<i>s’en aller pour être avec le Christ</i>; tandis que<i>demeurer dans ce monde</i>, c’était le combat&nbsp;; et pourtant, il dit qu’il préfère à la récompense le combat, qui est<i>plus nécessaire. Être maudit, séparé du Christ</i>, c’était cela le combat et l’épreuve, c’était même bien davantage&nbsp;; être avec lui, c’était la récompense. Mais, à cause du Christ, Paul a choisi le combat plutôt que la récompense.</p> <p>On dira peut-être que tout cela lui était doux, à cause du Christ. Je le reconnais aussi, car ce qui est pour nous cause de tristesse produisait en lui un grand plaisir. Mais peu importent les dangers et les autres misères. Il se trouvait dans cette tristesse continuelle qui lui fait dire&nbsp;:<i>Qui est faible sans que je sois faible&nbsp;? Qui vient à tomber sans qu’un feu me brûle&nbsp;?</i>~</p> <p>Je vous exhorte à ne pas admirer seulement, mais aussi à imiter ce modèle de vertu, car c’est ainsi que nous pourrons participer à sa victoire.</p> <p>Si tu es étonné d’entendre dire qu’il suffit de suivre le même chemin pour obtenir le même succès, écoute-le parler de lui-même&nbsp;:<i>Je me suis bien battu, j’ai tenu jusqu’au bout de la course, je suis resté fidèle. Je n’ai plus qu’à recevoir la récompense du vainqueur&nbsp;; dans sa justice, le Seigneur, le juge impartial, me la remettra en ce jour-là. Non pas seulement à moi, mais aussi à ceux qui désirent sa venue</i>. Tu vois comment il nous appelle tous à partager son sort. Et puisque cela est offert à tous, nous devons tous nous efforcer de mériter ces biens qui nous sont promis.</p> <p>Ne regardons pas seulement en saint Paul l’éminence et l’ampleur de ses hauts faits, mais aussi la vigueur de son désir qui l’a fait parvenir à une telle grâce, alors qu’il est de la même nature que nous, partageant avec nous toutes ses ressources. Ainsi les exploits les plus ardus nous paraîtront faciles et doux et en peinant pendant cette vie brève, nous parviendrons à remporter la couronne impérissable et immortelle par la grâce et la bonté de Jésus Christ notre Seigneur, à qui appartiennent gloire et puissance, maintenant et toujours et pour les siècles des siècles. Amen.</p>",
      "responsory": "<p>R/ En Dieu notre confiance&nbsp;: il nous pourvoit de tout avec générosité.</p> Combats le bon combat, conquiers la vie éternelle à laquelle tu as été appelé.</p> N’amassez pas de trésor sur la terre mais dans le ciel, et débordez d’action de grâce.</p>"
    }
  },
  "vespers": {
    "evangelicAntiphon": {
      "common": "Vivons avec justice et droiture, attendons la venue du Seigneur."
    }
  },
  "oration": [
    "Dieu qui as donné à Tite et à Timothée une vertu digne des Apôtres, fais que soutenus par leurs prières, vivant avec justice et piété dans ce monde, nous parvenions au ciel, notre patrie."
  ]
}