{
  "celebration": {
    "title": "Saint Vincent",
    "subtitle": "diacre et martyr",
    "description": "Vincent, diacre de Saragosse, fut mis à mort à Valence (Espagne) avec son évêque Valère en 304 ou 305, après avoir subi la torture. Comme Laurent de Rome, Vincent offre le modèle accompli du service dans l’Église : ministre de l’évêque pour l’offrande du sacrifice et le gouvernement de la communauté, le diacre doit l’accompagner aussi à l’heure suprême du témoignage.",
    "commons": [
      "martyrs"
    ],
    "grade": 12,
    "color": "red"
  },
  "readings": {
    "patristicReading": {
      "title": "Homélie de Saint Augustin pour la fête de Saint Vincent",
      "subtitle": "",
      "content": "<p><i>Dieu vous fait la grâce à l’égard du Christ</i>, dit Saint Paul, <i>non seulement de croire en lui, mais encore de souffrir pour lui</i>.<br>Le diacre Vincent avait reçu l'un et l'autre. Car s'il ne les avait pas reçus, qu'aurait-il gardé? Il gardait confiance en parlant, il gardait patience en souffrant.<br>Que nul ne présume donc de son cœur, quand il prononce la parole; que nul ne se confie à ses forces quand il subit l'épreuve. En effet, lorsque nous disons sagement de bonnes choses, notre sagesse vient de Dieu, et lorsque nous souffrons courageusement de mauvaises choses, notre patience vient de lui.<br>Rappelez-vous le Christ Seigneur avertissant ses disciples dans l'Évangile; rappelez-vous le Roi des martyrs munissant ses cohortes d'armes spirituelles, leur annonçant la guerre, leur fournissant des secours, leur promettant des récompenses. Après avoir dit à ses disciples: <i>En ce monde, vous serez opprimés</i>, il ajoute aussitôt pour calmer leur terreur: <i>Mais ayez confiance, j'ai vaincu le monde</i>.<br>Pourquoi donc nous étonner, mes très chers, si Vincent a été vainqueur en celui par qui le monde fut vaincu? <i>En ce monde, vous serez opprimés</i>. Le monde opprime, mais ne supprime pas; il peut combattre, mais non abattre.<br>Le monde lance deux armées contre les soldats du Christ. Il flatte pour tromper, il terrorise pour briser. Que notre propre plaisir ne nous paralyse pas, que la cruauté d'autrui ne nous terrorise pas, et le monde est vaincu.<br>Dans les deux cas le Christ se présente, et le chrétien n'est pas vaincu. Si l'on considère, dans ce martyre, la persévérance de l'homme, on le trouve d'abord incroyable; si l'on y reconnaît la puissance de Dieu, il n'est plus invraisemblable.<br>Une telle cruauté s'acharnait sur le corps du martyr et une telle tranquillité s'exprimait dans sa voix, un tel raffinement de supplices s'attaquait à ses membres et un tel apaisement résonnait dans ses paroles que nous pensions : chose étonnante, c'est Vincent qui est la victime, et on en torture un autre qui ne parle pas.<br>Et vraiment, mes frères, c'était cela, c'était tout à fait cela: c'est un autre qui parlait. Car Jésus en a fait la promesse à ses témoins qu'il préparait à de tels combats. Il leur dit, selon l'Évangile: <i>Ne vous tourmentez pas pour savoir ce que vous direz ni comment vous le direz. Car ce n'est pas vous qui parlerez, c'est l'Esprit de votre Père qui parlera en vous</i>.<br>La chair souffrait, l'Esprit parlait, et la parole de l'Esprit non seulement condamnait l'incroyance, mais encore soutenait l'impuissance.</p>"
    }
  },
  "oration": [
    "Dieu éternel et tout-puissant, daigne répandre en nous ton Esprit&nbsp: que nos cœurs soient fortifiés par cet amour qui aidait saint Vincent à tenir sous la torture."
  ]
}